Unnamed: 0,Crop,N,P,K,ph,rainfall,temperature,season
10182,barley,70,40,45,5.54,75.32,22.676,Rabi
16280,sunflower,50,60,30,5.54,297.66,29.56666667,Whole Year
54944,sweetpotato,90,20,120,5.02,689.88,29.03727273,Kharif
98212,rice,80,40,40,5.66,297.66,29.56666667,Kharif
52108,soyabean,20,60,20,5.38,1011.49,30.43,Kharif
26970,jowar,80,40,40,5.52,1246.715,22.6,Rabi
25754,potato,180,60,90,5.08,1026.64,29.18636364,Rabi
56970,rice,80,40,40,5.4,840.46,33.58333333,Kharif
96996,turmeric,25,60,100,4.84,1050.245,18.77818182,Kharif
85334,jute,80,40,40,5.5,1166.94,28.33333333,Kharif
78136,rice,80,40,40,5.52,182.5,29.2,Kharif
53116,turmeric,25,60,100,5.0,1426.3,26.73636364,Kharif
34975,potato,180,60,90,5.1,1111.68,28.64818182,Rabi
11386,maize,80,40,20,5.32,1543.76,27.33333333,Kharif
86852,maize,80,40,20,5.5,98.98,34.92333333,Kharif
84135,moong,20,40,20,5.56,1220.22,27.26666667,Kharif
43191,onion,120,60,65,6.14,1603.2375,22.89090909,Kharif
56641,turmeric,25,60,100,5.1,2169.32,23.73636364,Kharif
98407,onion,120,60,65,5.94,98.94,25.574,Rabi
89586,moong,20,40,20,5.6,207.55,26.43333333,Kharif
43620,cabbage,100,65,70,6.62,1111.68,28.64818182,Rabi
149,ragi,50,40,20,5.62,654.34,29.26666667,Kharif
62966,barley,70,40,45,5.5,169.82,14.6,Rabi
72395,banana,100,75,50,6.58,810.26,29.95636364,Whole Year
66119,rice,80,40,40,5.48,1997.12,27.0,Kharif
34476,jowar,80,40,40,5.52,1246.715,22.6,Kharif
63279,maize,80,40,20,5.5,654.34,29.26666667,Summer
28012,barley,70,40,45,5.4,73.47,23.562,Rabi
51485,moong,20,40,20,5.64,199.2125,21.3,Kharif
31451,rice,80,40,40,5.34,288.3,25.46,Kharif
80584,onion,120,60,65,6.14,199.2125,21.3,Rabi
28852,barley,70,40,45,5.46,70.598,18.92,Rabi
51853,rapeseed,50,40,20,4.98,73.47,23.562,Rabi
9672,banana,100,75,50,6.36,884.5,27.65454545,Whole Year
47840,onion,120,60,65,6.16,75.32,22.676,Rabi
14423,jowar,80,40,40,5.64,607.48,26.36666667,Kharif
49951,wheat,60,30,30,6.9,87.2,23.106,Rabi
40471,moong,20,40,20,5.36,127.68,20.8,Summer
1349,onion,120,60,65,6.14,810.26,29.95636364,Rabi
40393,rice,80,40,40,5.5,1712.66,11.2,Kharif
66622,jute,80,40,40,5.52,1011.49,30.43,Kharif
42575,sunflower,50,60,30,5.58,199.2125,21.3,Whole Year
78646,turmeric,25,60,100,5.06,2169.32,23.73636364,Kharif
8959,moong,20,40,20,5.62,510.05,33.37333333,Summer
48602,turmeric,25,60,100,4.92,1501.98,25.81818182,Kharif
51089,ragi,50,40,20,5.4,1246.715,22.6,Kharif
14644,banana,100,75,50,6.6,1350.025,26.01818182,Whole Year
37286,moong,20,40,20,5.46,510.05,33.37333333,Summer
61337,barley,70,40,45,5.38,140.52,12.5,Rabi
10012,maize,80,40,20,5.68,579.75,34.01,Summer
82358,rice,80,40,40,5.64,423.745,22.07,Kharif
27063,horsegram,20,60,20,5.86,199.2125,21.3,Kharif
29799,coriander,10,20,20,6.68,556.2,28.54545455,Rabi
71803,ragi,50,40,20,5.5,840.46,33.58333333,Kharif
9555,rice,80,40,40,5.4,297.66,29.56666667,Kharif
59863,potato,180,60,90,4.9,1111.68,28.64818182,Rabi
43046,mango,20,20,30,5.18,1603.2375,22.89090909,Summer
6650,maize,80,40,20,5.44,199.2125,21.3,Summer
39039,barley,70,40,45,5.56,75.32,22.676,Rabi
44892,tomato,100,40,90,6.02,714.68,26.45454545,Whole Year
74951,rice,80,40,40,5.64,702.459,27.23333333,Kharif
69411,cotton,120,40,20,5.52,579.75,34.01,Kharif
56214,rice,80,40,40,5.54,288.3,25.46,Kharif
67303,jowar,80,40,40,5.68,607.48,26.36666667,Kharif
31436,horsegram,20,60,20,5.94,654.34,29.26666667,Rabi
98924,moong,20,40,20,5.66,579.75,34.01,Summer
69827,wheat,60,30,30,6.5,75.32,22.676,Rabi
75576,jowar,80,40,40,5.34,162.72,29.4,Rabi
2544,wheat,60,30,30,6.9,167.38,23.56,Rabi
47869,rapeseed,50,40,20,5.16,75.32,22.676,Rabi
85671,horsegram,20,60,20,6.1,288.3,25.46,Rabi
65330,onion,120,60,65,5.86,122.42,18.58,Kharif
35259,brinjal,80,15,40,6.48,1111.68,28.64818182,Whole Year
79014,moong,20,40,20,5.52,840.46,33.58333333,Summer
96264,garlic,50,10,60,5.46,1111.68,28.64818182,Rabi
59968,rice,80,40,40,5.54,607.48,26.36666667,Kharif
97802,coriander,10,20,20,6.66,556.2,28.54545455,Rabi
72559,barley,70,40,45,5.4,240.1,10.38,Rabi
56322,maize,80,40,20,5.56,288.3,25.46,Summer
66885,coriander,10,20,20,6.36,1111.68,28.64818182,Rabi
82537,wheat,60,30,30,6.6,70.598,18.92,Rabi
46886,moong,20,40,20,5.4,297.66,29.56666667,Summer
1966,maize,80,40,20,5.32,1011.49,30.43,Kharif
76964,potato,180,60,90,4.92,75.32,22.676,Rabi
77524,maize,80,40,20,5.32,34.81,34.66666667,Kharif
54572,banana,100,75,50,6.38,942.8,28.99454545,Whole Year
27067,wheat,60,30,30,6.12,199.2125,21.3,Rabi
45509,onion,120,60,65,6.06,1426.3,26.73636364,Kharif
58229,onion,120,60,65,5.88,240.1,10.38,Kharif
9239,garlic,50,10,60,5.34,556.2,28.54545455,Rabi
64987,wheat,60,30,30,6.3,15.34,27.276,Rabi
45442,horsegram,20,60,20,6.12,1145.22,28.5,Rabi
71173,potato,180,60,90,4.94,2169.32,23.73636364,Rabi
43708,potato,180,60,90,4.9,1111.68,28.64818182,Rabi
53496,jute,80,40,40,5.54,1145.22,28.5,Kharif
72140,potato,180,60,90,5.12,1151.02,28.03333333,Rabi
1574,horsegram,20,60,20,6.02,199.2125,21.3,Kharif
73395,horsegram,20,60,20,6.18,1246.715,22.6,Rabi
78582,blackgram,40,60,20,4.96,127.68,20.8,Kharif
69080,sunflower,50,60,30,5.44,942.8,28.99454545,Whole Year
55488,jowar,80,40,40,5.62,579.75,34.01,Kharif
585,rapeseed,50,40,20,4.84,127.68,20.8,Rabi
27173,rice,80,40,40,5.36,157.31,25.83333333,Kharif
6211,banana,100,75,50,6.52,810.26,29.95636364,Whole Year
44803,ragi,50,40,20,5.36,607.48,26.36666667,Kharif
43599,brinjal,80,15,40,6.44,1111.68,28.64818182,Whole Year
33918,wheat,60,30,30,6.3,122.42,18.58,Rabi
41880,moong,20,40,20,5.6,790.98,30.61666667,Kharif
43157,cardamom,75,75,150,4.84,1603.2375,22.89090909,Kharif
51262,jowar,80,40,40,5.64,1246.715,22.6,Kharif
97792,cotton,120,40,20,5.36,510.05,33.37333333,Kharif
57810,garlic,50,10,60,5.5,810.26,29.95636364,Rabi
46093,potato,180,60,90,4.82,556.2,28.54545455,Rabi
22506,moong,20,40,20,5.42,510.05,33.37333333,Kharif
85551,moong,20,40,20,5.32,182.5,29.2,Kharif
34273,banana,100,75,50,6.34,1603.2375,22.89090909,Whole Year
99203,moong,20,40,20,5.32,34.81,34.66666667,Summer
1956,wheat,60,30,30,6.11,73.47,23.562,Rabi
78406,jowar,80,40,40,5.36,654.34,29.26666667,Rabi
29962,jowar,80,40,40,5.46,297.66,29.56666667,Rabi
17037,onion,120,60,65,5.84,689.88,29.03727273,Kharif
53582,maize,80,40,20,5.36,1145.22,28.5,Summer
99778,rice,80,40,40,5.66,152.54,22.28,Kharif
38857,rapeseed,50,40,20,5.06,75.32,22.676,Rabi
29131,moong,20,40,20,5.58,1145.22,28.5,Kharif
60688,horsegram,20,60,20,6.04,113.7,30.26666667,Rabi
85510,barley,70,40,45,5.34,152.54,22.28,Rabi
32936,wheat,60,30,30,6.9,87.2,23.106,Rabi
18360,onion,120,60,65,6.04,2169.32,23.73636364,Kharif
17617,jute,80,40,40,5.4,1166.94,28.33333333,Kharif
94881,potato,180,60,90,5.04,240.1,10.38,Rabi
65588,garlic,50,10,60,5.66,1603.2375,22.89090909,Rabi
19591,maize,80,40,20,5.44,331.88,35.34666667,Kharif
8092,rice,80,40,40,5.4,40.023,23.14,Kharif
47148,turmeric,25,60,100,5.18,942.8,28.99454545,Kharif
75375,rapeseed,50,40,20,4.9,167.38,23.56,Rabi
17953,ragi,50,40,20,5.54,654.34,29.26666667,Kharif
98790,sweetpotato,90,20,120,4.98,579.75,34.01,Rabi
27876,ragi,50,40,20,5.66,1011.49,30.43,Kharif
53641,rice,80,40,40,5.46,411.52,34.73,Kharif
52090,jowar,80,40,40,5.64,1011.49,30.43,Kharif
51713,coriander,10,20,20,6.66,1111.68,28.64818182,Rabi
67436,cotton,120,40,20,5.6,56.236,15.852,Kharif
36439,rice,80,40,40,5.68,235.4251,26.64666667,Kharif
31553,wheat,60,30,30,6.6,288.3,25.46,Rabi
71654,rice,80,40,40,5.4,87.2,23.106,Kharif
35211,maize,80,40,20,5.44,1011.49,30.43,Summer
19356,maize,80,40,20,5.54,1151.02,28.03333333,Kharif
48433,rapeseed,50,40,20,5.12,152.54,22.28,Rabi
44307,barley,70,40,45,5.56,73.47,23.562,Rabi
42052,rice,80,40,40,5.34,331.88,35.34666667,Kharif
21243,rice,80,40,40,5.36,1011.49,30.43,Kharif
6399,rapeseed,50,40,20,5.08,41.3,21.704,Rabi
40872,potato,180,60,90,4.88,1026.64,29.18636364,Rabi
58794,blackpepper,100,60,50,5.18,1603.2375,22.89090909,Whole Year
44704,mango,20,20,30,5.08,714.68,26.45454545,Summer
47444,onion,120,60,65,6.02,75.32,22.676,Kharif
12723,barley,70,40,45,5.36,240.1,10.38,Rabi
690,rapeseed,50,40,20,5.06,87.2,23.106,Rabi
33209,garlic,50,10,60,5.32,1299.26,26.51818182,Rabi
26243,sunflower,50,60,30,5.58,1151.02,28.03333333,Whole Year
55767,soyabean,20,60,20,5.46,1110.78,25.66666667,Kharif
28829,wheat,60,30,30,6.9,70.598,18.92,Rabi
13773,onion,120,60,65,6.0,1111.68,28.64818182,Kharif
89735,horsegram,20,60,20,5.98,167.38,23.56,Kharif
36647,wheat,60,30,30,6.6,167.38,23.56,Rabi
41436,maize,80,40,20,5.5,98.98,34.92333333,Kharif
91896,sweetpotato,90,20,120,4.96,579.75,34.01,Kharif
54403,horsegram,20,60,20,5.96,297.66,29.56666667,Kharif
73913,maize,80,40,20,5.6,1011.49,30.43,Kharif
92271,maize,80,40,20,5.58,579.75,34.01,Kharif
75832,rice,80,40,40,5.54,510.05,33.37333333,Kharif
40714,orange,20,10,10,4.04,2169.32,23.73636364,Whole Year
7842,maize,80,40,20,5.62,607.48,26.36666667,Kharif
56693,moong,20,40,20,5.52,127.68,20.8,Kharif
78761,onion,120,60,65,5.98,2169.32,23.73636364,Kharif
87120,onion,120,60,65,6.06,1299.26,26.51818182,Kharif
23189,cotton,120,40,20,5.62,297.66,29.56666667,Kharif
82902,rice,80,40,40,5.38,1145.22,28.5,Kharif
25857,banana,100,75,50,6.34,1026.64,29.18636364,Whole Year
63198,rice,80,40,40,5.58,152.54,22.28,Kharif
33674,moong,20,40,20,5.38,664.94,22.03333333,Kharif
64495,rapeseed,50,40,20,5.1,94.02,22.38,Rabi
95035,rice,80,40,40,5.4,157.31,25.83333333,Kharif
33806,wheat,60,30,30,6.3,293.36,14.7,Rabi
28438,maize,80,40,20,5.62,70.11,25.6,Summer
58405,rice,80,40,40,5.36,122.42,18.58,Kharif
25913,banana,100,75,50,6.48,1026.64,29.18636364,Whole Year
23690,rice,80,40,40,5.5,34.81,34.66666667,Kharif
84911,barley,70,40,45,5.56,75.32,22.676,Rabi
68182,cotton,120,40,20,5.68,510.05,33.37333333,Kharif
29054,turmeric,25,60,100,4.84,1426.3,26.73636364,Kharif
63377,maize,80,40,20,5.38,288.3,25.46,Summer
98664,onion,120,60,65,6.02,75.32,22.676,Kharif
50792,wheat,60,30,30,6.11,122.42,18.58,Rabi
55940,rice,80,40,40,5.62,1166.94,28.33333333,Kharif
49161,sweetpotato,90,20,120,5.02,2169.32,23.73636364,Rabi
69703,rapeseed,50,40,20,5.06,75.32,22.676,Rabi
50036,rapeseed,50,40,20,4.96,94.02,22.38,Rabi
87306,moong,20,40,20,5.64,790.98,30.61666667,Kharif
52343,jowar,80,40,40,5.46,1011.49,30.43,Rabi
52561,wheat,60,30,30,6.11,70.11,25.6,Rabi
13943,rapeseed,50,40,20,5.06,73.47,23.562,Rabi
30854,maize,80,40,20,5.48,75.32,22.676,Kharif
23646,potato,180,60,90,5.06,689.88,29.03727273,Rabi
96776,jowar,80,40,40,5.44,607.48,26.36666667,Rabi
12772,horsegram,20,60,20,6.1,664.94,22.03333333,Rabi
12717,barley,70,40,45,5.38,240.1,10.38,Rabi
44931,bittergourd,60,10,20,6.44,1350.025,26.01818182,Kharif
32347,maize,80,40,20,5.48,840.46,33.58333333,Kharif
58539,jowar,80,40,40,5.38,1246.715,22.6,Rabi
92289,moong,20,40,20,5.6,579.75,34.01,Kharif
75568,cotton,120,40,20,5.6,3.274569,29.0,Kharif
90759,turmeric,25,60,100,4.96,884.5,27.65454545,Kharif
2129,barley,70,40,45,5.42,73.47,23.562,Rabi
19805,soyabean,20,60,20,5.34,664.94,22.03333333,Kharif
44443,maize,80,40,20,5.48,1011.49,30.43,Summer
17093,maize,80,40,20,5.4,579.75,34.01,Kharif
98090,wheat,60,30,30,6.11,140.52,12.5,Rabi
67825,moong,20,40,20,5.4,1145.22,28.5,Summer
93047,cotton,120,40,20,5.6,654.34,29.26666667,Kharif
7340,sweetpotato,90,20,120,4.88,2817.86,27.90909091,Kharif
20777,cotton,120,40,20,5.38,1011.49,30.43,Kharif
62373,wheat,60,30,30,6.6,75.32,22.676,Rabi
61685,blackpepper,100,60,50,5.14,884.5,27.65454545,Whole Year
74633,sunflower,50,60,30,5.54,607.48,26.36666667,Whole Year
98114,rice,80,40,40,5.6,297.66,29.56666667,Kharif
63433,cotton,120,40,20,5.68,654.34,29.26666667,Kharif
91893,moong,20,40,20,5.38,579.75,34.01,Kharif
51206,maize,80,40,20,5.5,1246.715,22.6,Summer
13093,turmeric,25,60,100,5.12,1603.2375,22.89090909,Kharif
26915,horsegram,20,60,20,5.88,516.68,27.86666667,Kharif
40901,moong,20,40,20,5.5,98.98,34.92333333,Summer
76143,turmeric,25,60,100,4.98,884.5,27.65454545,Kharif
63268,ragi,50,40,20,5.62,288.3,25.46,Kharif
64899,jowar,80,40,40,5.44,790.98,30.61666667,Rabi
86870,maize,80,40,20,5.42,840.46,33.58333333,Summer
50864,wheat,60,30,30,6.5,122.42,18.58,Rabi
83317,wheat,60,30,30,6.1,19.38,22.766,Rabi
70249,soyabean,20,60,20,5.56,1110.78,25.66666667,Kharif
26683,barley,70,40,45,5.52,41.3,21.704,Rabi
97790,sweetpotato,90,20,120,4.9,556.2,28.54545455,Rabi
8580,potato,180,60,90,5.16,167.38,23.56,Rabi
14463,soyabean,20,60,20,5.5,607.48,26.36666667,Kharif
8296,horsegram,20,60,20,5.88,167.38,23.56,Rabi
24965,jowar,80,40,40,5.46,654.34,29.26666667,Rabi
1747,horsegram,20,60,20,6.08,199.2125,21.3,Rabi
3904,rapeseed,50,40,20,5.08,75.32,22.676,Rabi
81799,rapeseed,50,40,20,4.94,73.47,23.562,Rabi
82497,rice,80,40,40,5.44,207.55,26.43333333,Kharif
226,sunflower,50,60,30,5.46,1712.66,11.2,Whole Year
6153,rice,80,40,40,5.44,790.98,30.61666667,Kharif
19972,rice,80,40,40,5.68,1246.715,22.6,Kharif
84145,rice,80,40,40,5.32,1220.22,27.26666667,Kharif
91462,rice,80,40,40,5.68,34.81,34.66666667,Kharif
866,onion,120,60,65,5.88,1026.64,29.18636364,Kharif
14238,garlic,50,10,60,5.42,1111.68,28.64818182,Rabi
15469,rice,80,40,40,5.48,113.7,30.26666667,Kharif
33350,onion,120,60,65,5.96,810.26,29.95636364,Kharif
70106,sunflower,50,60,30,5.62,34.81,34.66666667,Whole Year
22088,sweetpotato,90,20,120,5.1,1426.3,26.73636364,Rabi
93075,maize,80,40,20,5.5,1712.66,11.2,Summer
98550,sweetpotato,90,20,120,5.12,579.75,34.01,Kharif
24499,horsegram,20,60,20,6.12,152.54,22.28,Kharif
55307,onion,120,60,65,5.84,689.88,29.03727273,Kharif
60793,moong,20,40,20,5.38,113.7,30.26666667,Summer
87,rice,80,40,40,5.4,288.3,25.46,Kharif
94484,rapeseed,50,40,20,5.02,15.34,27.276,Rabi
70050,maize,80,40,20,5.34,579.75,34.01,Summer
93437,blackpepper,100,60,50,5.12,2169.32,23.73636364,Whole Year
31737,ragi,50,40,20,5.38,288.3,25.46,Kharif
1318,potato,180,60,90,5.18,810.26,29.95636364,Rabi
59525,wheat,60,30,30,6.9,73.47,23.562,Rabi
62357,maize,80,40,20,5.34,579.75,34.01,Summer
95125,wheat,60,30,30,6.6,199.2125,21.3,Rabi
88980,jowar,80,40,40,5.42,73.47,23.562,Rabi
51643,rice,80,40,40,5.52,1997.12,27.0,Kharif
62929,soyabean,20,60,20,5.36,1110.78,25.66666667,Kharif
7144,sunflower,50,60,30,5.32,1246.715,22.6,Whole Year
55649,ragi,50,40,20,5.44,1110.78,25.66666667,Kharif
4193,potato,180,60,90,4.98,689.88,29.03727273,Rabi
74673,sunflower,50,60,30,5.62,37.09,27.96666667,Whole Year
59714,moong,20,40,20,5.36,1011.49,30.43,Summer
39158,barley,70,40,45,5.36,75.32,22.676,Rabi
3716,jowar,80,40,40,5.46,579.75,34.01,Rabi
78319,ragi,50,40,20,5.64,654.34,29.26666667,Kharif
68381,garlic,50,10,60,5.4,556.2,28.54545455,Rabi
28759,maize,80,40,20,5.4,207.55,26.43333333,Summer
7633,rice,80,40,40,5.62,1011.49,30.43,Kharif
6062,ragi,50,40,20,5.46,840.46,33.58333333,Kharif
45825,cotton,120,40,20,5.68,411.52,34.73,Kharif
96448,jowar,80,40,40,5.46,1011.49,30.43,Kharif
54724,coriander,10,20,20,6.54,942.8,28.99454545,Rabi
65437,rice,80,40,40,5.54,976.06,25.66666667,Kharif
40864,maize,80,40,20,5.32,87.2,23.106,Summer
41254,barley,70,40,45,5.64,87.2,23.106,Rabi
99428,garlic,50,10,60,5.42,1411.78,19.94545455,Rabi
20225,sunflower,50,60,30,5.58,199.2125,21.3,Whole Year
12691,rice,80,40,40,5.36,664.94,22.03333333,Kharif
59914,maize,80,40,20,5.36,1011.49,30.43,Kharif
14411,maize,80,40,20,5.36,607.48,26.36666667,Summer
21599,wheat,60,30,30,6.5,70.11,25.6,Rabi
20016,sunflower,50,60,30,5.4,157.31,25.83333333,Whole Year
53336,wheat,60,30,30,6.8,113.7,30.26666667,Rabi
60541,rice,80,40,40,5.42,1145.22,28.5,Kharif
76692,barley,70,40,45,5.5,75.32,22.676,Rabi
93760,maize,80,40,20,5.36,840.46,33.58333333,Summer
52673,banana,100,75,50,6.4,1350.025,26.01818182,Whole Year
5222,cotton,120,40,20,5.64,1543.76,27.33333333,Kharif
32157,rice,80,40,40,5.44,497.88,25.03333333,Kharif
72041,maize,80,40,20,5.34,1151.02,28.03333333,Kharif
43062,moong,20,40,20,5.32,199.2125,21.3,Summer
75112,rapeseed,50,40,20,4.88,70.598,18.92,Rabi
22724,moong,20,40,20,5.42,510.05,33.37333333,Kharif
16861,ragi,50,40,20,5.42,75.32,22.676,Kharif
98372,cotton,120,40,20,5.68,770.44,28.68,Kharif
52859,cotton,120,40,20,5.32,235.4251,26.64666667,Kharif
71288,barley,70,40,45,5.36,87.2,23.106,Rabi
88820,rice,80,40,40,5.56,1111.68,28.64818182,Kharif
27853,coriander,10,20,20,6.6,1111.68,28.64818182,Rabi
60072,moong,20,40,20,5.36,607.48,26.36666667,Summer
48184,wheat,60,30,30,6.7,75.32,22.676,Rabi
43132,tomato,100,40,90,5.96,1603.2375,22.89090909,Whole Year
56083,sunflower,50,60,30,5.4,1037.32,28.08181818,Whole Year
25771,rice,80,40,40,5.5,840.46,33.58333333,Kharif
16895,sunflower,50,60,30,5.44,579.75,34.01,Whole Year
91841,soyabean,20,60,20,5.64,579.75,34.01,Kharif
56900,rice,80,40,40,5.64,87.2,23.106,Kharif
82907,horsegram,20,60,20,6.0,167.38,23.56,Rabi
42224,rice,80,40,40,5.54,331.88,35.34666667,Kharif
95995,cotton,120,40,20,5.56,1011.49,30.43,Kharif
21201,coriander,10,20,20,6.36,1111.68,28.64818182,Rabi
578,sweetpotato,90,20,120,5.1,2169.32,23.73636364,Kharif
58331,rice,80,40,40,5.64,516.68,27.86666667,Kharif
64622,potato,180,60,90,5.06,94.02,22.38,Rabi
18811,maize,80,40,20,5.48,840.46,33.58333333,Summer
92864,maize,80,40,20,5.36,654.34,29.26666667,Kharif
9451,sweetpotato,90,20,120,5.1,884.5,27.65454545,Rabi
99396,sweetpotato,90,20,120,5.18,579.75,34.01,Kharif
67508,sunflower,50,60,30,5.6,207.55,26.43333333,Whole Year
12931,coriander,10,20,20,6.6,1603.2375,22.89090909,Rabi
87645,banana,100,75,50,6.64,1603.2375,22.89090909,Whole Year
80914,onion,120,60,65,6.1,1246.715,22.6,Rabi
76891,barley,70,40,45,5.64,75.32,22.676,Rabi
66759,sweetpotato,90,20,120,4.88,1111.68,28.64818182,Rabi
80133,moong,20,40,20,5.44,331.88,35.34666667,Summer
1402,rice,80,40,40,5.54,810.26,29.95636364,Kharif
64871,potato,180,60,90,5.08,810.26,29.95636364,Rabi
34109,garlic,50,10,60,5.48,1603.2375,22.89090909,Rabi
46409,onion,120,60,65,6.16,884.5,27.65454545,Rabi
95535,sunflower,50,60,30,5.66,1246.715,22.6,Whole Year
63799,sweetpotato,90,20,120,4.96,2169.32,23.73636364,Rabi
74058,rapeseed,50,40,20,5.16,73.47,23.562,Rabi
29238,onion,120,60,65,6.04,1426.3,26.73636364,Kharif
93696,rice,80,40,40,5.58,840.46,33.58333333,Kharif
7335,rice,80,40,40,5.44,330.0,29.33333333,Kharif
28665,sweetpotato,90,20,120,5.18,1050.245,18.77818182,Rabi
39124,maize,80,40,20,5.5,579.75,34.01,Kharif
89604,ragi,50,40,20,5.66,207.55,26.43333333,Kharif
33561,potato,180,60,90,5.08,421.14,28.50727273,Rabi
62602,maize,80,40,20,5.66,579.75,34.01,Kharif
11680,maize,80,40,20,5.36,87.2,23.106,Kharif
65636,jowar,80,40,40,5.56,1246.715,22.6,Kharif
48125,wheat,60,30,30,6.8,75.32,22.676,Rabi
40060,jowar,80,40,40,5.48,288.3,25.46,Kharif
4878,moong,20,40,20,5.56,654.34,29.26666667,Kharif
1045,maize,80,40,20,5.38,87.2,23.106,Kharif
33616,rapeseed,50,40,20,4.94,41.3,21.704,Rabi
58320,potato,180,60,90,4.98,516.68,27.86666667,Rabi
17775,onion,120,60,65,5.9,288.3,25.46,Rabi
89207,moong,20,40,20,5.46,607.48,26.36666667,Kharif
36920,coriander,10,20,20,6.62,1426.3,26.73636364,Rabi
52363,soyabean,20,60,20,5.44,70.11,25.6,Kharif
95660,banana,100,75,50,6.58,1603.2375,22.89090909,Whole Year
81035,moong,20,40,20,5.6,1246.715,22.6,Summer
18353,maize,80,40,20,5.56,1543.76,27.33333333,Kharif
75142,soyabean,20,60,20,5.6,207.55,26.43333333,Kharif
856,barley,70,40,45,5.58,87.2,23.106,Rabi
85004,sweetpotato,90,20,120,5.06,579.75,34.01,Rabi
32253,sweetpotato,90,20,120,4.86,2169.32,23.73636364,Rabi
35420,papaya,50,50,50,6.16,1111.68,28.64818182,Whole Year
57643,soyabean,20,60,20,5.6,1151.02,28.03333333,Kharif
20670,rice,80,40,40,5.4,490.74,27.6,Kharif
7333,rice,80,40,40,5.36,1997.12,27.0,Kharif
5799,wheat,60,30,30,6.12,87.2,23.106,Rabi
38453,moong,20,40,20,5.36,770.44,28.68,Summer
13953,maize,80,40,20,5.44,1011.49,30.43,Kharif
74515,potato,180,60,90,4.9,1111.68,28.64818182,Rabi
30147,rice,80,40,40,5.46,770.44,28.68,Kharif
32178,banana,100,75,50,6.36,2169.32,23.73636364,Whole Year
54866,rapeseed,50,40,20,5.14,75.32,22.676,Rabi
94963,rapeseed,50,40,20,5.06,122.42,18.58,Rabi
87370,wheat,60,30,30,6.6,41.3,21.704,Rabi
7126,rice,80,40,40,5.56,199.2125,21.3,Kharif
57665,rapeseed,50,40,20,5.1,94.02,22.38,Rabi
40454,moong,20,40,20,5.48,127.68,20.8,Kharif
4272,rice,80,40,40,5.44,579.75,34.01,Kharif
99158,moong,20,40,20,5.68,34.81,34.66666667,Kharif
83377,moong,20,40,20,5.6,510.05,33.37333333,Kharif
821,maize,80,40,20,5.34,98.98,34.92333333,Summer
96311,wheat,60,30,30,6.11,73.47,23.562,Rabi
77114,onion,120,60,65,6.02,34.81,34.66666667,Rabi
69777,potato,180,60,90,5.12,75.32,22.676,Rabi
12885,ragi,50,40,20,5.36,1246.715,22.6,Kharif
65237,potato,180,60,90,5.0,1098.26,15.5,Rabi
78939,sweetpotato,90,20,120,5.18,2169.32,23.73636364,Kharif
77759,horsegram,20,60,20,5.98,1110.78,25.66666667,Kharif
5309,turmeric,25,60,100,5.12,2169.32,23.73636364,Kharif
77587,rapeseed,50,40,20,4.96,75.32,22.676,Rabi
98988,maize,80,40,20,5.68,579.75,34.01,Kharif
35471,rapeseed,50,40,20,4.96,73.47,23.562,Rabi
15217,rice,80,40,40,5.64,167.38,23.56,Kharif
71100,moong,20,40,20,5.42,127.68,20.8,Kharif
22128,horsegram,20,60,20,6.16,1145.22,28.5,Rabi
58662,sunflower,50,60,30,5.5,157.31,25.83333333,Whole Year
60296,soyabean,20,60,20,5.46,235.4251,26.64666667,Kharif
18685,rice,80,40,40,5.34,840.46,33.58333333,Kharif
56236,rice,80,40,40,5.42,288.3,25.46,Kharif
51378,maize,80,40,20,5.38,1246.715,22.6,Kharif
84311,wheat,60,30,30,6.12,75.32,22.676,Rabi
89751,rapeseed,50,40,20,5.14,167.38,23.56,Rabi
34150,ragi,50,40,20,5.62,1246.715,22.6,Kharif
41350,sunflower,50,60,30,5.64,840.46,33.58333333,Whole Year
59680,soyabean,20,60,20,5.38,1011.49,30.43,Kharif
70286,horsegram,20,60,20,5.88,1110.78,25.66666667,Rabi
67550,potato,180,60,90,5.1,207.55,26.43333333,Rabi
6925,soyabean,20,60,20,5.38,1246.715,22.6,Kharif
23910,rapeseed,50,40,20,4.94,75.32,22.676,Rabi
90378,potato,180,60,90,4.92,556.2,28.54545455,Rabi
55758,moong,20,40,20,5.6,131.18,23.13333333,Kharif
32941,coriander,10,20,20,6.58,1026.64,29.18636364,Rabi
19160,turmeric,25,60,100,5.06,1299.26,26.51818182,Kharif
32090,sweetpotato,90,20,120,5.14,2169.32,23.73636364,Rabi
58709,jowar,80,40,40,5.42,199.2125,21.3,Kharif
76628,rice,80,40,40,5.32,770.44,28.68,Kharif
93728,rapeseed,50,40,20,4.94,87.2,23.106,Rabi
7748,cotton,120,40,20,5.68,607.48,26.36666667,Kharif
71789,ragi,50,40,20,5.68,840.46,33.58333333,Kharif
84888,sweetpotato,90,20,120,4.96,579.75,34.01,Kharif
50205,coriander,10,20,20,6.32,1299.26,26.51818182,Rabi
48361,rice,80,40,40,5.56,1110.78,25.66666667,Kharif
40333,moong,20,40,20,5.62,654.34,29.26666667,Summer
98279,horsegram,20,60,20,5.9,297.66,29.56666667,Rabi
65741,sunflower,50,60,30,5.44,199.2125,21.3,Whole Year
87533,onion,120,60,65,5.82,157.31,25.83333333,Kharif
59915,moong,20,40,20,5.56,1011.49,30.43,Kharif
42714,sunflower,50,60,30,5.42,199.2125,21.3,Whole Year
12469,wheat,60,30,30,6.3,15.34,27.276,Rabi
17172,wheat,60,30,30,6.4,75.32,22.676,Rabi
77307,rapeseed,50,40,20,4.96,75.32,22.676,Rabi
35679,coriander,10,20,20,6.54,1111.68,28.64818182,Rabi
77128,moong,20,40,20,5.58,34.81,34.66666667,Summer
31470,horsegram,20,60,20,5.96,654.34,29.26666667,Kharif
84369,sweetpotato,90,20,120,5.16,579.75,34.01,Kharif
41675,wheat,60,30,30,6.6,94.02,22.38,Rabi
38819,potato,180,60,90,4.86,689.88,29.03727273,Rabi
76798,sunflower,50,60,30,5.5,34.81,34.66666667,Whole Year
5711,jute,80,40,40,5.64,840.46,33.58333333,Kharif
35616,coriander,10,20,20,6.32,1111.68,28.64818182,Rabi
76305,moong,20,40,20,5.68,884.5,27.65454545,Summer
95569,rice,80,40,40,5.66,157.31,25.83333333,Kharif
73364,banana,100,75,50,6.56,1603.2375,22.89090909,Whole Year
575,onion,120,60,65,5.9,2169.32,23.73636364,Kharif
80345,soyabean,20,60,20,5.58,664.94,22.03333333,Kharif
1572,ragi,50,40,20,5.6,1246.715,22.6,Kharif
8020,rice,80,40,40,5.44,37.09,27.96666667,Kharif
47737,onion,120,60,65,6.14,34.81,34.66666667,Rabi
86149,sweetpotato,90,20,120,5.02,2169.32,23.73636364,Kharif
43842,tomato,100,40,90,6.02,1111.68,28.64818182,Whole Year
73894,rice,80,40,40,5.6,330.0,29.33333333,Kharif
27581,rice,80,40,40,5.66,1997.12,27.0,Kharif
84235,garlic,50,10,60,5.42,75.32,22.676,Rabi
34061,grapes,20,125,200,4.04,1603.2375,22.89090909,Whole Year
76080,rice,80,40,40,5.62,1875.6,20.1,Kharif
20070,jowar,80,40,40,5.58,1246.715,22.6,Rabi
46299,wheat,60,30,30,6.8,19.38,22.766,Rabi
1230,rice,80,40,40,5.42,98.98,34.92333333,Kharif
35113,ladyfinger,80,10,40,6.62,1111.68,28.64818182,Summer
10926,horsegram,20,60,20,5.84,152.54,22.28,Rabi
52049,cotton,120,40,20,5.58,1011.49,30.43,Kharif
15323,cotton,120,40,20,5.62,1145.22,28.5,Kharif
14555,jowar,80,40,40,5.46,70.11,25.6,Kharif
70431,wheat,60,30,30,6.5,152.54,22.28,Rabi
44509,cotton,120,40,20,5.38,607.48,26.36666667,Kharif
89273,sunflower,50,60,30,5.34,607.48,26.36666667,Whole Year
50992,moong,20,40,20,5.34,1246.715,22.6,Kharif
57362,coriander,10,20,20,6.52,1026.64,29.18636364,Rabi
64117,moong,20,40,20,5.52,98.98,34.92333333,Kharif
12621,maize,80,40,20,5.38,331.88,35.34666667,Kharif
17052,maize,80,40,20,5.58,579.75,34.01,Kharif
23751,moong,20,40,20,5.52,579.75,34.01,Kharif
27715,rice,80,40,40,5.5,1011.49,30.43,Kharif
5040,rice,80,40,40,5.54,1712.66,11.2,Kharif
68100,barley,70,40,45,5.62,19.38,22.766,Rabi
23515,moong,20,40,20,5.4,75.32,22.676,Summer
21915,rice,80,40,40,5.5,167.38,23.56,Kharif
73037,soyabean,20,60,20,5.68,1246.715,22.6,Kharif
46087,barley,70,40,45,5.58,19.38,22.766,Rabi
11863,maize,80,40,20,5.56,840.46,33.58333333,Kharif
42116,rice,80,40,40,5.38,331.88,35.34666667,Kharif
52450,jowar,80,40,40,5.4,607.48,26.36666667,Kharif
22138,garlic,50,10,60,5.62,1426.3,26.73636364,Rabi
99051,potato,180,60,90,5.04,75.32,22.676,Rabi
10324,rapeseed,50,40,20,5.18,75.32,22.676,Rabi
63586,rice,80,40,40,5.4,1712.66,11.2,Kharif
8285,rice,80,40,40,5.54,167.38,23.56,Kharif
47349,moong,20,40,20,5.46,579.75,34.01,Kharif
45367,rapeseed,50,40,20,4.94,167.38,23.56,Rabi
83539,banana,100,75,50,6.36,884.5,27.65454545,Whole Year
44618,wheat,60,30,30,6.3,70.11,25.6,Rabi
99626,moong,20,40,20,5.68,182.5,29.2,Summer
25620,rice,80,40,40,5.48,840.46,33.58333333,Kharif
278,onion,120,60,65,5.84,2169.32,23.73636364,Rabi
19767,barley,70,40,45,5.38,41.3,21.704,Rabi
93766,maize,80,40,20,5.66,87.2,23.106,Kharif
61395,sweetpotato,90,20,120,5.12,884.5,27.65454545,Rabi
64424,maize,80,40,20,5.34,98.98,34.92333333,Kharif
6234,garlic,50,10,60,5.34,810.26,29.95636364,Rabi
17906,onion,120,60,65,6.06,654.34,29.26666667,Rabi
69897,rice,80,40,40,5.32,579.75,34.01,Kharif
74880,wheat,60,30,30,7.0,70.11,25.6,Rabi
47416,barley,70,40,45,5.32,75.32,22.676,Rabi
83776,maize,80,40,20,5.5,884.5,27.65454545,Kharif
45446,rice,80,40,40,5.4,1145.22,28.5,Kharif
66587,turmeric,25,60,100,4.84,1111.68,28.64818182,Kharif
76168,banana,100,75,50,6.64,884.5,27.65454545,Whole Year
4891,moong,20,40,20,5.52,654.34,29.26666667,Kharif
58377,rice,80,40,40,5.46,976.06,25.66666667,Kharif
32927,horsegram,20,60,20,6.02,840.46,33.58333333,Kharif
29718,onion,120,60,65,5.84,556.2,28.54545455,Kharif
34915,pineapple,160,40,120,6.48,2817.86,27.90909091,Whole Year
65387,wheat,60,30,30,6.5,122.42,18.58,Rabi
24445,rice,80,40,40,5.4,182.5,29.2,Kharif
85313,barley,70,40,45,5.58,169.82,14.6,Rabi
79243,moong,20,40,20,5.36,98.98,34.92333333,Summer
55462,onion,120,60,65,5.82,689.88,29.03727273,Kharif
43535,sweetpotato,90,20,120,5.1,1111.68,28.64818182,Kharif
82196,rice,80,40,40,5.5,607.48,26.36666667,Kharif
2104,maize,80,40,20,5.58,1011.49,30.43,Kharif
9420,banana,100,75,50,6.44,884.5,27.65454545,Whole Year
98323,moong,20,40,20,5.44,98.94,25.574,Kharif
41035,moong,20,40,20,5.42,840.46,33.58333333,Summer
8700,horsegram,20,60,20,5.92,167.38,23.56,Kharif
21004,rapeseed,50,40,20,5.02,73.47,23.562,Rabi
92728,horsegram,20,60,20,6.12,152.54,22.28,Kharif
50923,jowar,80,40,40,5.44,199.2125,21.3,Rabi
89577,ragi,50,40,20,5.44,207.55,26.43333333,Kharif
17840,rice,80,40,40,5.5,654.34,29.26666667,Kharif
77389,rapeseed,50,40,20,5.16,75.32,22.676,Rabi
30939,maize,80,40,20,5.66,75.32,22.676,Kharif
55394,onion,120,60,65,5.82,689.88,29.03727273,Kharif
89380,maize,80,40,20,5.6,607.48,26.36666667,Summer
25174,sweetpotato,90,20,120,5.12,2169.32,23.73636364,Rabi
75149,ragi,50,40,20,5.52,1145.22,28.5,Kharif
96093,garlic,50,10,60,5.64,1111.68,28.64818182,Rabi
57393,maize,80,40,20,5.64,98.98,34.92333333,Kharif
12036,maize,80,40,20,5.46,98.98,34.92333333,Kharif
928,onion,120,60,65,5.92,1026.64,29.18636364,Rabi
42934,maize,80,40,20,5.38,199.2125,21.3,Kharif
20763,cotton,120,40,20,5.44,1011.49,30.43,Kharif
8638,rice,80,40,40,5.68,113.7,30.26666667,Kharif
2174,wheat,60,30,30,6.12,70.11,25.6,Rabi
13370,cotton,120,40,20,5.36,1246.715,22.6,Kharif
1718,horsegram,20,60,20,6.08,199.2125,21.3,Kharif
15741,rapeseed,50,40,20,5.16,19.38,22.766,Rabi
7077,maize,80,40,20,5.34,199.2125,21.3,Kharif
69999,maize,80,40,20,5.44,579.75,34.01,Kharif
81901,potato,180,60,90,4.82,1111.68,28.64818182,Rabi
54069,jowar,80,40,40,5.4,510.05,33.37333333,Rabi
49026,rice,80,40,40,5.6,1712.66,11.2,Kharif
70946,blackpepper,100,60,50,4.96,2169.32,23.73636364,Whole Year
75658,rice,80,40,40,5.66,411.52,34.73,Kharif
72520,barley,70,40,45,5.62,41.3,21.704,Rabi
54405,maize,80,40,20,5.5,297.66,29.56666667,Kharif
86574,moong,20,40,20,5.38,98.98,34.92333333,Summer
17091,cotton,120,40,20,5.42,579.75,34.01,Kharif
53133,coriander,10,20,20,6.6,1426.3,26.73636364,Rabi
29182,potato,180,60,90,5.1,1426.3,26.73636364,Rabi
73443,rice,80,40,40,5.36,157.31,25.83333333,Kharif
20775,onion,120,60,65,5.82,1111.68,28.64818182,Rabi
49883,potato,180,60,90,5.0,1026.64,29.18636364,Rabi
10723,onion,120,60,65,5.82,689.88,29.03727273,Rabi
90449,rice,80,40,40,5.54,510.05,33.37333333,Kharif
80782,moong,20,40,20,5.48,199.2125,21.3,Kharif
69054,moong,20,40,20,5.4,98.94,25.574,Summer
12650,onion,120,60,65,6.08,421.14,28.50727273,Kharif
94358,sweetpotato,90,20,120,5.14,1299.26,26.51818182,Rabi
81834,jowar,80,40,40,5.64,1011.49,30.43,Rabi
64058,jute,80,40,40,5.66,840.46,33.58333333,Kharif
17691,rice,80,40,40,5.62,152.54,22.28,Kharif
2280,maize,80,40,20,5.52,607.48,26.36666667,Kharif
2787,ragi,50,40,20,5.36,1145.22,28.5,Kharif
85930,maize,80,40,20,5.48,1712.66,11.2,Summer
89145,wheat,60,30,30,6.9,70.11,25.6,Rabi
13799,coriander,10,20,20,6.32,1111.68,28.64818182,Rabi
66426,wheat,60,30,30,6.4,73.47,23.562,Rabi
11250,horsegram,20,60,20,5.84,288.3,25.46,Kharif
67652,moong,20,40,20,5.56,167.38,23.56,Kharif
67018,sunflower,50,60,30,5.6,70.11,25.6,Whole Year
10530,maize,80,40,20,5.58,34.81,34.66666667,Summer
29634,rice,80,40,40,5.64,510.05,33.37333333,Kharif
97753,potato,180,60,90,4.94,556.2,28.54545455,Rabi
57455,barley,70,40,45,5.62,87.2,23.106,Rabi
17337,wheat,60,30,30,6.5,75.32,22.676,Rabi
63694,sweetpotato,90,20,120,5.0,2169.32,23.73636364,Rabi
79333,barley,70,40,45,5.44,87.2,23.106,Rabi
89870,maize,80,40,20,5.64,1145.22,28.5,Summer
75032,rice,80,40,40,5.42,235.4251,26.64666667,Kharif
19527,banana,100,75,50,6.32,810.26,29.95636364,Whole Year
4151,wheat,60,30,30,6.11,75.32,22.676,Rabi
8257,wheat,60,30,30,6.3,70.598,18.92,Rabi
35876,rapeseed,50,40,20,4.88,73.47,23.562,Rabi
58189,barley,70,40,45,5.38,240.1,10.38,Rabi
54035,soyabean,20,60,20,5.36,510.05,33.37333333,Kharif
50180,jowar,80,40,40,5.38,1151.02,28.03333333,Rabi
4103,maize,80,40,20,5.38,579.75,34.01,Summer
573,rice,80,40,40,5.32,497.88,25.03333333,Kharif
83080,rice,80,40,40,5.48,411.52,34.73,Kharif
13768,jowar,80,40,40,5.44,73.47,23.562,Rabi
46019,moong,20,40,20,5.54,510.05,33.37333333,Summer
38781,rice,80,40,40,5.5,579.75,34.01,Kharif
50404,potato,180,60,90,5.06,810.26,29.95636364,Rabi
49006,rice,80,40,40,5.52,1712.66,11.2,Kharif
48999,maize,80,40,20,5.6,1712.66,11.2,Summer
28441,jowar,80,40,40,5.42,607.48,26.36666667,Kharif
28945,moong,20,40,20,5.34,1145.22,28.5,Summer
96514,rice,80,40,40,5.6,1011.49,30.43,Kharif
77902,rice,80,40,40,5.64,182.5,29.2,Kharif
14317,wheat,60,30,30,6.5,70.11,25.6,Rabi
27466,horsegram,20,60,20,6.1,199.2125,21.3,Rabi
43936,cotton,120,40,20,5.66,1011.49,30.43,Kharif
57969,rapeseed,50,40,20,5.06,15.34,27.276,Rabi
30598,wheat,60,30,30,6.6,75.32,22.676,Rabi
36048,rice,80,40,40,5.44,37.09,27.96666667,Kharif
24788,maize,80,40,20,5.66,654.34,29.26666667,Kharif
51685,onion,120,60,65,6.1,1111.68,28.64818182,Kharif
14967,jute,80,40,40,5.56,1145.22,28.5,Kharif
35796,banana,100,75,50,6.34,1111.68,28.64818182,Whole Year
78383,maize,80,40,20,5.34,654.34,29.26666667,Kharif
93262,blackpepper,100,60,50,5.08,2169.32,23.73636364,Whole Year
31464,papaya,50,50,50,6.16,1037.32,28.08181818,Whole Year
97099,rice,80,40,40,5.52,207.55,26.43333333,Kharif
81824,soyabean,20,60,20,5.48,1011.49,30.43,Kharif
28839,rapeseed,50,40,20,4.9,70.598,18.92,Rabi
60266,cotton,120,40,20,5.46,423.745,22.07,Kharif
88871,barley,70,40,45,5.32,1111.68,28.64818182,Rabi
40740,rice,80,40,40,5.68,1543.76,27.33333333,Kharif
64830,banana,100,75,50,6.68,810.26,29.95636364,Whole Year
80898,wheat,60,30,30,6.1,199.2125,21.3,Rabi
13108,rice,80,40,40,5.56,199.2125,21.3,Kharif
49928,barley,70,40,45,5.56,87.2,23.106,Rabi
96693,maize,80,40,20,5.32,70.11,25.6,Kharif
63664,turmeric,25,60,100,4.84,2169.32,23.73636364,Kharif
57370,maize,80,40,20,5.68,840.46,33.58333333,Summer
50327,potato,180,60,90,4.9,810.26,29.95636364,Rabi
47735,maize,80,40,20,5.48,34.81,34.66666667,Kharif
96164,jowar,80,40,40,5.4,1011.49,30.43,Kharif
78742,blackpepper,100,60,50,5.14,2169.32,23.73636364,Whole Year
19554,cotton,120,40,20,5.42,790.98,30.61666667,Kharif
48221,maize,80,40,20,5.52,34.81,34.66666667,Kharif
71072,rice,80,40,40,5.6,497.88,25.03333333,Kharif
15347,jowar,80,40,40,5.4,1145.22,28.5,Kharif
33207,banana,100,75,50,6.46,1299.26,26.51818182,Whole Year
33507,onion,120,60,65,6.1,421.14,28.50727273,Kharif
83760,moong,20,40,20,5.44,884.5,27.65454545,Kharif
16393,rice,80,40,40,5.4,297.66,29.56666667,Kharif
73783,rice,80,40,40,5.5,1997.12,27.0,Kharif
28056,banana,100,75,50,6.44,1111.68,28.64818182,Whole Year
88651,jowar,80,40,40,5.34,73.47,23.562,Rabi
47811,rice,80,40,40,5.52,579.75,34.01,Kharif
78496,potato,180,60,90,5.02,2569.52,4.9,Rabi
55997,rice,80,40,40,5.68,1166.94,28.33333333,Kharif
60246,banana,100,75,50,6.56,1050.245,18.77818182,Whole Year
55524,rice,80,40,40,5.4,579.75,34.01,Kharif
36216,pineapple,160,40,120,6.52,1350.025,26.01818182,Whole Year
38354,brinjal,80,15,40,6.64,942.8,28.99454545,Whole Year
92343,soyabean,20,60,20,5.44,1110.78,25.66666667,Kharif
63334,jowar,80,40,40,5.48,288.3,25.46,Kharif
33836,wheat,60,30,30,6.9,293.36,14.7,Rabi
46036,soyabean,20,60,20,5.54,510.05,33.37333333,Kharif
114,moong,20,40,20,5.68,288.3,25.46,Kharif
67578,moong,20,40,20,5.34,207.55,26.43333333,Kharif
40169,mango,20,20,30,4.84,1037.32,28.08181818,Summer
16301,cardamom,75,75,150,5.08,884.5,27.65454545,Kharif
48553,potato,180,60,90,5.04,1501.98,25.81818182,Rabi
1570,horsegram,20,60,20,5.84,1246.715,22.6,Kharif
44288,jowar,80,40,40,5.62,73.47,23.562,Rabi
833,jowar,80,40,40,5.38,840.46,33.58333333,Rabi
66949,jute,80,40,40,5.32,1011.49,30.43,Kharif
53200,garlic,50,10,60,5.56,1426.3,26.73636364,Rabi
71514,garlic,50,10,60,5.52,1026.64,29.18636364,Rabi
54731,moong,20,40,20,5.5,770.44,28.68,Kharif
47051,sunflower,50,60,30,5.36,297.66,29.56666667,Whole Year
70493,rice,80,40,40,5.46,1166.94,28.33333333,Kharif
54179,onion,120,60,65,6.08,884.5,27.65454545,Rabi
12622,moong,20,40,20,5.56,331.88,35.34666667,Summer
5998,maize,80,40,20,5.58,98.98,34.92333333,Kharif
82739,maize,80,40,20,5.52,1145.22,28.5,Kharif
2180,rice,80,40,40,5.42,607.48,26.36666667,Kharif
87252,onion,120,60,65,5.92,15.34,27.276,Rabi
2483,maize,80,40,20,5.48,235.4251,26.64666667,Summer
53307,rapeseed,50,40,20,4.86,167.38,23.56,Rabi
24402,potato,180,60,90,4.86,1110.78,25.66666667,Rabi
89680,wheat,60,30,30,7.0,113.7,30.26666667,Rabi
81968,onion,120,60,65,5.98,1111.68,28.64818182,Kharif
88633,sweetpotato,90,20,120,4.98,1111.68,28.64818182,Rabi
46424,sunflower,50,60,30,5.34,297.66,29.56666667,Whole Year
55725,wheat,60,30,30,6.1,169.82,14.6,Rabi
68077,rice,80,40,40,5.64,411.52,34.73,Kharif
56507,maize,80,40,20,5.5,1543.76,27.33333333,Kharif
96715,jowar,80,40,40,5.58,607.48,26.36666667,Kharif
23008,banana,100,75,50,6.44,884.5,27.65454545,Whole Year
13282,maize,80,40,20,5.58,1246.715,22.6,Summer
68243,moong,20,40,20,5.44,510.05,33.37333333,Summer
67481,maize,80,40,20,5.5,235.4251,26.64666667,Summer
20258,coriander,10,20,20,6.34,1603.2375,22.89090909,Rabi
5548,jowar,80,40,40,5.48,840.46,33.58333333,Rabi
28501,wheat,60,30,30,6.6,70.11,25.6,Rabi
49317,sweetpotato,90,20,120,5.1,2169.32,23.73636364,Kharif
59897,onion,120,60,65,6.18,1111.68,28.64818182,Kharif
57171,maize,80,40,20,5.6,98.98,34.92333333,Kharif
25133,cotton,120,40,20,5.66,1543.76,27.33333333,Kharif
97817,maize,80,40,20,5.68,510.05,33.37333333,Summer
69848,onion,120,60,65,5.88,75.32,22.676,Rabi
88941,soyabean,20,60,20,5.52,1111.68,28.64818182,Kharif
89074,sweetpotato,90,20,120,5.06,1111.68,28.64818182,Rabi
80299,horsegram,20,60,20,6.14,664.94,22.03333333,Rabi
47741,rice,80,40,40,5.36,579.75,34.01,Kharif
99692,horsegram,20,60,20,6.0,1166.94,28.33333333,Rabi
22004,cotton,120,40,20,5.36,1145.22,28.5,Kharif
84012,maize,80,40,20,5.32,770.44,28.68,Summer
33214,horsegram,20,60,20,6.08,1151.02,28.03333333,Kharif
75050,rice,80,40,40,5.38,235.4251,26.64666667,Kharif
16222,onion,120,60,65,6.12,884.5,27.65454545,Kharif
46520,ladyfinger,80,10,40,6.56,884.5,27.65454545,Kharif
47099,jowar,80,40,40,5.5,770.44,28.68,Kharif
92220,onion,120,60,65,6.1,75.32,22.676,Rabi
78808,blackgram,40,60,20,5.18,127.68,20.8,Kharif
36096,moong,20,40,20,5.66,607.48,26.36666667,Kharif
23433,maize,80,40,20,5.56,98.94,25.574,Summer
76315,jowar,80,40,40,5.42,884.5,27.65454545,Kharif
84706,rapeseed,50,40,20,5.06,75.32,22.676,Rabi
14406,wheat,60,30,30,6.11,70.11,25.6,Rabi
48427,rice,80,40,40,5.56,152.54,22.28,Kharif
40330,cotton,120,40,20,5.5,654.34,29.26666667,Kharif
95546,rice,80,40,40,5.38,157.31,25.83333333,Kharif
45514,maize,80,40,20,5.6,1145.22,28.5,Kharif
73385,wheat,60,30,30,6.9,199.2125,21.3,Rabi
70865,sweetpotato,90,20,120,5.18,2169.32,23.73636364,Kharif
39822,rice,80,40,40,5.56,152.54,22.28,Kharif
61764,sweetpotato,90,20,120,4.98,884.5,27.65454545,Rabi
5716,barley,70,40,45,5.42,87.2,23.106,Rabi
10538,rice,80,40,40,5.38,579.75,34.01,Kharif
10849,soyabean,20,60,20,5.48,1166.94,28.33333333,Kharif
71194,rice,80,40,40,5.38,127.68,20.8,Kharif
79004,maize,80,40,20,5.46,87.2,23.106,Summer
34249,turmeric,25,60,100,4.96,1603.2375,22.89090909,Kharif
40211,moong,20,40,20,5.38,654.34,29.26666667,Summer
68127,soyabean,20,60,20,5.46,510.05,33.37333333,Kharif
93520,rice,80,40,40,5.68,497.88,25.03333333,Kharif
43515,potato,180,60,90,4.84,1111.68,28.64818182,Rabi
94288,rapeseed,50,40,20,4.88,94.02,22.38,Rabi
56728,onion,120,60,65,6.02,2169.32,23.73636364,Kharif
65295,onion,120,60,65,5.96,122.42,18.58,Rabi
2029,soyabean,20,60,20,5.46,1011.49,30.43,Kharif
27851,rapeseed,50,40,20,5.12,73.47,23.562,Rabi
89739,rice,80,40,40,5.32,167.38,23.56,Kharif
25782,maize,80,40,20,5.5,98.98,34.92333333,Kharif
65186,maize,80,40,20,5.36,664.94,22.03333333,Summer
66043,horsegram,20,60,20,5.82,1246.715,22.6,Kharif
25415,potato,180,60,90,4.94,1026.64,29.18636364,Rabi
96780,soyabean,20,60,20,5.38,607.48,26.36666667,Kharif
87526,onion,120,60,65,6.1,199.2125,21.3,Rabi
28951,wheat,60,30,30,6.4,167.38,23.56,Rabi
80912,maize,80,40,20,5.64,1246.715,22.6,Kharif
41761,garlic,50,10,60,5.36,1299.26,26.51818182,Rabi
42650,horsegram,20,60,20,5.82,1246.715,22.6,Rabi
64728,rapeseed,50,40,20,5.14,94.02,22.38,Rabi
14087,wheat,60,30,30,6.9,73.47,23.562,Rabi
47144,orange,20,10,10,3.88,942.8,28.99454545,Whole Year
87476,potato,180,60,90,4.84,421.14,28.50727273,Rabi
73256,ragi,50,40,20,5.54,199.2125,21.3,Kharif
42260,wheat,60,30,30,6.6,240.1,10.38,Rabi
33962,jowar,80,40,40,5.56,157.31,25.83333333,Rabi
74358,potato,180,60,90,5.16,1111.68,28.64818182,Rabi
29395,coriander,10,20,20,6.68,556.2,28.54545455,Rabi
17339,rice,80,40,40,5.42,34.81,34.66666667,Kharif
65409,ragi,50,40,20,5.64,976.06,25.66666667,Kharif
19040,sunflower,50,60,30,5.46,840.46,33.58333333,Whole Year
98804,barley,70,40,45,5.48,75.32,22.676,Rabi
58346,rapeseed,50,40,20,5.04,122.42,18.58,Rabi
87075,garlic,50,10,60,5.44,1299.26,26.51818182,Rabi
8665,moong,20,40,20,5.36,113.7,30.26666667,Kharif
48453,moong,20,40,20,5.52,182.5,29.2,Summer
53488,sweetpotato,90,20,120,5.12,1426.3,26.73636364,Rabi
34944,cardamom,75,75,150,4.96,2817.86,27.90909091,Kharif
40268,horsegram,20,60,20,6.06,654.34,29.26666667,Rabi
94773,maize,80,40,20,5.54,664.94,22.03333333,Summer
57859,cotton,120,40,20,5.66,790.98,30.61666667,Kharif
72057,moong,20,40,20,5.4,1151.02,28.03333333,Summer
97158,horsegram,20,60,20,6.08,207.55,26.43333333,Kharif
40858,horsegram,20,60,20,5.98,840.46,33.58333333,Rabi
87711,ragi,50,40,20,5.4,1246.715,22.6,Kharif
98524,onion,120,60,65,5.96,75.32,22.676,Rabi
98117,horsegram,20,60,20,5.98,297.66,29.56666667,Kharif
75972,garlic,50,10,60,5.48,556.2,28.54545455,Rabi
23158,potato,180,60,90,5.1,884.5,27.65454545,Rabi
28818,potato,180,60,90,5.08,700.241,22.19090909,Rabi
23529,wheat,60,30,30,7.0,75.32,22.676,Rabi
19260,banana,100,75,50,6.44,1299.26,26.51818182,Whole Year
21456,moong,20,40,20,5.42,607.48,26.36666667,Summer
37580,bottlegourd,100,50,50,6.42,884.5,27.65454545,Summer
67662,maize,80,40,20,5.48,113.7,30.26666667,Kharif
62608,wheat,60,30,30,6.7,75.32,22.676,Rabi
50275,rice,80,40,40,5.6,1151.02,28.03333333,Kharif
20277,jowar,80,40,40,5.48,157.31,25.83333333,Kharif
78952,banana,100,75,50,6.44,2169.32,23.73636364,Whole Year
2495,rice,80,40,40,5.52,742.0124,24.59818182,Kharif
35067,rapeseed,50,40,20,4.94,73.47,23.562,Rabi
24385,garlic,50,10,60,5.4,1411.78,19.94545455,Rabi
63330,onion,120,60,65,5.94,654.34,29.26666667,Kharif
46160,maize,80,40,20,5.5,510.05,33.37333333,Summer
75917,rapeseed,50,40,20,5.04,19.38,22.766,Rabi
270,rice,80,40,40,5.52,1543.76,27.33333333,Kharif
18060,potato,180,60,90,4.88,2569.52,4.9,Rabi
92129,moong,20,40,20,5.62,34.81,34.66666667,Kharif
58912,horsegram,20,60,20,6.0,1246.715,22.6,Rabi
91371,maize,80,40,20,5.58,34.81,34.66666667,Summer
48584,potato,180,60,90,5.18,1501.98,25.81818182,Rabi
88306,blackpepper,100,60,50,4.82,2817.86,27.90909091,Whole Year
72566,maize,80,40,20,5.5,664.94,22.03333333,Summer
44063,potato,180,60,90,5.12,1111.68,28.64818182,Rabi
58598,cotton,120,40,20,5.32,1603.2375,22.89090909,Kharif
95640,onion,120,60,65,6.0,157.31,25.83333333,Kharif
1413,moong,20,40,20,5.52,790.98,30.61666667,Kharif
96368,rapeseed,50,40,20,4.88,73.47,23.562,Rabi
59623,rice,80,40,40,5.6,1011.49,30.43,Kharif
64371,jute,80,40,40,5.4,840.46,33.58333333,Kharif
57914,rapeseed,50,40,20,5.06,15.34,27.276,Rabi
75146,wheat,60,30,30,6.8,70.598,18.92,Rabi
96667,wheat,60,30,30,7.0,73.47,23.562,Rabi
56192,rice,80,40,40,5.4,288.3,25.46,Kharif
10034,wheat,60,30,30,6.1,75.32,22.676,Rabi
80188,cotton,120,40,20,5.32,331.88,35.34666667,Kharif
58316,rapeseed,50,40,20,5.1,516.68,27.86666667,Rabi
6729,onion,120,60,65,6.08,199.2125,21.3,Rabi
75059,turmeric,25,60,100,5.0,207.55,26.43333333,Kharif
57791,ragi,50,40,20,5.46,2879.86,27.31666667,Kharif
52379,rice,80,40,40,5.46,607.48,26.36666667,Kharif
71115,maize,80,40,20,5.52,1543.76,27.33333333,Summer
82531,sunflower,50,60,30,5.52,207.55,26.43333333,Whole Year
26329,turmeric,25,60,100,5.1,1299.26,26.51818182,Kharif
6329,sweetpotato,90,20,120,5.16,421.14,28.50727273,Rabi
62171,potato,180,60,90,5.16,75.32,22.676,Rabi
11761,jowar,80,40,40,5.42,840.46,33.58333333,Kharif
69945,sweetpotato,90,20,120,4.94,579.75,34.01,Kharif
93023,cotton,120,40,20,5.68,654.34,29.26666667,Kharif
15613,jowar,80,40,40,5.66,510.05,33.37333333,Rabi
41956,ragi,50,40,20,5.46,790.98,30.61666667,Kharif
68905,sweetpotato,90,20,120,5.18,884.5,27.65454545,Kharif
32684,moong,20,40,20,5.62,98.98,34.92333333,Summer
30918,maize,80,40,20,5.66,75.32,22.676,Summer
57034,rice,80,40,40,5.6,87.2,23.106,Kharif
46858,potato,180,60,90,4.96,884.5,27.65454545,Rabi
62449,rice,80,40,40,5.36,579.75,34.01,Kharif
54762,moong,20,40,20,5.32,1220.22,27.26666667,Kharif
93373,turmeric,25,60,100,5.02,2169.32,23.73636364,Kharif
9591,onion,120,60,65,6.18,884.5,27.65454545,Rabi
52789,rapeseed,50,40,20,4.9,56.236,15.852,Rabi
22520,soyabean,20,60,20,5.66,510.05,33.37333333,Kharif
16160,banana,100,75,50,6.48,884.5,27.65454545,Whole Year
24251,rapeseed,50,40,20,5.16,75.32,22.676,Rabi
64851,garlic,50,10,60,5.46,810.26,29.95636364,Rabi
81011,horsegram,20,60,20,5.96,1246.715,22.6,Rabi
91455,barley,70,40,45,5.32,75.32,22.676,Rabi
69760,onion,120,60,65,6.08,75.32,22.676,Kharif
93183,cotton,120,40,20,5.34,1543.76,27.33333333,Kharif
99654,rapeseed,50,40,20,4.88,152.54,22.28,Rabi
13130,soyabean,20,60,20,5.5,1246.715,22.6,Kharif
53192,jowar,80,40,40,5.48,1145.22,28.5,Kharif
94759,rice,80,40,40,5.36,331.88,35.34666667,Kharif
91100,cotton,120,40,20,5.68,770.44,28.68,Kharif
28710,soyabean,20,60,20,5.42,423.745,22.07,Kharif
92526,maize,80,40,20,5.42,1166.94,28.33333333,Summer
66521,cotton,120,40,20,5.64,1011.49,30.43,Kharif
78262,moong,20,40,20,5.68,288.3,25.46,Kharif
30095,moong,20,40,20,5.42,98.94,25.574,Summer
31612,onion,120,60,65,5.88,288.3,25.46,Rabi
39561,potato,180,60,90,5.06,169.82,14.6,Rabi
52112,coriander,10,20,20,6.56,1111.68,28.64818182,Rabi
61205,rice,80,40,40,5.34,510.05,33.37333333,Kharif
14170,onion,120,60,65,6.1,1111.68,28.64818182,Rabi
13287,horsegram,20,60,20,5.94,199.2125,21.3,Kharif
4779,rice,80,40,40,5.68,182.5,29.2,Kharif
11604,potato,180,60,90,4.94,2169.32,23.73636364,Rabi
59800,potato,180,60,90,4.84,1111.68,28.64818182,Rabi
56671,turmeric,25,60,100,4.98,2169.32,23.73636364,Kharif
26985,jowar,80,40,40,5.54,157.31,25.83333333,Rabi
96419,jowar,80,40,40,5.38,1011.49,30.43,Rabi
60193,potato,180,60,90,5.18,1350.025,26.01818182,Rabi
87361,potato,180,60,90,4.98,810.26,29.95636364,Rabi
54349,maize,80,40,20,5.48,297.66,29.56666667,Kharif
75736,rapeseed,50,40,20,5.18,19.38,22.766,Rabi
46310,wheat,60,30,30,6.6,140.52,12.5,Rabi
70885,rice,80,40,40,5.34,127.68,20.8,Kharif
32665,moong,20,40,20,5.44,98.98,34.92333333,Summer
60682,potato,180,60,90,5.16,167.38,23.56,Rabi
92451,potato,180,60,90,4.98,169.82,14.6,Rabi
78251,horsegram,20,60,20,6.16,654.34,29.26666667,Kharif
47384,moong,20,40,20,5.58,34.81,34.66666667,Kharif
39105,rapeseed,50,40,20,5.06,75.32,22.676,Rabi
49186,rice,80,40,40,5.54,127.68,20.8,Kharif
93261,banana,100,75,50,6.52,2169.32,23.73636364,Whole Year
31868,turmeric,25,60,100,4.94,2569.52,4.9,Kharif
13721,soyabean,20,60,20,5.46,1011.49,30.43,Kharif
1728,turmeric,25,60,100,5.12,1603.2375,22.89090909,Kharif
57495,horsegram,20,60,20,6.06,1151.02,28.03333333,Rabi
70848,sweetpotato,90,20,120,5.04,2169.32,23.73636364,Rabi
17609,moong,20,40,20,5.34,182.5,29.2,Kharif
88857,coriander,10,20,20,6.52,1111.68,28.64818182,Rabi
9979,sunflower,50,60,30,5.48,75.32,22.676,Whole Year
68699,potato,180,60,90,5.14,884.5,27.65454545,Rabi
7777,jowar,80,40,40,5.64,607.48,26.36666667,Rabi
43170,soyabean,20,60,20,5.68,1246.715,22.6,Kharif
66475,banana,100,75,50,6.54,1111.68,28.64818182,Whole Year
67514,cardamom,75,75,150,5.04,207.55,26.43333333,Kharif
77544,potato,180,60,90,5.14,75.32,22.676,Rabi
9945,moong,20,40,20,5.52,579.75,34.01,Summer
45851,barley,70,40,45,5.5,66.52,20.312,Rabi
2514,rice,80,40,40,5.44,70.598,18.92,Kharif
52559,soyabean,20,60,20,5.56,70.11,25.6,Kharif
35839,ladyfinger,80,10,40,6.5,1111.68,28.64818182,Kharif
24933,onion,120,60,65,5.86,288.3,25.46,Rabi
788,sunflower,50,60,30,5.58,87.2,23.106,Whole Year
47626,barley,70,40,45,5.32,75.32,22.676,Rabi
98905,potato,180,60,90,5.0,75.32,22.676,Rabi
36754,moong,20,40,20,5.32,1145.22,28.5,Summer
93120,wheat,60,30,30,6.7,241.78,1.18,Rabi
23498,maize,80,40,20,5.48,1220.22,27.26666667,Kharif
72700,moong,20,40,20,5.6,516.68,27.86666667,Kharif
20591,sweetpotato,90,20,120,5.18,1603.2375,22.89090909,Rabi
17549,jute,80,40,40,5.36,1166.94,28.33333333,Kharif
23540,rapeseed,50,40,20,5.12,75.32,22.676,Rabi
89396,cotton,120,40,20,5.54,607.48,26.36666667,Kharif
83970,coriander,10,20,20,6.62,942.8,28.99454545,Rabi
70109,jowar,80,40,40,5.44,579.75,34.01,Kharif
92406,ragi,50,40,20,5.36,1110.78,25.66666667,Kharif
95193,jowar,80,40,40,5.4,199.2125,21.3,Kharif
62412,garlic,50,10,60,5.62,689.88,29.03727273,Rabi
10443,moong,20,40,20,5.32,579.75,34.01,Summer
54580,moong,20,40,20,5.6,770.44,28.68,Summer
26116,maize,80,40,20,5.36,1151.02,28.03333333,Kharif
70755,maize,80,40,20,5.48,1712.66,11.2,Kharif
20262,cotton,120,40,20,5.66,1246.715,22.6,Kharif
30725,jowar,80,40,40,5.34,579.75,34.01,Rabi
35661,papaya,50,50,50,5.98,1111.68,28.64818182,Whole Year
38535,mango,20,20,30,5.18,942.8,28.99454545,Summer
69973,barley,70,40,45,5.66,75.32,22.676,Rabi
58355,maize,80,40,20,5.38,976.06,25.66666667,Summer
54500,banana,100,75,50,6.32,884.5,27.65454545,Whole Year
17715,soyabean,20,60,20,5.54,1166.94,28.33333333,Kharif
78828,rice,80,40,40,5.52,497.88,25.03333333,Kharif
37037,wheat,60,30,30,7.0,66.52,20.312,Rabi
77058,maize,80,40,20,5.32,34.81,34.66666667,Summer
94241,rice,80,40,40,5.64,1151.02,28.03333333,Kharif
42208,potato,180,60,90,5.04,421.14,28.50727273,Rabi
86967,soyabean,20,60,20,5.68,1151.02,28.03333333,Kharif
54180,potato,180,60,90,4.88,884.5,27.65454545,Rabi
51865,rice,80,40,40,5.64,1011.49,30.43,Kharif
73833,turmeric,25,60,100,5.16,2817.86,27.90909091,Kharif
24246,rice,80,40,40,5.46,579.75,34.01,Kharif
80548,soyabean,20,60,20,5.52,1246.715,22.6,Kharif
48132,maize,80,40,20,5.44,579.75,34.01,Summer
1430,ragi,50,40,20,5.54,810.26,29.95636364,Kharif
42061,maize,80,40,20,5.38,331.88,35.34666667,Kharif
94097,moong,20,40,20,5.46,94.02,22.38,Summer
44323,jowar,80,40,40,5.62,1011.49,30.43,Rabi
71794,moong,20,40,20,5.52,98.98,34.92333333,Kharif
89574,wheat,60,30,30,6.7,70.598,18.92,Rabi
11425,sweetpotato,90,20,120,4.92,2169.32,23.73636364,Rabi
80166,cotton,120,40,20,5.66,331.88,35.34666667,Kharif
60219,maize,80,40,20,5.52,423.745,22.07,Kharif
25870,rice,80,40,40,5.44,840.46,33.58333333,Kharif
7215,onion,120,60,65,6.06,199.2125,21.3,Kharif
93796,maize,80,40,20,5.54,87.2,23.106,Summer
13948,potato,180,60,90,4.9,1111.68,28.64818182,Rabi
93666,sunflower,50,60,30,5.42,87.2,23.106,Whole Year
82740,ragi,50,40,20,5.42,1145.22,28.5,Kharif
49276,moong,20,40,20,5.36,127.68,20.8,Summer
48141,potato,180,60,90,4.96,689.88,29.03727273,Rabi
2086,jowar,80,40,40,5.62,73.47,23.562,Kharif
94315,potato,180,60,90,4.94,1299.26,26.51818182,Rabi
45737,potato,180,60,90,4.92,1426.3,26.73636364,Rabi
52045,onion,120,60,65,6.1,1111.68,28.64818182,Rabi
27660,rapeseed,50,40,20,5.06,73.47,23.562,Rabi
53627,moong,20,40,20,5.44,411.52,34.73,Summer
77665,onion,120,60,65,6.12,34.81,34.66666667,Rabi
12269,rice,80,40,40,5.68,98.98,34.92333333,Kharif
60966,wheat,60,30,30,6.5,19.38,22.766,Rabi
81744,jowar,80,40,40,5.44,1011.49,30.43,Kharif
65691,moong,20,40,20,5.42,1246.715,22.6,Kharif
55154,rice,80,40,40,5.56,579.75,34.01,Kharif
78498,rice,80,40,40,5.64,1712.66,11.2,Kharif
37733,garlic,50,10,60,5.56,884.5,27.65454545,Rabi
85057,barley,70,40,45,5.68,75.32,22.676,Rabi
56772,wheat,60,30,30,6.6,127.68,20.8,Rabi
63201,jute,80,40,40,5.62,1166.94,28.33333333,Kharif
30019,wheat,60,30,30,6.8,98.94,25.574,Rabi
41238,maize,80,40,20,5.38,87.2,23.106,Kharif
89305,wheat,60,30,30,6.8,70.11,25.6,Rabi
54299,onion,120,60,65,6.02,884.5,27.65454545,Rabi
2362,rice,80,40,40,5.36,607.48,26.36666667,Kharif
14442,wheat,60,30,30,7.0,70.11,25.6,Rabi
86630,rapeseed,50,40,20,4.86,87.2,23.106,Rabi
81858,onion,120,60,65,5.96,1111.68,28.64818182,Rabi
36249,jackfruit,75,40,50,4.9,1350.025,26.01818182,Whole Year
75566,sunflower,50,60,30,5.58,162.72,29.4,Whole Year
55683,rice,80,40,40,5.42,1110.78,25.66666667,Kharif
41843,cotton,120,40,20,5.52,790.98,30.61666667,Kharif
99735,jute,80,40,40,5.54,1166.94,28.33333333,Kharif
76640,moong,20,40,20,5.54,145.76,21.66,Summer
84735,onion,120,60,65,5.86,75.32,22.676,Kharif
31252,turmeric,25,60,100,5.08,1501.98,25.81818182,Kharif
27815,onion,120,60,65,5.92,1111.68,28.64818182,Rabi
21452,wheat,60,30,30,6.12,70.11,25.6,Rabi
30336,barley,70,40,45,5.54,75.32,22.676,Rabi
63633,rice,80,40,40,5.32,127.68,20.8,Kharif
18086,potato,180,60,90,4.98,2569.52,4.9,Rabi
77302,barley,70,40,45,5.56,75.32,22.676,Rabi
22006,maize,80,40,20,5.64,1145.22,28.5,Summer
35226,potato,180,60,90,5.04,1111.68,28.64818182,Rabi
74708,jowar,80,40,40,5.46,607.48,26.36666667,Rabi
78482,maize,80,40,20,5.46,1712.66,11.2,Summer
52412,jowar,80,40,40,5.56,607.48,26.36666667,Rabi
52985,coriander,10,20,20,6.4,1426.3,26.73636364,Rabi
54881,onion,120,60,65,5.94,689.88,29.03727273,Rabi
51912,wheat,60,30,30,6.1,73.47,23.562,Rabi
79657,rapeseed,50,40,20,5.16,94.02,22.38,Rabi
36889,moong,20,40,20,5.58,1145.22,28.5,Summer
82111,cotton,120,40,20,5.32,607.48,26.36666667,Kharif
54374,coriander,10,20,20,6.6,884.5,27.65454545,Rabi
15165,coriander,10,20,20,6.6,167.38,23.56,Rabi
71752,coriander,10,20,20,6.48,1026.64,29.18636364,Rabi
86223,rice,80,40,40,5.62,127.68,20.8,Kharif
77609,sweetpotato,90,20,120,4.9,579.75,34.01,Rabi
98681,moong,20,40,20,5.62,34.81,34.66666667,Kharif
65919,rice,80,40,40,5.68,157.31,25.83333333,Kharif
52422,jowar,80,40,40,5.6,70.11,25.6,Kharif
11265,sunflower,50,60,30,5.54,654.34,29.26666667,Whole Year
35290,papaya,50,50,50,5.94,1111.68,28.64818182,Whole Year
56213,ragi,50,40,20,5.32,288.3,25.46,Kharif
90704,rice,80,40,40,5.44,297.66,29.56666667,Kharif
96149,turmeric,25,60,100,4.92,1111.68,28.64818182,Kharif
37604,maize,80,40,20,5.36,297.66,29.56666667,Summer
42884,banana,100,75,50,6.44,1603.2375,22.89090909,Whole Year
43274,ragi,50,40,20,5.38,1997.12,27.0,Kharif
50082,rice,80,40,40,5.5,1151.02,28.03333333,Kharif
49359,ragi,50,40,20,5.42,840.46,33.58333333,Kharif
9853,rapeseed,50,40,20,5.16,145.76,21.66,Rabi
84877,sweetpotato,90,20,120,5.16,579.75,34.01,Rabi
75106,potato,180,60,90,5.0,207.55,26.43333333,Rabi
15501,coriander,10,20,20,6.62,550.1245,27.63636364,Rabi
19124,jowar,80,40,40,5.64,1151.02,28.03333333,Rabi
11089,moong,20,40,20,5.68,288.3,25.46,Summer
11038,moong,20,40,20,5.54,182.5,29.2,Summer
27237,rice,80,40,40,5.64,199.2125,21.3,Kharif
27670,jowar,80,40,40,5.36,1011.49,30.43,Rabi
23865,potato,180,60,90,4.82,689.88,29.03727273,Rabi
37341,mango,20,20,30,5.12,556.2,28.54545455,Summer
2212,ragi,50,40,20,5.64,607.48,26.36666667,Kharif
8913,maize,80,40,20,5.62,510.05,33.37333333,Kharif
49171,onion,120,60,65,5.92,2169.32,23.73636364,Kharif
40347,bottlegourd,100,50,50,6.62,1037.32,28.08181818,Kharif
40523,jute,80,40,40,5.44,1543.76,27.33333333,Kharif
9620,ragi,50,40,20,5.54,297.66,29.56666667,Kharif
12633,maize,80,40,20,5.48,331.88,35.34666667,Kharif
30338,rapeseed,50,40,20,4.9,75.32,22.676,Rabi
69548,barley,70,40,45,5.4,75.32,22.676,Rabi
43305,jackfruit,75,40,50,4.9,2817.86,27.90909091,Whole Year
5058,rice,80,40,40,5.54,1712.66,11.2,Kharif
32321,ragi,50,40,20,5.5,840.46,33.58333333,Kharif
5169,potato,180,60,90,5.02,2169.32,23.73636364,Rabi
90739,onion,120,60,65,6.02,884.5,27.65454545,Rabi
50917,ragi,50,40,20,5.52,1246.715,22.6,Kharif
41155,maize,80,40,20,5.64,840.46,33.58333333,Kharif
11446,jute,80,40,40,5.56,1543.76,27.33333333,Kharif
23352,rapeseed,50,40,20,5.02,98.94,25.574,Rabi
90298,moong,20,40,20,5.66,510.05,33.37333333,Kharif
23389,rice,80,40,40,5.36,770.44,28.68,Kharif
40827,papaya,50,50,50,6.14,2169.32,23.73636364,Whole Year
64718,moong,20,40,20,5.44,1151.02,28.03333333,Summer
86728,rice,80,40,40,5.4,87.2,23.106,Kharif
9660,sweetpotato,90,20,120,4.98,884.5,27.65454545,Rabi
85299,barley,70,40,45,5.56,169.82,14.6,Rabi
60961,rice,80,40,40,5.66,510.05,33.37333333,Kharif
70617,ragi,50,40,20,5.38,288.3,25.46,Kharif
39057,potato,180,60,90,5.06,689.88,29.03727273,Rabi
18387,onion,120,60,65,6.12,2169.32,23.73636364,Kharif
55060,rapeseed,50,40,20,5.18,75.32,22.676,Rabi
64960,rice,80,40,40,5.62,790.98,30.61666667,Kharif
94155,horsegram,20,60,20,6.06,1151.02,28.03333333,Rabi
63986,banana,100,75,50,6.6,2169.32,23.73636364,Whole Year
63224,rapeseed,50,40,20,4.98,152.54,22.28,Rabi
14737,turmeric,25,60,100,4.98,1050.245,18.77818182,Kharif
27674,soyabean,20,60,20,5.5,1011.49,30.43,Kharif
41097,turmeric,25,60,100,4.86,1026.64,29.18636364,Kharif
35887,sweetpotato,90,20,120,4.84,1111.68,28.64818182,Rabi
62166,jowar,80,40,40,5.56,579.75,34.01,Rabi
80492,sunflower,50,60,30,5.52,1246.715,22.6,Whole Year
49319,rice,80,40,40,5.34,127.68,20.8,Kharif
39254,onion,120,60,65,6.12,34.81,34.66666667,Rabi
90988,cotton,120,40,20,5.36,884.5,27.65454545,Kharif
53362,horsegram,20,60,20,5.98,167.38,23.56,Rabi
14831,maize,80,40,20,5.5,207.55,26.43333333,Kharif
89141,jowar,80,40,40,5.42,70.11,25.6,Kharif
50403,rice,80,40,40,5.36,3.94,33.76333333,Kharif
94486,moong,20,40,20,5.32,3.94,33.76333333,Summer
26288,turmeric,25,60,100,5.12,1299.26,26.51818182,Kharif
88775,rice,80,40,40,5.36,1111.68,28.64818182,Kharif
65372,maize,80,40,20,5.48,976.06,25.66666667,Kharif
61347,soyabean,20,60,20,5.68,1875.6,20.1,Kharif
67984,rapeseed,50,40,20,5.08,167.38,23.56,Rabi
5766,wheat,60,30,30,6.7,87.2,23.106,Rabi
72145,sunflower,50,60,30,5.58,1151.02,28.03333333,Whole Year
21267,maize,80,40,20,5.64,1011.49,30.43,Summer
23234,moong,20,40,20,5.6,297.66,29.56666667,Kharif
8832,soyabean,20,60,20,5.52,510.05,33.37333333,Kharif
42688,maize,80,40,20,5.36,157.31,25.83333333,Summer
63968,wheat,60,30,30,6.5,127.68,20.8,Rabi
11719,rice,80,40,40,5.52,98.98,34.92333333,Kharif
59708,onion,120,60,65,5.88,1111.68,28.64818182,Rabi
38256,maize,80,40,20,5.48,297.66,29.56666667,Summer
71371,moong,20,40,20,5.46,840.46,33.58333333,Summer
22652,moong,20,40,20,5.58,510.05,33.37333333,Summer
1414,jowar,80,40,40,5.66,15.34,27.276,Rabi
43559,sweetpotato,90,20,120,5.14,1111.68,28.64818182,Rabi
20130,jowar,80,40,40,5.32,157.31,25.83333333,Kharif
94325,soyabean,20,60,20,5.4,1151.02,28.03333333,Kharif
93831,maize,80,40,20,5.68,87.2,23.106,Kharif
83545,maize,80,40,20,5.38,884.5,27.65454545,Kharif
91188,jute,80,40,40,5.64,1220.22,27.26666667,Kharif
91063,ragi,50,40,20,5.54,770.44,28.68,Kharif
18607,horsegram,20,60,20,6.04,840.46,33.58333333,Rabi
86460,rapeseed,50,40,20,4.92,87.2,23.106,Rabi
32832,sunflower,50,60,30,5.5,840.46,33.58333333,Whole Year
29547,maize,80,40,20,5.36,510.05,33.37333333,Kharif
38793,turmeric,25,60,100,4.96,689.88,29.03727273,Kharif
64606,potato,180,60,90,4.86,94.02,22.38,Rabi
23344,rice,80,40,40,5.64,770.44,28.68,Kharif
71919,moong,20,40,20,5.42,1151.02,28.03333333,Summer
2996,rapeseed,50,40,20,5.06,19.38,22.766,Rabi
46869,ragi,50,40,20,5.48,297.66,29.56666667,Kharif
70255,wheat,60,30,30,6.12,169.82,14.6,Rabi
50482,onion,120,60,65,6.08,810.26,29.95636364,Kharif
88054,moong,20,40,20,5.36,1246.715,22.6,Kharif
52126,coriander,10,20,20,6.66,1111.68,28.64818182,Rabi
73151,rapeseed,50,40,20,5.16,1246.715,22.6,Rabi
46727,banana,100,75,50,6.48,884.5,27.65454545,Whole Year
26311,jowar,80,40,40,5.36,1151.02,28.03333333,Kharif
69825,rapeseed,50,40,20,5.0,75.32,22.676,Rabi
24006,potato,180,60,90,5.12,689.88,29.03727273,Rabi
41619,rapeseed,50,40,20,4.86,94.02,22.38,Rabi
62962,ragi,50,40,20,5.5,1110.78,25.66666667,Kharif
61073,cotton,120,40,20,5.64,510.05,33.37333333,Kharif
33599,onion,120,60,65,6.08,421.14,28.50727273,Kharif
41856,wheat,60,30,30,6.5,15.34,27.276,Rabi
96992,wheat,60,30,30,6.3,56.236,15.852,Rabi
43053,moong,20,40,20,5.46,1246.715,22.6,Kharif
20278,maize,80,40,20,5.6,157.31,25.83333333,Summer
43643,potato,180,60,90,5.0,1111.68,28.64818182,Rabi
1322,jowar,80,40,40,5.56,15.34,27.276,Rabi
8777,wheat,60,30,30,6.9,66.52,20.312,Rabi
42474,rice,80,40,40,5.42,122.42,18.58,Kharif
82424,banana,100,75,50,6.4,1050.245,18.77818182,Whole Year
11607,turmeric,25,60,100,4.98,2169.32,23.73636364,Kharif
49016,turmeric,25,60,100,5.06,2569.52,4.9,Kharif
37447,papaya,50,50,50,5.86,556.2,28.54545455,Whole Year
28799,soyabean,20,60,20,5.42,207.55,26.43333333,Kharif
82919,horsegram,20,60,20,5.98,167.38,23.56,Rabi
68599,sunflower,50,60,30,5.44,884.5,27.65454545,Whole Year
56390,rice,80,40,40,5.58,1712.66,11.2,Kharif
32491,barley,70,40,45,5.68,87.2,23.106,Rabi
97069,barley,70,40,45,5.34,70.598,18.92,Rabi
66950,maize,80,40,20,5.34,1011.49,30.43,Summer
78753,blackgram,40,60,20,4.92,127.68,20.8,Kharif
2547,horsegram,20,60,20,5.84,167.38,23.56,Rabi
85471,maize,80,40,20,5.32,182.5,29.2,Kharif
82485,rice,80,40,40,5.5,207.55,26.43333333,Kharif
19070,onion,120,60,65,6.14,1026.64,29.18636364,Rabi
88238,rice,80,40,40,5.62,330.0,29.33333333,Kharif
39684,potato,180,60,90,4.84,152.54,22.28,Rabi
78110,maize,80,40,20,5.48,152.54,22.28,Summer
19448,rice,80,40,40,5.66,790.98,30.61666667,Kharif
31753,turmeric,25,60,100,4.96,1037.32,28.08181818,Kharif
18455,rapeseed,50,40,20,5.1,87.2,23.106,Rabi
91592,maize,80,40,20,5.62,579.75,34.01,Summer
55935,rice,80,40,40,5.36,182.5,29.2,Kharif
11608,rice,80,40,40,5.38,127.68,20.8,Kharif
89283,soyabean,20,60,20,5.34,607.48,26.36666667,Kharif
29440,cotton,120,40,20,5.54,510.05,33.37333333,Kharif
24617,moong,20,40,20,5.52,182.5,29.2,Kharif
92824,rice,80,40,40,5.42,654.34,29.26666667,Kharif
38454,onion,120,60,65,6.14,770.44,28.68,Rabi
1165,maize,80,40,20,5.6,840.46,33.58333333,Summer
59403,sweetpotato,90,20,120,4.84,1111.68,28.64818182,Kharif
11636,sweetpotato,90,20,120,5.18,2169.32,23.73636364,Rabi
47067,cotton,120,40,20,5.66,770.44,28.68,Kharif
38139,ladyfinger,80,10,40,6.68,884.5,27.65454545,Kharif
44195,potato,180,60,90,4.84,1111.68,28.64818182,Rabi
1550,coriander,10,20,20,6.44,1603.2375,22.89090909,Rabi
45629,jute,80,40,40,5.42,1145.22,28.5,Kharif
37568,maize,80,40,20,5.56,297.66,29.56666667,Summer
54214,sweetpotato,90,20,120,4.86,884.5,27.65454545,Kharif
6144,rapeseed,50,40,20,5.16,15.34,27.276,Rabi
69412,jowar,80,40,40,5.38,579.75,34.01,Rabi
33088,turmeric,25,60,100,4.94,1299.26,26.51818182,Kharif
95946,moong,20,40,20,5.54,1011.49,30.43,Kharif
68158,moong,20,40,20,5.36,510.05,33.37333333,Kharif
42252,maize,80,40,20,5.56,664.94,22.03333333,Summer
11417,maize,80,40,20,5.52,1543.76,27.33333333,Kharif
25859,garlic,50,10,60,5.4,1026.64,29.18636364,Rabi
38858,wheat,60,30,30,6.8,75.32,22.676,Rabi
26632,jowar,80,40,40,5.54,331.88,35.34666667,Rabi
37492,cotton,120,40,20,5.5,510.05,33.37333333,Kharif
55399,barley,70,40,45,5.44,75.32,22.676,Rabi
20870,wheat,60,30,30,6.11,73.47,23.562,Rabi
21995,rice,80,40,40,5.32,113.7,30.26666667,Kharif
14613,rice,80,40,40,5.48,702.459,27.23333333,Kharif
59209,cardamom,75,75,150,5.04,2817.86,27.90909091,Kharif
15257,rice,80,40,40,5.62,113.7,30.26666667,Kharif
3946,potato,180,60,90,5.18,689.88,29.03727273,Rabi
58501,onion,120,60,65,6.0,157.31,25.83333333,Rabi
43838,mango,20,20,30,4.96,1111.68,28.64818182,Summer
25389,onion,120,60,65,5.92,2169.32,23.73636364,Kharif
6151,maize,80,40,20,5.48,790.98,30.61666667,Kharif
79177,rice,80,40,40,5.54,87.2,23.106,Kharif
44033,wheat,60,30,30,6.7,73.47,23.562,Rabi
94760,rapeseed,50,40,20,5.16,41.3,21.704,Rabi
65426,maize,80,40,20,5.32,976.06,25.66666667,Summer
31240,rice,80,40,40,5.4,1166.94,28.33333333,Kharif
51941,jowar,80,40,40,5.38,73.47,23.562,Kharif
32382,onion,120,60,65,5.96,1026.64,29.18636364,Kharif
22221,rice,80,40,40,5.6,113.7,30.26666667,Kharif
21217,onion,120,60,65,5.92,1111.68,28.64818182,Rabi
23295,coriander,10,20,20,6.62,884.5,27.65454545,Rabi
1549,rice,80,40,40,5.34,157.31,25.83333333,Kharif
45391,jute,80,40,40,5.6,1145.22,28.5,Kharif
12714,maize,80,40,20,5.62,664.94,22.03333333,Summer
4293,rice,80,40,40,5.56,34.81,34.66666667,Kharif
92314,horsegram,20,60,20,6.0,1110.78,25.66666667,Rabi
45115,rice,80,40,40,5.64,423.745,22.07,Kharif
98035,onion,120,60,65,6.08,556.2,28.54545455,Kharif
61334,wheat,60,30,30,6.12,140.52,12.5,Rabi
44888,banana,100,75,50,6.32,714.68,26.45454545,Whole Year
34164,rice,80,40,40,5.46,157.31,25.83333333,Kharif
69653,jowar,80,40,40,5.58,579.75,34.01,Kharif
99311,soyabean,20,60,20,5.5,579.75,34.01,Kharif
23124,turmeric,25,60,100,4.98,884.5,27.65454545,Kharif
47532,maize,80,40,20,5.62,75.32,22.676,Summer
20821,onion,120,60,65,6.0,1111.68,28.64818182,Rabi
9709,moong,20,40,20,5.32,770.44,28.68,Summer
62322,wheat,60,30,30,6.1,75.32,22.676,Rabi
21194,rice,80,40,40,5.6,1011.49,30.43,Kharif
84818,jowar,80,40,40,5.5,579.75,34.01,Kharif
78256,ragi,50,40,20,5.52,654.34,29.26666667,Kharif
39969,moong,20,40,20,5.4,288.3,25.46,Summer
16987,moong,20,40,20,5.52,34.81,34.66666667,Kharif
28109,barley,70,40,45,5.54,73.47,23.562,Rabi
48374,barley,70,40,45,5.32,169.82,14.6,Rabi
74733,cotton,120,40,20,5.56,607.48,26.36666667,Kharif
42079,cotton,120,40,20,5.62,331.88,35.34666667,Kharif
60383,soyabean,20,60,20,5.42,207.55,26.43333333,Kharif
48666,maize,80,40,20,5.44,1166.94,28.33333333,Kharif
40819,moong,20,40,20,5.4,127.68,20.8,Summer
15666,jowar,80,40,40,5.62,510.05,33.37333333,Kharif
26210,rapeseed,50,40,20,5.04,94.02,22.38,Rabi
84656,barley,70,40,45,5.42,75.32,22.676,Rabi
99249,rapeseed,50,40,20,5.0,75.32,22.676,Rabi
39650,moong,20,40,20,5.38,169.82,14.6,Kharif
16765,turmeric,25,60,100,4.9,689.88,29.03727273,Kharif
65278,potato,180,60,90,4.88,122.42,18.58,Rabi
78737,rapeseed,50,40,20,5.08,127.68,20.8,Rabi
505,turmeric,25,60,100,5.0,2169.32,23.73636364,Kharif
10548,jowar,80,40,40,5.5,579.75,34.01,Rabi
95524,blackpepper,100,60,50,5.18,1603.2375,22.89090909,Whole Year
28524,jowar,80,40,40,5.46,607.48,26.36666667,Kharif
70473,moong,20,40,20,5.38,182.5,29.2,Kharif
30301,maize,80,40,20,5.54,579.75,34.01,Kharif
96274,barley,70,40,45,5.56,73.47,23.562,Rabi
45228,soyabean,20,60,20,5.36,207.55,26.43333333,Kharif
10572,jowar,80,40,40,5.5,579.75,34.01,Rabi
67586,maize,80,40,20,5.62,1145.22,28.5,Kharif
127,moong,20,40,20,5.44,288.3,25.46,Summer
31383,maize,80,40,20,5.48,1166.94,28.33333333,Kharif
56914,banana,100,75,50,6.52,1026.64,29.18636364,Whole Year
51718,turmeric,25,60,100,5.16,1111.68,28.64818182,Kharif
4148,barley,70,40,45,5.66,75.32,22.676,Rabi
29064,wheat,60,30,30,6.3,167.38,23.56,Rabi
80661,banana,100,75,50,6.36,1603.2375,22.89090909,Whole Year
18630,maize,80,40,20,5.48,87.2,23.106,Kharif
10021,moong,20,40,20,5.38,34.81,34.66666667,Kharif
8309,wheat,60,30,30,6.3,113.7,30.26666667,Rabi
89318,maize,80,40,20,5.44,607.48,26.36666667,Summer
1862,blackpepper,100,60,50,5.04,2817.86,27.90909091,Whole Year
39088,soyabean,20,60,20,5.62,579.75,34.01,Kharif
64001,banana,100,75,50,6.68,2169.32,23.73636364,Whole Year
43414,cardamom,75,75,150,5.16,2817.86,27.90909091,Kharif
8256,rice,80,40,40,5.38,207.55,26.43333333,Kharif
9543,cotton,120,40,20,5.64,297.66,29.56666667,Kharif
92897,moong,20,40,20,5.44,288.3,25.46,Kharif
41492,wheat,60,30,30,6.5,87.2,23.106,Rabi
37779,ladyfinger,80,10,40,6.48,884.5,27.65454545,Kharif
5120,maize,80,40,20,5.64,1543.76,27.33333333,Summer
91076,turmeric,25,60,100,4.92,942.8,28.99454545,Kharif
57718,onion,120,60,65,6.12,1299.26,26.51818182,Rabi
39141,maize,80,40,20,5.44,579.75,34.01,Summer
4900,horsegram,20,60,20,5.82,654.34,29.26666667,Rabi
76446,onion,120,60,65,5.9,884.5,27.65454545,Rabi
76412,maize,80,40,20,5.48,884.5,27.65454545,Summer
90766,moong,20,40,20,5.48,884.5,27.65454545,Kharif
57122,rice,80,40,40,5.38,840.46,33.58333333,Kharif
64296,rapeseed,50,40,20,5.12,87.2,23.106,Rabi
39463,jowar,80,40,40,5.64,579.75,34.01,Rabi
65797,sunflower,50,60,30,5.34,157.31,25.83333333,Whole Year
14952,coriander,10,20,20,6.56,167.38,23.56,Rabi
30201,jowar,80,40,40,5.62,579.75,34.01,Rabi
62538,onion,120,60,65,6.08,689.88,29.03727273,Rabi
34158,ragi,50,40,20,5.64,199.2125,21.3,Kharif
7291,rice,80,40,40,5.68,490.74,27.6,Kharif
71429,wheat,60,30,30,6.4,87.2,23.106,Rabi
36904,rice,80,40,40,5.66,1145.22,28.5,Kharif
69607,maize,80,40,20,5.52,34.81,34.66666667,Summer
39012,barley,70,40,45,5.54,75.32,22.676,Rabi
91815,maize,80,40,20,5.58,34.81,34.66666667,Summer
68797,blackpepper,100,60,50,5.18,884.5,27.65454545,Whole Year
28097,wheat,60,30,30,6.5,73.47,23.562,Rabi
45624,garlic,50,10,60,5.42,1426.3,26.73636364,Rabi
76701,sunflower,50,60,30,5.46,34.81,34.66666667,Whole Year
44005,jowar,80,40,40,5.54,1011.49,30.43,Rabi
33249,banana,100,75,50,6.52,1299.26,26.51818182,Whole Year
95191,cotton,120,40,20,5.62,199.2125,21.3,Kharif
29389,rice,80,40,40,5.44,510.05,33.37333333,Kharif
86662,barley,70,40,45,5.6,87.2,23.106,Rabi
89627,rice,80,40,40,5.56,207.55,26.43333333,Kharif
60130,cotton,120,40,20,5.68,607.48,26.36666667,Kharif
58699,jowar,80,40,40,5.32,1246.715,22.6,Rabi
68301,jowar,80,40,40,5.5,510.05,33.37333333,Rabi
58603,potato,180,60,90,4.92,1246.715,22.6,Rabi
39471,ragi,50,40,20,5.32,75.32,22.676,Kharif
94101,garlic,50,10,60,5.5,1299.26,26.51818182,Rabi
97251,rice,80,40,40,5.44,1145.22,28.5,Kharif
23323,moong,20,40,20,5.52,770.44,28.68,Kharif
77230,onion,120,60,65,5.88,34.81,34.66666667,Kharif
62458,onion,120,60,65,5.82,689.88,29.03727273,Rabi
45659,jowar,80,40,40,5.56,1145.22,28.5,Rabi
87203,maize,80,40,20,5.42,790.98,30.61666667,Kharif
68573,maize,80,40,20,5.6,884.5,27.65454545,Kharif
4232,moong,20,40,20,5.42,579.75,34.01,Summer
79585,potato,180,60,90,5.08,87.2,23.106,Rabi
1054,onion,120,60,65,5.92,1026.64,29.18636364,Kharif
73109,sunflower,50,60,30,5.54,157.31,25.83333333,Whole Year
60023,wheat,60,30,30,6.7,70.11,25.6,Rabi
89267,jowar,80,40,40,5.32,607.48,26.36666667,Rabi
19304,moong,20,40,20,5.6,1151.02,28.03333333,Kharif
41092,banana,100,75,50,6.62,1026.64,29.18636364,Whole Year
62930,barley,70,40,45,5.68,169.82,14.6,Rabi
18575,maize,80,40,20,5.52,87.2,23.106,Summer
93648,barley,70,40,45,5.56,87.2,23.106,Rabi
40968,maize,80,40,20,5.54,98.98,34.92333333,Kharif
23745,moong,20,40,20,5.68,75.32,22.676,Kharif
52491,wheat,60,30,30,6.1,70.11,25.6,Rabi
16824,sunflower,50,60,30,5.52,579.75,34.01,Whole Year
99640,maize,80,40,20,5.68,182.5,29.2,Kharif
90017,horsegram,20,60,20,5.98,167.38,23.56,Rabi
7984,rice,80,40,40,5.32,37.09,27.96666667,Kharif
8991,barley,70,40,45,5.5,19.38,22.766,Rabi
50909,sweetpotato,90,20,120,5.18,1603.2375,22.89090909,Rabi
36718,rapeseed,50,40,20,5.06,167.38,23.56,Rabi
44986,banana,100,75,50,6.48,1350.025,26.01818182,Whole Year
49218,wheat,60,30,30,6.9,127.68,20.8,Rabi
5438,onion,120,60,65,5.9,2169.32,23.73636364,Rabi
69213,maize,80,40,20,5.52,579.75,34.01,Kharif
54810,garlic,50,10,60,5.52,689.88,29.03727273,Rabi
1384,moong,20,40,20,5.66,790.98,30.61666667,Summer
65577,rice,80,40,40,5.62,1246.715,22.6,Kharif
26653,jowar,80,40,40,5.36,331.88,35.34666667,Kharif
8909,potato,180,60,90,4.98,556.2,28.54545455,Rabi
37923,mango,20,20,30,5.06,884.5,27.65454545,Summer
43873,barley,70,40,45,5.42,73.47,23.562,Rabi
42867,horsegram,20,60,20,6.0,1246.715,22.6,Rabi
46177,soyabean,20,60,20,5.32,510.05,33.37333333,Kharif
41441,onion,120,60,65,6.08,1026.64,29.18636364,Rabi
55422,maize,80,40,20,5.4,75.32,22.676,Summer
54052,coriander,10,20,20,6.32,556.2,28.54545455,Rabi
20818,rapeseed,50,40,20,4.86,73.47,23.562,Rabi
7696,soyabean,20,60,20,5.34,1011.49,30.43,Kharif
21578,maize,80,40,20,5.32,607.48,26.36666667,Kharif
71513,coriander,10,20,20,6.32,1026.64,29.18636364,Rabi
47420,maize,80,40,20,5.32,34.81,34.66666667,Summer
95729,rice,80,40,40,5.36,157.31,25.83333333,Kharif
88577,barley,70,40,45,5.36,1111.68,28.64818182,Rabi
26394,banana,100,75,50,6.38,810.26,29.95636364,Whole Year
79080,sweetpotato,90,20,120,4.86,840.46,33.58333333,Kharif
65840,jowar,80,40,40,5.48,199.2125,21.3,Rabi
34479,rice,80,40,40,5.32,1246.715,22.6,Kharif
49952,maize,80,40,20,5.4,98.98,34.92333333,Summer
30835,turmeric,25,60,100,5.0,689.88,29.03727273,Kharif
26473,cotton,120,40,20,5.38,790.98,30.61666667,Kharif
10085,moong,20,40,20,5.56,579.75,34.01,Kharif
29950,moong,20,40,20,5.62,297.66,29.56666667,Kharif
14215,rice,80,40,40,5.64,1011.49,30.43,Kharif
44875,banana,100,75,50,6.64,714.68,26.45454545,Whole Year
88112,rapeseed,50,40,20,4.94,199.2125,21.3,Rabi
10406,barley,70,40,45,5.5,75.32,22.676,Rabi
64112,barley,70,40,45,5.54,87.2,23.106,Rabi
49889,ragi,50,40,20,5.32,840.46,33.58333333,Kharif
33903,wheat,60,30,30,6.1,122.42,18.58,Rabi
5211,wheat,60,30,30,7.0,127.68,20.8,Rabi
81809,rice,80,40,40,5.56,1011.49,30.43,Kharif
6322,moong,20,40,20,5.66,331.88,35.34666667,Summer
12258,maize,80,40,20,5.56,840.46,33.58333333,Kharif
47435,moong,20,40,20,5.56,34.81,34.66666667,Summer
76322,rice,80,40,40,5.56,297.66,29.56666667,Kharif
80936,cardamom,75,75,150,5.1,1603.2375,22.89090909,Kharif
86804,barley,70,40,45,5.5,87.2,23.106,Rabi
99503,rapeseed,50,40,20,5.14,169.82,14.6,Rabi
1761,turmeric,25,60,100,4.9,1603.2375,22.89090909,Kharif
16701,rapeseed,50,40,20,5.0,75.32,22.676,Rabi
51201,garlic,50,10,60,5.36,1603.2375,22.89090909,Rabi
21255,rice,80,40,40,5.58,1011.49,30.43,Kharif
16028,wheat,60,30,30,6.7,140.52,12.5,Rabi
134,moong,20,40,20,5.38,654.34,29.26666667,Kharif
42173,rapeseed,50,40,20,4.9,41.3,21.704,Rabi
92052,wheat,60,30,30,6.1,75.32,22.676,Rabi
75076,turmeric,25,60,100,5.12,207.55,26.43333333,Kharif
43650,rice,80,40,40,5.44,1011.49,30.43,Kharif
80231,jowar,80,40,40,5.68,331.88,35.34666667,Rabi
13098,moong,20,40,20,5.5,1246.715,22.6,Summer
75495,horsegram,20,60,20,6.14,167.38,23.56,Rabi
57243,maize,80,40,20,5.68,98.98,34.92333333,Summer
21317,soyabean,20,60,20,5.48,607.48,26.36666667,Kharif
57426,rice,80,40,40,5.34,87.2,23.106,Kharif
95121,moong,20,40,20,5.38,199.2125,21.3,Summer
38592,brinjal,80,15,40,6.52,942.8,28.99454545,Whole Year
46449,potato,180,60,90,5.0,884.5,27.65454545,Rabi
16604,rice,80,40,40,5.48,1220.22,27.26666667,Kharif
5223,jute,80,40,40,5.38,1543.76,27.33333333,Kharif
71547,turmeric,25,60,100,5.18,1026.64,29.18636364,Kharif
16369,cardamom,75,75,150,4.96,884.5,27.65454545,Kharif
73752,rice,80,40,40,5.42,199.2125,21.3,Kharif
95190,sunflower,50,60,30,5.5,1246.715,22.6,Whole Year
95513,ragi,50,40,20,5.52,1246.715,22.6,Kharif
70576,wheat,60,30,30,6.3,152.54,22.28,Rabi
18023,sunflower,50,60,30,5.52,654.34,29.26666667,Whole Year
87636,maize,80,40,20,5.4,199.2125,21.3,Summer
34921,rice,80,40,40,5.4,330.0,29.33333333,Kharif
95483,jowar,80,40,40,5.66,1246.715,22.6,Kharif
95256,potato,180,60,90,4.84,157.31,25.83333333,Rabi
81354,sweetpotato,90,20,120,4.88,2817.86,27.90909091,Kharif
61181,moong,20,40,20,5.62,510.05,33.37333333,Kharif
98243,rice,80,40,40,5.48,297.66,29.56666667,Kharif
77898,rapeseed,50,40,20,5.18,152.54,22.28,Rabi
87836,potato,180,60,90,5.12,1246.715,22.6,Rabi
9763,cotton,120,40,20,5.58,770.44,28.68,Kharif
55173,sweetpotato,90,20,120,5.16,689.88,29.03727273,Rabi
52397,moong,20,40,20,5.46,607.48,26.36666667,Summer
79514,barley,70,40,45,5.54,87.2,23.106,Rabi
22915,ragi,50,40,20,5.52,297.66,29.56666667,Kharif
30196,maize,80,40,20,5.4,1220.22,27.26666667,Summer
89788,moong,20,40,20,5.36,113.7,30.26666667,Summer
30310,maize,80,40,20,5.68,579.75,34.01,Kharif
57143,rice,80,40,40,5.46,87.2,23.106,Kharif
93735,horsegram,20,60,20,6.16,840.46,33.58333333,Kharif
27017,turmeric,25,60,100,5.02,1603.2375,22.89090909,Kharif
29026,jute,80,40,40,5.62,1145.22,28.5,Kharif
94846,potato,180,60,90,4.88,664.94,22.03333333,Rabi
35570,brinjal,80,15,40,6.52,1111.68,28.64818182,Whole Year
49820,rice,80,40,40,5.42,98.98,34.92333333,Kharif
10120,wheat,60,30,30,6.8,75.32,22.676,Rabi
83500,soyabean,20,60,20,5.52,1875.6,20.1,Kharif
15393,ragi,50,40,20,5.58,1145.22,28.5,Kharif
58252,soyabean,20,60,20,5.48,664.94,22.03333333,Kharif
7448,soyabean,20,60,20,5.54,1011.49,30.43,Kharif
6662,coriander,10,20,20,6.38,1603.2375,22.89090909,Rabi
37915,banana,100,75,50,6.66,884.5,27.65454545,Whole Year
38430,horsegram,20,60,20,5.88,98.94,25.574,Rabi
11834,horsegram,20,60,20,6.06,840.46,33.58333333,Kharif
92000,rice,80,40,40,5.64,34.81,34.66666667,Kharif
26821,coriander,10,20,20,6.36,1098.26,15.5,Rabi
6821,maize,80,40,20,5.48,1246.715,22.6,Kharif
6396,potato,180,60,90,5.12,421.14,28.50727273,Rabi
87389,wheat,60,30,30,6.11,41.3,21.704,Rabi
94746,wheat,60,30,30,6.5,41.3,21.704,Rabi
36252,pineapple,160,40,120,6.58,1350.025,26.01818182,Whole Year
53289,maize,80,40,20,5.36,1145.22,28.5,Summer
53840,barley,70,40,45,5.42,19.38,22.766,Rabi
37498,barley,70,40,45,5.68,19.38,22.766,Rabi
32485,maize,80,40,20,5.46,840.46,33.58333333,Kharif
1196,potato,180,60,90,5.08,1026.64,29.18636364,Rabi
86685,rapeseed,50,40,20,4.86,87.2,23.106,Rabi
41720,soyabean,20,60,20,5.36,1151.02,28.03333333,Kharif
58120,moong,20,40,20,5.6,331.88,35.34666667,Summer
33352,moong,20,40,20,5.48,790.98,30.61666667,Kharif
95162,potato,180,60,90,4.86,1246.715,22.6,Rabi
54807,turmeric,25,60,100,5.1,75.32,22.676,Kharif
33317,cotton,120,40,20,5.34,790.98,30.61666667,Kharif
76895,wheat,60,30,30,6.12,75.32,22.676,Rabi
10949,rice,80,40,40,5.36,152.54,22.28,Kharif
28719,moong,20,40,20,5.5,235.4251,26.64666667,Summer
59632,sweetpotato,90,20,120,5.18,1111.68,28.64818182,Rabi
64473,rapeseed,50,40,20,4.92,87.2,23.106,Rabi
4419,rice,80,40,40,5.68,579.75,34.01,Kharif
23394,maize,80,40,20,5.46,98.94,25.574,Summer
29664,coriander,10,20,20,6.58,556.2,28.54545455,Rabi
67249,rice,80,40,40,5.58,607.48,26.36666667,Kharif
56621,banana,100,75,50,6.6,2169.32,23.73636364,Whole Year
19559,onion,120,60,65,5.84,810.26,29.95636364,Kharif
73380,jowar,80,40,40,5.66,199.2125,21.3,Kharif
63439,rice,80,40,40,5.42,654.34,29.26666667,Kharif
19264,sweetpotato,90,20,120,4.98,1299.26,26.51818182,Rabi
13824,barley,70,40,45,5.36,73.47,23.562,Rabi
84867,wheat,60,30,30,7.0,75.32,22.676,Rabi
69226,coriander,10,20,20,6.46,689.88,29.03727273,Rabi
4975,moong,20,40,20,5.32,288.3,25.46,Summer
77346,rapeseed,50,40,20,4.88,75.32,22.676,Rabi
91740,moong,20,40,20,5.38,34.81,34.66666667,Summer
22711,maize,80,40,20,5.64,510.05,33.37333333,Kharif
84336,wheat,60,30,30,6.7,75.32,22.676,Rabi
1576,ragi,50,40,20,5.6,199.2125,21.3,Kharif
34606,brinjal,80,15,40,6.58,1603.2375,22.89090909,Whole Year
98719,rice,80,40,40,5.46,34.81,34.66666667,Kharif
89233,sunflower,50,60,30,5.58,70.11,25.6,Whole Year
70913,onion,120,60,65,5.82,2169.32,23.73636364,Kharif
84538,maize,80,40,20,5.48,34.81,34.66666667,Kharif
59964,wheat,60,30,30,6.4,70.11,25.6,Rabi
87679,potato,180,60,90,5.14,1246.715,22.6,Rabi
33661,maize,80,40,20,5.32,664.94,22.03333333,Summer
18726,barley,70,40,45,5.36,87.2,23.106,Rabi
38976,onion,120,60,65,5.96,75.32,22.676,Rabi
14522,jowar,80,40,40,5.68,70.11,25.6,Kharif
85865,rice,80,40,40,5.62,654.34,29.26666667,Kharif
15131,wheat,60,30,30,6.3,167.38,23.56,Rabi
72924,rapeseed,50,40,20,4.86,122.42,18.58,Rabi
45030,jackfruit,75,40,50,4.84,1350.025,26.01818182,Whole Year
77968,jute,80,40,40,5.58,1166.94,28.33333333,Kharif
64444,maize,80,40,20,5.4,87.2,23.106,Summer
66393,coriander,10,20,20,6.46,1111.68,28.64818182,Rabi
71245,onion,120,60,65,6.0,1026.64,29.18636364,Rabi
16407,moong,20,40,20,5.54,297.66,29.56666667,Summer
83220,cotton,120,40,20,5.48,510.05,33.37333333,Kharif
39445,rapeseed,50,40,20,5.06,75.32,22.676,Rabi
32538,potato,180,60,90,5.12,1026.64,29.18636364,Rabi
21051,rapeseed,50,40,20,5.12,73.47,23.562,Rabi
63122,rice,80,40,40,5.6,152.54,22.28,Kharif
84423,moong,20,40,20,5.48,579.75,34.01,Summer
39045,maize,80,40,20,5.32,579.75,34.01,Summer
20282,coriander,10,20,20,6.62,1603.2375,22.89090909,Rabi
66676,moong,20,40,20,5.44,1011.49,30.43,Kharif
9509,sunflower,50,60,30,5.34,297.66,29.56666667,Whole Year
33201,soyabean,20,60,20,5.62,1151.02,28.03333333,Kharif
82822,ragi,50,40,20,5.6,167.38,23.56,Kharif
67324,potato,180,60,90,5.12,1350.025,26.01818182,Rabi
36004,rice,80,40,40,5.68,607.48,26.36666667,Kharif
27054,turmeric,25,60,100,5.08,1603.2375,22.89090909,Kharif
70501,moong,20,40,20,5.6,182.5,29.2,Kharif
88516,potato,180,60,90,4.9,1111.68,28.64818182,Rabi
83885,moong,20,40,20,5.48,884.5,27.65454545,Summer
54839,maize,80,40,20,5.44,579.75,34.01,Summer
69047,ragi,50,40,20,5.38,770.44,28.68,Kharif
32751,moong,20,40,20,5.68,840.46,33.58333333,Kharif
74414,garlic,50,10,60,5.68,1111.68,28.64818182,Rabi
13551,sweetpotato,90,20,120,4.98,2817.86,27.90909091,Rabi
63354,horsegram,20,60,20,6.08,288.3,25.46,Rabi
25926,maize,80,40,20,5.4,87.2,23.106,Summer
11529,onion,120,60,65,5.92,2169.32,23.73636364,Rabi
26438,jowar,80,40,40,5.56,790.98,30.61666667,Kharif
31499,sweetpotato,90,20,120,4.9,1037.32,28.08181818,Kharif
64217,moong,20,40,20,5.4,98.98,34.92333333,Summer
87603,cotton,120,40,20,5.46,1603.2375,22.89090909,Kharif
49405,maize,80,40,20,5.34,87.2,23.106,Summer
91953,potato,180,60,90,4.9,75.32,22.676,Rabi
15365,wheat,60,30,30,6.9,167.38,23.56,Rabi
11468,onion,120,60,65,6.12,2169.32,23.73636364,Kharif
96634,barley,70,40,45,5.52,73.47,23.562,Rabi
93351,banana,100,75,50,6.44,2169.32,23.73636364,Whole Year
40259,brinjal,80,15,40,6.68,1037.32,28.08181818,Whole Year
4906,horsegram,20,60,20,6.08,288.3,25.46,Kharif
13506,cardamom,75,75,150,5.1,2817.86,27.90909091,Kharif
57687,sweetpotato,90,20,120,5.18,1299.26,26.51818182,Rabi
92625,jute,80,40,40,5.4,1166.94,28.33333333,Kharif
38407,banana,100,75,50,6.36,942.8,28.99454545,Whole Year
20197,turmeric,25,60,100,4.84,1603.2375,22.89090909,Kharif
58500,maize,80,40,20,5.34,157.31,25.83333333,Summer
15602,sunflower,50,60,30,5.46,510.05,33.37333333,Whole Year
26249,onion,120,60,65,5.88,1299.26,26.51818182,Kharif
90297,maize,80,40,20,5.68,510.05,33.37333333,Summer
93891,moong,20,40,20,5.46,840.46,33.58333333,Kharif
17254,rapeseed,50,40,20,4.9,75.32,22.676,Rabi
49780,potato,180,60,90,5.02,1026.64,29.18636364,Rabi
95192,horsegram,20,60,20,6.18,199.2125,21.3,Kharif
3253,moong,20,40,20,5.52,884.5,27.65454545,Summer
81680,coriander,10,20,20,6.64,1111.68,28.64818182,Rabi
6483,turmeric,25,60,100,5.1,1098.26,15.5,Kharif
51321,coriander,10,20,20,6.52,1603.2375,22.89090909,Rabi
96218,wheat,60,30,30,6.4,73.47,23.562,Rabi
96707,maize,80,40,20,5.58,607.48,26.36666667,Kharif
29919,ragi,50,40,20,5.5,297.66,29.56666667,Kharif
20445,sunflower,50,60,30,5.5,157.31,25.83333333,Whole Year
60327,rice,80,40,40,5.6,742.0124,24.59818182,Kharif
89560,barley,70,40,45,5.46,70.598,18.92,Rabi
48036,moong,20,40,20,5.64,34.81,34.66666667,Kharif
86122,moong,20,40,20,5.32,127.68,20.8,Summer
6175,cotton,120,40,20,5.64,790.98,30.61666667,Kharif
68135,rice,80,40,40,5.42,510.05,33.37333333,Kharif
7209,horsegram,20,60,20,5.92,1246.715,22.6,Rabi
35941,sunflower,50,60,30,5.4,70.11,25.6,Whole Year
18333,banana,100,75,50,6.54,2169.32,23.73636364,Whole Year
16947,barley,70,40,45,5.6,75.32,22.676,Rabi
71159,turmeric,25,60,100,5.08,2169.32,23.73636364,Kharif
52785,maize,80,40,20,5.64,423.745,22.07,Kharif
11188,maize,80,40,20,5.38,288.3,25.46,Summer
21710,sweetpotato,90,20,120,5.02,1050.245,18.77818182,Kharif
56265,turmeric,25,60,100,5.16,1037.32,28.08181818,Kharif
52308,garlic,50,10,60,5.6,1111.68,28.64818182,Rabi
7743,jowar,80,40,40,5.66,70.11,25.6,Rabi
50240,rapeseed,50,40,20,4.84,94.02,22.38,Rabi
32756,maize,80,40,20,5.5,87.2,23.106,Kharif
62730,wheat,60,30,30,6.1,75.32,22.676,Rabi
59194,rice,80,40,40,5.62,1997.12,27.0,Kharif
47170,cabbage,100,65,70,6.6,942.8,28.99454545,Rabi
10742,soyabean,20,60,20,5.4,579.75,34.01,Kharif
41635,sunflower,50,60,30,5.54,1151.02,28.03333333,Whole Year
92966,ragi,50,40,20,5.38,288.3,25.46,Kharif
6370,onion,120,60,65,5.88,421.14,28.50727273,Kharif
43688,cotton,120,40,20,5.44,1011.49,30.43,Kharif
38093,grapes,20,125,200,4.0,884.5,27.65454545,Whole Year
96299,potato,180,60,90,5.12,1111.68,28.64818182,Rabi
35351,onion,120,60,65,5.84,1111.68,28.64818182,Rabi
34399,mango,20,20,30,5.16,1603.2375,22.89090909,Summer
19765,rice,80,40,40,5.38,331.88,35.34666667,Kharif
56760,onion,120,60,65,6.18,2169.32,23.73636364,Rabi
51381,rice,80,40,40,5.58,1246.715,22.6,Kharif
27126,moong,20,40,20,5.6,1246.715,22.6,Kharif
63838,moong,20,40,20,5.58,127.68,20.8,Summer
79904,rice,80,40,40,5.64,2879.86,27.31666667,Kharif
56100,onion,120,60,65,5.84,288.3,25.46,Rabi
73409,onion,120,60,65,5.84,199.2125,21.3,Rabi
98153,moong,20,40,20,5.66,297.66,29.56666667,Summer
70661,onion,120,60,65,6.0,288.3,25.46,Kharif
60900,rapeseed,50,40,20,4.94,66.52,20.312,Rabi
63129,rapeseed,50,40,20,4.94,152.54,22.28,Rabi
985,jute,80,40,40,5.62,840.46,33.58333333,Kharif
79276,jowar,80,40,40,5.6,840.46,33.58333333,Kharif
71228,maize,80,40,20,5.42,840.46,33.58333333,Kharif
79408,moong,20,40,20,5.42,98.98,34.92333333,Summer
94322,ragi,50,40,20,5.64,1151.02,28.03333333,Kharif
90892,banana,100,75,50,6.58,884.5,27.65454545,Whole Year
94775,rice,80,40,40,5.46,664.94,22.03333333,Kharif
68848,jowar,80,40,40,5.5,884.5,27.65454545,Rabi
23025,cotton,120,40,20,5.68,297.66,29.56666667,Kharif
90898,maize,80,40,20,5.46,884.5,27.65454545,Summer
59037,maize,80,40,20,5.46,1246.715,22.6,Summer
13433,jowar,80,40,40,5.64,1246.715,22.6,Rabi
10907,rice,80,40,40,5.46,1166.94,28.33333333,Kharif
84598,sweetpotato,90,20,120,5.18,579.75,34.01,Kharif
99453,wheat,60,30,30,6.8,169.82,14.6,Rabi
13080,turmeric,25,60,100,4.96,1603.2375,22.89090909,Kharif
18965,onion,120,60,65,5.86,1026.64,29.18636364,Kharif
40616,wheat,60,30,30,6.3,127.68,20.8,Rabi
50619,sunflower,50,60,30,5.38,41.3,21.704,Whole Year
91090,rapeseed,50,40,20,4.92,98.94,25.574,Rabi
83725,rice,80,40,40,5.4,297.66,29.56666667,Kharif
73436,onion,120,60,65,5.9,199.2125,21.3,Rabi
40258,bottlegourd,100,50,50,6.44,1037.32,28.08181818,Summer
16986,wheat,60,30,30,6.1,75.32,22.676,Rabi
54375,onion,120,60,65,6.06,884.5,27.65454545,Rabi
31944,papaya,50,50,50,5.9,2169.32,23.73636364,Whole Year
3789,wheat,60,30,30,6.6,75.32,22.676,Rabi
19526,wheat,60,30,30,6.3,15.34,27.276,Rabi
30179,turmeric,25,60,100,4.86,942.8,28.99454545,Kharif
51336,rapeseed,50,40,20,4.9,199.2125,21.3,Rabi
64780,rapeseed,50,40,20,5.1,5.274,27.016,Rabi
2687,ragi,50,40,20,5.52,167.38,23.56,Kharif
58303,wheat,60,30,30,6.5,293.36,14.7,Rabi
61028,wheat,60,30,30,6.11,19.38,22.766,Rabi
74156,rapeseed,50,40,20,5.14,73.47,23.562,Rabi
85745,banana,100,75,50,6.52,1037.32,28.08181818,Whole Year
72784,rice,80,40,40,5.4,516.68,27.86666667,Kharif
980,potato,180,60,90,5.18,1026.64,29.18636364,Rabi
77011,maize,80,40,20,5.34,34.81,34.66666667,Summer
67257,rice,80,40,40,5.58,607.48,26.36666667,Kharif
40408,potato,180,60,90,4.84,2569.52,4.9,Rabi
96612,sweetpotato,90,20,120,4.84,1111.68,28.64818182,Kharif
88060,sunflower,50,60,30,5.64,1246.715,22.6,Whole Year
89191,moong,20,40,20,5.42,607.48,26.36666667,Kharif
73864,banana,100,75,50,6.52,2817.86,27.90909091,Whole Year
62590,cotton,120,40,20,5.58,579.75,34.01,Kharif
18948,potato,180,60,90,4.88,1026.64,29.18636364,Rabi
26164,onion,120,60,65,6.12,1299.26,26.51818182,Kharif
6313,moong,20,40,20,5.4,331.88,35.34666667,Kharif
16800,moong,20,40,20,5.5,34.81,34.66666667,Kharif
8970,potato,180,60,90,5.1,556.2,28.54545455,Rabi
96840,cotton,120,40,20,5.68,607.48,26.36666667,Kharif
33030,sweetpotato,90,20,120,5.0,1299.26,26.51818182,Rabi
33704,horsegram,20,60,20,5.9,664.94,22.03333333,Kharif
51068,moong,20,40,20,5.36,199.2125,21.3,Kharif
55242,sunflower,50,60,30,5.4,34.81,34.66666667,Whole Year
91781,rapeseed,50,40,20,4.84,75.32,22.676,Rabi
45789,moong,20,40,20,5.58,411.52,34.73,Kharif
80034,banana,100,75,50,6.68,810.26,29.95636364,Whole Year
17539,wheat,60,30,30,7.0,152.54,22.28,Rabi
47541,moong,20,40,20,5.64,579.75,34.01,Summer
60597,horsegram,20,60,20,5.92,113.7,30.26666667,Rabi
47286,cabbage,100,65,70,6.38,942.8,28.99454545,Rabi
45363,maize,80,40,20,5.4,1145.22,28.5,Summer
24079,rapeseed,50,40,20,5.14,75.32,22.676,Rabi
21783,jowar,80,40,40,5.62,207.55,26.43333333,Kharif
3896,jowar,80,40,40,5.48,579.75,34.01,Kharif
42593,cotton,120,40,20,5.46,1246.715,22.6,Kharif
79487,ragi,50,40,20,5.36,840.46,33.58333333,Kharif
45387,onion,120,60,65,6.1,1426.3,26.73636364,Kharif
99033,soyabean,20,60,20,5.32,579.75,34.01,Kharif
59112,turmeric,25,60,100,4.9,1603.2375,22.89090909,Kharif
74617,cotton,120,40,20,5.5,607.48,26.36666667,Kharif
25662,rice,80,40,40,5.4,840.46,33.58333333,Kharif
7545,jowar,80,40,40,5.54,1011.49,30.43,Kharif
57191,coriander,10,20,20,6.54,1026.64,29.18636364,Rabi
6267,potato,180,60,90,5.0,810.26,29.95636364,Rabi
82526,moong,20,40,20,5.5,207.55,26.43333333,Kharif
24323,sunflower,50,60,30,5.6,1110.78,25.66666667,Whole Year
90732,blackpepper,100,60,50,5.0,884.5,27.65454545,Whole Year
24167,maize,80,40,20,5.64,579.75,34.01,Summer
65105,barley,70,40,45,5.66,41.3,21.704,Rabi
69921,maize,80,40,20,5.34,75.32,22.676,Summer
3166,banana,100,75,50,6.46,884.5,27.65454545,Whole Year
87940,cotton,120,40,20,5.64,1603.2375,22.89090909,Kharif
74995,jute,80,40,40,5.38,423.745,22.07,Kharif
26343,wheat,60,30,30,6.3,15.34,27.276,Rabi
614,turmeric,25,60,100,5.04,1026.64,29.18636364,Kharif
25324,rapeseed,50,40,20,4.82,127.68,20.8,Rabi
81386,barley,70,40,45,5.6,73.47,23.562,Rabi
39152,potato,180,60,90,5.02,689.88,29.03727273,Rabi
85601,jowar,80,40,40,5.58,1166.94,28.33333333,Kharif
5215,onion,120,60,65,5.84,2169.32,23.73636364,Rabi
53674,rice,80,40,40,5.56,411.52,34.73,Kharif
11404,rapeseed,50,40,20,5.12,127.68,20.8,Rabi
99176,potato,180,60,90,4.86,75.32,22.676,Rabi
97124,maize,80,40,20,5.48,207.55,26.43333333,Kharif
95764,onion,120,60,65,5.82,1246.715,22.6,Kharif
12212,onion,120,60,65,5.94,1026.64,29.18636364,Kharif
16520,moong,20,40,20,5.4,98.94,25.574,Summer
56669,potato,180,60,90,4.88,2169.32,23.73636364,Rabi
673,wheat,60,30,30,6.1,87.2,23.106,Rabi
30272,barley,70,40,45,5.52,75.32,22.676,Rabi
46047,rice,80,40,40,5.54,510.05,33.37333333,Kharif
71992,jowar,80,40,40,5.42,1151.02,28.03333333,Rabi
95359,ragi,50,40,20,5.36,157.31,25.83333333,Kharif
72674,wheat,60,30,30,6.9,240.1,10.38,Rabi
84978,garlic,50,10,60,5.68,75.32,22.676,Rabi
59751,maize,80,40,20,5.52,1011.49,30.43,Kharif
90519,rice,80,40,40,5.38,510.05,33.37333333,Kharif
99186,barley,70,40,45,5.48,75.32,22.676,Rabi
72760,maize,80,40,20,5.32,516.68,27.86666667,Summer
93127,rice,80,40,40,5.44,1543.76,27.33333333,Kharif
25749,maize,80,40,20,5.68,98.98,34.92333333,Summer
48027,maize,80,40,20,5.54,579.75,34.01,Summer
87311,cotton,120,40,20,5.4,790.98,30.61666667,Kharif
25687,jute,80,40,40,5.38,840.46,33.58333333,Kharif
44402,maize,80,40,20,5.44,1011.49,30.43,Summer
22349,rice,80,40,40,5.4,167.38,23.56,Kharif
18937,sunflower,50,60,30,5.4,840.46,33.58333333,Whole Year
5038,potato,180,60,90,4.92,2569.52,4.9,Rabi
14247,barley,70,40,45,5.58,73.47,23.562,Rabi
87898,potato,180,60,90,4.96,199.2125,21.3,Rabi
28609,wheat,60,30,30,6.5,70.11,25.6,Rabi
15292,sunflower,50,60,30,5.44,167.38,23.56,Whole Year
17913,maize,80,40,20,5.54,288.3,25.46,Summer
65897,ragi,50,40,20,5.4,157.31,25.83333333,Kharif
51892,jowar,80,40,40,5.42,1011.49,30.43,Kharif
5854,coriander,10,20,20,6.62,1026.64,29.18636364,Rabi
32999,soyabean,20,60,20,5.46,1151.02,28.03333333,Kharif
63558,rice,80,40,40,5.52,1712.66,11.2,Kharif
38414,mango,20,20,30,5.14,942.8,28.99454545,Summer
21273,rapeseed,50,40,20,5.1,73.47,23.562,Rabi
66440,wheat,60,30,30,6.12,73.47,23.562,Rabi
51665,rice,80,40,40,5.52,330.0,29.33333333,Kharif
76171,garlic,50,10,60,5.42,884.5,27.65454545,Rabi
67972,maize,80,40,20,5.68,1145.22,28.5,Kharif
87416,rice,80,40,40,5.54,331.88,35.34666667,Kharif
64392,wheat,60,30,30,6.1,87.2,23.106,Rabi
804,coriander,10,20,20,6.52,1026.64,29.18636364,Rabi
35680,garlic,50,10,60,5.54,1111.68,28.64818182,Rabi
67041,jowar,80,40,40,5.68,607.48,26.36666667,Rabi
28599,wheat,60,30,30,6.11,70.11,25.6,Rabi
16962,moong,20,40,20,5.52,34.81,34.66666667,Kharif
45220,potato,180,60,90,4.9,742.0124,24.59818182,Rabi
49398,jute,80,40,40,5.64,840.46,33.58333333,Kharif
56948,potato,180,60,90,5.18,1026.64,29.18636364,Rabi
94338,turmeric,25,60,100,4.88,1299.26,26.51818182,Kharif
896,sweetpotato,90,20,120,4.84,1026.64,29.18636364,Rabi
81234,blackpepper,100,60,50,5.12,2817.86,27.90909091,Whole Year
2182,maize,80,40,20,5.46,70.11,25.6,Summer
74912,ragi,50,40,20,5.44,607.48,26.36666667,Kharif
28072,onion,120,60,65,6.14,1111.68,28.64818182,Rabi
67677,horsegram,20,60,20,5.96,113.7,30.26666667,Kharif
26367,rice,80,40,40,5.52,790.98,30.61666667,Kharif
82577,rice,80,40,40,5.36,207.55,26.43333333,Kharif
73834,rice,80,40,40,5.36,490.74,27.6,Kharif
82689,rice,80,40,40,5.56,167.38,23.56,Kharif
68924,rice,80,40,40,5.44,297.66,29.56666667,Kharif
71460,maize,80,40,20,5.44,840.46,33.58333333,Summer
89082,onion,120,60,65,5.98,1111.68,28.64818182,Kharif
16038,rapeseed,50,40,20,5.04,140.52,12.5,Rabi
43508,brinjal,80,15,40,6.52,1111.68,28.64818182,Whole Year
99415,garlic,50,10,60,5.42,1411.78,19.94545455,Rabi
76010,garlic,50,10,60,5.48,556.2,28.54545455,Rabi
32576,rice,80,40,40,5.64,98.98,34.92333333,Kharif
67767,horsegram,20,60,20,5.94,167.38,23.56,Rabi
4790,soyabean,20,60,20,5.32,1166.94,28.33333333,Kharif
62927,rice,80,40,40,5.68,1110.78,25.66666667,Kharif
59358,wheat,60,30,30,6.3,73.47,23.562,Rabi
46141,wheat,60,30,30,7.0,19.38,22.766,Rabi
90721,banana,100,75,50,6.42,884.5,27.65454545,Whole Year
92677,rapeseed,50,40,20,5.0,152.54,22.28,Rabi
85989,potato,180,60,90,4.96,2169.32,23.73636364,Rabi
38993,jowar,80,40,40,5.4,579.75,34.01,Kharif
89628,soyabean,20,60,20,5.4,207.55,26.43333333,Kharif
86899,potato,180,60,90,5.1,1299.26,26.51818182,Rabi
85602,moong,20,40,20,5.62,1166.94,28.33333333,Summer
61552,moong,20,40,20,5.5,297.66,29.56666667,Summer
17298,rice,80,40,40,5.36,579.75,34.01,Kharif
4545,rice,80,40,40,5.36,579.75,34.01,Kharif
83659,rapeseed,50,40,20,4.82,884.5,27.65454545,Rabi
3570,onion,120,60,65,5.92,884.5,27.65454545,Kharif
47222,maize,80,40,20,5.6,98.94,25.574,Kharif
4624,turmeric,25,60,100,5.18,1501.98,25.81818182,Kharif
71978,soyabean,20,60,20,5.46,1151.02,28.03333333,Kharif
59082,banana,100,75,50,6.66,1603.2375,22.89090909,Whole Year
38911,moong,20,40,20,5.46,34.81,34.66666667,Summer
35461,potato,180,60,90,5.1,1111.68,28.64818182,Rabi
48936,jowar,80,40,40,5.58,288.3,25.46,Rabi
9314,horsegram,20,60,20,6.08,297.66,29.56666667,Kharif
14545,wheat,60,30,30,6.6,70.11,25.6,Rabi
13548,banana,100,75,50,6.44,2817.86,27.90909091,Whole Year
36475,wheat,60,30,30,6.12,70.598,18.92,Rabi
22527,potato,180,60,90,4.9,556.2,28.54545455,Rabi
26688,potato,180,60,90,5.16,421.14,28.50727273,Rabi
78010,rice,80,40,40,5.56,1166.94,28.33333333,Kharif
24447,potato,180,60,90,4.96,1501.98,25.81818182,Rabi
20081,sunflower,50,60,30,5.36,199.2125,21.3,Whole Year
68287,cotton,120,40,20,5.32,510.05,33.37333333,Kharif
44098,jowar,80,40,40,5.62,1011.49,30.43,Rabi
95020,onion,120,60,65,6.16,1246.715,22.6,Kharif
31839,wheat,60,30,30,6.3,241.78,1.18,Rabi
51760,onion,120,60,65,6.1,1111.68,28.64818182,Rabi
24998,potato,180,60,90,5.18,2569.52,4.9,Rabi
32796,maize,80,40,20,5.66,87.2,23.106,Summer
48939,onion,120,60,65,5.88,288.3,25.46,Rabi
2873,rice,80,40,40,5.6,411.52,34.73,Kharif
24605,wheat,60,30,30,6.6,152.54,22.28,Rabi
18473,maize,80,40,20,5.42,98.98,34.92333333,Kharif
99658,rice,80,40,40,5.64,182.5,29.2,Kharif
80487,moong,20,40,20,5.6,1246.715,22.6,Summer
58833,sunflower,50,60,30,5.64,1246.715,22.6,Whole Year
31317,wheat,60,30,30,7.0,152.54,22.28,Rabi
16264,wheat,60,30,30,6.7,446.14,25.44,Rabi
69766,sunflower,50,60,30,5.42,34.81,34.66666667,Whole Year
42619,mango,20,20,30,5.18,1603.2375,22.89090909,Summer
59153,rice,80,40,40,5.44,157.31,25.83333333,Kharif
54865,potato,180,60,90,5.0,75.32,22.676,Rabi
92791,sweetpotato,90,20,120,4.82,1037.32,28.08181818,Rabi
27894,rice,80,40,40,5.46,1011.49,30.43,Kharif
9506,ragi,50,40,20,5.68,297.66,29.56666667,Kharif
88667,jowar,80,40,40,5.56,1011.49,30.43,Rabi
80755,ragi,50,40,20,5.4,1246.715,22.6,Kharif
88579,cotton,120,40,20,5.36,1111.68,28.64818182,Kharif
42295,potato,180,60,90,4.92,1089.6,20.70909091,Rabi
69525,banana,100,75,50,6.68,689.88,29.03727273,Whole Year
35277,barley,70,40,45,5.54,73.47,23.562,Rabi
47520,rapeseed,50,40,20,5.16,75.32,22.676,Rabi
62005,sweetpotato,90,20,120,4.88,689.88,29.03727273,Rabi
39033,potato,180,60,90,5.02,689.88,29.03727273,Rabi
72437,rapeseed,50,40,20,5.1,41.3,21.704,Rabi
54350,moong,20,40,20,5.56,297.66,29.56666667,Kharif
46758,ragi,50,40,20,5.54,297.66,29.56666667,Kharif
47319,coriander,10,20,20,6.64,942.8,28.99454545,Rabi
77826,horsegram,20,60,20,6.0,1110.78,25.66666667,Rabi
83678,sweetpotato,90,20,120,4.86,884.5,27.65454545,Kharif
82815,rice,80,40,40,5.38,1145.22,28.5,Kharif
2530,ragi,50,40,20,5.38,1145.22,28.5,Kharif
46210,garlic,50,10,60,5.36,556.2,28.54545455,Rabi
34177,horsegram,20,60,20,6.02,1246.715,22.6,Rabi
14151,wheat,60,30,30,6.6,73.47,23.562,Rabi
10591,rapeseed,50,40,20,4.96,75.32,22.676,Rabi
20381,ragi,50,40,20,5.66,157.31,25.83333333,Kharif
5019,sunflower,50,60,30,5.66,1712.66,11.2,Whole Year
21583,jowar,80,40,40,5.36,70.11,25.6,Rabi
48064,maize,80,40,20,5.66,579.75,34.01,Summer
27847,rice,80,40,40,5.46,1011.49,30.43,Kharif
186,sunflower,50,60,30,5.32,1712.66,11.2,Whole Year
19910,wheat,60,30,30,6.7,293.36,14.7,Rabi
57892,wheat,60,30,30,6.12,15.34,27.276,Rabi
17113,moong,20,40,20,5.46,34.81,34.66666667,Kharif
76748,onion,120,60,65,5.92,75.32,22.676,Kharif
30874,rapeseed,50,40,20,5.16,75.32,22.676,Rabi
1463,rice,80,40,40,5.5,331.88,35.34666667,Kharif
73323,coriander,10,20,20,6.58,1603.2375,22.89090909,Rabi
26298,sunflower,50,60,30,5.32,1151.02,28.03333333,Whole Year
27090,maize,80,40,20,5.44,157.31,25.83333333,Summer
2742,ragi,50,40,20,5.68,1145.22,28.5,Kharif
23374,ragi,50,40,20,5.34,98.94,25.574,Kharif
31692,sweetpotato,90,20,120,4.82,1037.32,28.08181818,Rabi
75475,moong,20,40,20,5.6,1145.22,28.5,Summer
94162,horsegram,20,60,20,5.96,94.02,22.38,Kharif
67788,moong,20,40,20,5.56,113.7,30.26666667,Summer
81084,coriander,10,20,20,6.68,1603.2375,22.89090909,Rabi
51537,sweetpotato,90,20,120,5.0,2817.86,27.90909091,Kharif
21454,cotton,120,40,20,5.58,607.48,26.36666667,Kharif
572,wheat,60,30,30,6.6,127.68,20.8,Rabi
53430,potato,180,60,90,4.98,167.38,23.56,Rabi
39231,maize,80,40,20,5.38,579.75,34.01,Kharif
5346,rice,80,40,40,5.5,497.88,25.03333333,Kharif
75502,ragi,50,40,20,5.52,1145.22,28.5,Kharif
46242,jowar,80,40,40,5.54,510.05,33.37333333,Kharif
47805,moong,20,40,20,5.66,34.81,34.66666667,Kharif
18342,wheat,60,30,30,6.3,127.68,20.8,Rabi
92038,wheat,60,30,30,6.6,75.32,22.676,Rabi
58664,coriander,10,20,20,6.68,1603.2375,22.89090909,Rabi
39176,rapeseed,50,40,20,4.98,75.32,22.676,Rabi
19869,maize,80,40,20,5.58,516.68,27.86666667,Kharif
45914,potato,180,60,90,5.0,556.2,28.54545455,Rabi
49585,rice,80,40,40,5.6,87.2,23.106,Kharif
98380,soyabean,20,60,20,5.58,770.44,28.68,Kharif
60536,rapeseed,50,40,20,4.86,167.38,23.56,Rabi
44422,maize,80,40,20,5.42,1011.49,30.43,Kharif
11794,banana,100,75,50,6.46,1026.64,29.18636364,Whole Year
63285,horsegram,20,60,20,5.86,288.3,25.46,Rabi
17471,rapeseed,50,40,20,4.82,152.54,22.28,Rabi
43476,turmeric,25,60,100,5.04,2817.86,27.90909091,Kharif
41624,onion,120,60,65,5.92,1299.26,26.51818182,Rabi
11906,moong,20,40,20,5.42,87.2,23.106,Kharif
42151,jowar,80,40,40,5.42,331.88,35.34666667,Kharif
64396,rice,80,40,40,5.68,87.2,23.106,Kharif
32906,sweetpotato,90,20,120,4.94,1026.64,29.18636364,Rabi
74059,wheat,60,30,30,6.3,73.47,23.562,Rabi
64348,barley,70,40,45,5.66,87.2,23.106,Rabi
61167,moong,20,40,20,5.34,510.05,33.37333333,Summer
78549,moong,20,40,20,5.58,127.68,20.8,Kharif
66439,rapeseed,50,40,20,4.84,73.47,23.562,Rabi
2339,rice,80,40,40,5.5,607.48,26.36666667,Kharif
76081,soyabean,20,60,20,5.52,1875.6,20.1,Kharif
15182,horsegram,20,60,20,6.04,167.38,23.56,Rabi
74230,garlic,50,10,60,5.38,1111.68,28.64818182,Rabi
38224,sweetpotato,90,20,120,5.14,884.5,27.65454545,Kharif
28153,maize,80,40,20,5.5,1011.49,30.43,Kharif
38146,tomato,100,40,90,6.08,884.5,27.65454545,Whole Year
45989,jowar,80,40,40,5.34,510.05,33.37333333,Rabi
22853,moong,20,40,20,5.56,510.05,33.37333333,Kharif
84064,coriander,10,20,20,6.4,942.8,28.99454545,Rabi
39699,rice,80,40,40,5.54,1166.94,28.33333333,Kharif
65290,potato,180,60,90,4.88,122.42,18.58,Rabi
34286,maize,80,40,20,5.52,1246.715,22.6,Summer
37340,garlic,50,10,60,5.44,556.2,28.54545455,Rabi
38444,grapes,20,125,200,3.86,942.8,28.99454545,Whole Year
90234,moong,20,40,20,5.6,510.05,33.37333333,Summer
48701,jowar,80,40,40,5.62,288.3,25.46,Kharif
2168,jowar,80,40,40,5.4,607.48,26.36666667,Kharif
8558,moong,20,40,20,5.58,113.7,30.26666667,Summer
96560,moong,20,40,20,5.56,1011.49,30.43,Kharif
80323,rice,80,40,40,5.46,664.94,22.03333333,Kharif
17891,moong,20,40,20,5.5,288.3,25.46,Kharif
618,barley,70,40,45,5.36,87.2,23.106,Rabi
92664,rice,80,40,40,5.68,182.5,29.2,Kharif
93231,sweetpotato,90,20,120,5.02,2169.32,23.73636364,Kharif
35345,wheat,60,30,30,6.6,73.47,23.562,Rabi
1137,rapeseed,50,40,20,5.02,87.2,23.106,Rabi
46510,pumpkin,80,50,30,5.42,884.5,27.65454545,Summer
83012,banana,100,75,50,6.44,162.72,29.4,Whole Year
2360,maize,80,40,20,5.52,607.48,26.36666667,Summer
1060,rice,80,40,40,5.64,840.46,33.58333333,Kharif
18887,maize,80,40,20,5.32,840.46,33.58333333,Kharif
94821,garlic,50,10,60,5.54,240.1,10.38,Rabi
28437,jowar,80,40,40,5.58,70.11,25.6,Rabi
53596,onion,120,60,65,6.12,1426.3,26.73636364,Kharif
79670,sunflower,50,60,30,5.56,1151.02,28.03333333,Whole Year
23883,moong,20,40,20,5.58,579.75,34.01,Summer
10744,rapeseed,50,40,20,5.18,75.32,22.676,Rabi
22657,rapeseed,50,40,20,5.1,19.38,22.766,Rabi
33198,moong,20,40,20,5.38,1151.02,28.03333333,Summer
29128,horsegram,20,60,20,6.0,1145.22,28.5,Rabi
20013,wheat,60,30,30,6.1,199.2125,21.3,Rabi
61390,rapeseed,50,40,20,5.06,446.14,25.44,Rabi
35678,cauliflower,80,70,50,6.32,1111.68,28.64818182,Rabi
81635,barley,70,40,45,5.62,73.47,23.562,Rabi
2259,jowar,80,40,40,5.44,70.11,25.6,Kharif
65940,sunflower,50,60,30,5.32,157.31,25.83333333,Whole Year
13523,rice,80,40,40,5.64,1997.12,27.0,Kharif
43692,rice,80,40,40,5.68,1011.49,30.43,Kharif
44694,cotton,120,40,20,5.32,607.48,26.36666667,Kharif
7895,rice,80,40,40,5.66,607.48,26.36666667,Kharif
60999,maize,80,40,20,5.56,510.05,33.37333333,Kharif
98272,horsegram,20,60,20,5.94,297.66,29.56666667,Kharif
41084,sunflower,50,60,30,5.32,840.46,33.58333333,Whole Year
9887,sunflower,50,60,30,5.44,75.32,22.676,Whole Year
2999,jowar,80,40,40,5.64,510.05,33.37333333,Rabi
48382,rice,80,40,40,5.68,1110.78,25.66666667,Kharif
75262,rice,80,40,40,5.64,1145.22,28.5,Kharif
64955,wheat,60,30,30,6.1,15.34,27.276,Rabi
41192,potato,180,60,90,4.86,1026.64,29.18636364,Rabi
26575,potato,180,60,90,5.16,421.14,28.50727273,Rabi
6187,moong,20,40,20,5.48,790.98,30.61666667,Summer
37200,cotton,120,40,20,5.52,510.05,33.37333333,Kharif
73669,jowar,80,40,40,5.62,1246.715,22.6,Kharif
90212,potato,180,60,90,4.86,556.2,28.54545455,Rabi
94529,moong,20,40,20,5.52,3.94,33.76333333,Summer
48790,maize,80,40,20,5.68,654.34,29.26666667,Kharif
33250,coriander,10,20,20,6.66,1299.26,26.51818182,Rabi
32231,papaya,50,50,50,5.82,2169.32,23.73636364,Whole Year
27519,banana,100,75,50,6.36,2817.86,27.90909091,Whole Year
59373,onion,120,60,65,6.02,1111.68,28.64818182,Rabi
19223,moong,20,40,20,5.64,94.02,22.38,Kharif
16009,jowar,80,40,40,5.4,510.05,33.37333333,Rabi
43273,rice,80,40,40,5.38,1997.12,27.0,Kharif
96554,potato,180,60,90,4.84,1111.68,28.64818182,Rabi
10783,rapeseed,50,40,20,4.98,75.32,22.676,Rabi
73668,horsegram,20,60,20,5.82,1246.715,22.6,Rabi
8034,ragi,50,40,20,5.32,607.48,26.36666667,Kharif
49247,sweetpotato,90,20,120,5.04,2169.32,23.73636364,Kharif
47723,potato,180,60,90,5.0,689.88,29.03727273,Rabi
6541,barley,70,40,45,5.6,240.1,10.38,Rabi
38806,potato,180,60,90,4.98,689.88,29.03727273,Rabi
35736,barley,70,40,45,5.5,73.47,23.562,Rabi
876,maize,80,40,20,5.34,98.98,34.92333333,Kharif
96478,sweetpotato,90,20,120,5.06,1111.68,28.64818182,Kharif
78691,rice,80,40,40,5.64,497.88,25.03333333,Kharif
9342,onion,120,60,65,5.96,884.5,27.65454545,Rabi
42118,barley,70,40,45,5.62,41.3,21.704,Rabi
46872,sunflower,50,60,30,5.42,297.66,29.56666667,Whole Year
474,sweetpotato,90,20,120,4.9,2169.32,23.73636364,Rabi
11133,rice,80,40,40,5.68,654.34,29.26666667,Kharif
40153,jowar,80,40,40,5.6,288.3,25.46,Rabi
7841,sunflower,50,60,30,5.66,37.09,27.96666667,Whole Year
79601,maize,80,40,20,5.6,1151.02,28.03333333,Kharif
40156,onion,120,60,65,5.98,288.3,25.46,Rabi
75883,onion,120,60,65,6.06,556.2,28.54545455,Kharif
3502,sweetpotato,90,20,120,4.98,884.5,27.65454545,Rabi
65302,ragi,50,40,20,5.32,976.06,25.66666667,Kharif
16757,barley,70,40,45,5.6,75.32,22.676,Rabi
63019,jute,80,40,40,5.62,1166.94,28.33333333,Kharif
74857,sunflower,50,60,30,5.46,70.11,25.6,Whole Year
74588,jowar,80,40,40,5.5,607.48,26.36666667,Kharif
81954,garlic,50,10,60,5.32,1111.68,28.64818182,Rabi
68263,potato,180,60,90,5.16,556.2,28.54545455,Rabi
95770,maize,80,40,20,5.5,199.2125,21.3,Kharif
44883,rice,80,40,40,5.66,607.48,26.36666667,Kharif
87823,rice,80,40,40,5.56,157.31,25.83333333,Kharif
44154,jowar,80,40,40,5.68,1011.49,30.43,Kharif
73232,jowar,80,40,40,5.34,157.31,25.83333333,Rabi
37266,garlic,50,10,60,5.64,556.2,28.54545455,Rabi
80714,rice,80,40,40,5.34,157.31,25.83333333,Kharif
88294,blackpepper,100,60,50,5.06,2817.86,27.90909091,Whole Year
79097,rapeseed,50,40,20,4.82,87.2,23.106,Rabi
97479,ragi,50,40,20,5.48,167.38,23.56,Kharif
62432,banana,100,75,50,6.62,689.88,29.03727273,Whole Year
33560,onion,120,60,65,5.86,421.14,28.50727273,Kharif
67111,wheat,60,30,30,6.1,70.11,25.6,Rabi
47282,banana,100,75,50,6.34,942.8,28.99454545,Whole Year
92489,wheat,60,30,30,6.5,152.54,22.28,Rabi
75303,rapeseed,50,40,20,5.1,167.38,23.56,Rabi
79848,rapeseed,50,40,20,4.94,94.02,22.38,Rabi
54736,sunflower,50,60,30,5.54,770.44,28.68,Whole Year
37978,maize,80,40,20,5.6,297.66,29.56666667,Summer
61515,horsegram,20,60,20,6.06,297.66,29.56666667,Kharif
78874,maize,80,40,20,5.56,1543.76,27.33333333,Kharif
25173,potato,180,60,90,4.9,2169.32,23.73636364,Rabi
60802,maize,80,40,20,5.34,1145.22,28.5,Summer
58461,potato,180,60,90,4.98,122.42,18.58,Rabi
30258,moong,20,40,20,5.56,579.75,34.01,Summer
25841,sweetpotato,90,20,120,4.94,1026.64,29.18636364,Kharif
82602,soyabean,20,60,20,5.52,207.55,26.43333333,Kharif
58718,rice,80,40,40,5.42,157.31,25.83333333,Kharif
13274,banana,100,75,50,6.54,1603.2375,22.89090909,Whole Year
11614,wheat,60,30,30,6.1,127.68,20.8,Rabi
40853,potato,180,60,90,4.88,1026.64,29.18636364,Rabi
69472,rice,80,40,40,5.32,579.75,34.01,Kharif
39763,potato,180,60,90,4.86,152.54,22.28,Rabi
54055,sweetpotato,90,20,120,5.08,556.2,28.54545455,Rabi
5047,turmeric,25,60,100,4.92,2569.52,4.9,Kharif
92011,rapeseed,50,40,20,5.08,75.32,22.676,Rabi
4244,moong,20,40,20,5.38,579.75,34.01,Summer
59444,rapeseed,50,40,20,5.06,73.47,23.562,Rabi
46208,wheat,60,30,30,6.8,19.38,22.766,Rabi
96943,maize,80,40,20,5.38,423.745,22.07,Kharif
51344,coriander,10,20,20,6.4,1603.2375,22.89090909,Rabi
40569,banana,100,75,50,6.32,2169.32,23.73636364,Whole Year
61825,coriander,10,20,20,6.68,942.8,28.99454545,Rabi
15902,rapeseed,50,40,20,5.18,19.38,22.766,Rabi
67453,rapeseed,50,40,20,4.96,56.236,15.852,Rabi
35087,sunflower,50,60,30,5.58,1011.49,30.43,Whole Year
61999,rapeseed,50,40,20,4.9,75.32,22.676,Rabi
31780,sweetpotato,90,20,120,4.9,1037.32,28.08181818,Rabi
70175,rapeseed,50,40,20,4.84,169.82,14.6,Rabi
40322,cucumber,60,60,85,6.42,1037.32,28.08181818,Summer
92854,wheat,60,30,30,6.7,288.3,25.46,Rabi
74364,rice,80,40,40,5.64,1011.49,30.43,Kharif
3656,horsegram,20,60,20,6.0,98.94,25.574,Kharif
42109,mango,20,20,30,5.14,421.14,28.50727273,Summer
13320,potato,180,60,90,5.02,1603.2375,22.89090909,Rabi
90171,barley,70,40,45,5.38,19.38,22.766,Rabi
49226,cotton,120,40,20,5.56,1543.76,27.33333333,Kharif
15807,moong,20,40,20,5.56,510.05,33.37333333,Kharif
4510,rice,80,40,40,5.56,579.75,34.01,Kharif
8601,maize,80,40,20,5.5,1145.22,28.5,Kharif
2797,maize,80,40,20,5.58,411.52,34.73,Kharif
55345,banana,100,75,50,6.58,689.88,29.03727273,Whole Year
6606,coriander,10,20,20,6.5,1603.2375,22.89090909,Rabi
46024,coriander,10,20,20,6.36,556.2,28.54545455,Rabi
81501,onion,120,60,65,6.0,1111.68,28.64818182,Rabi
84119,soyabean,20,60,20,5.36,770.44,28.68,Kharif
78932,wheat,60,30,30,6.7,127.68,20.8,Rabi
30042,sweetpotato,90,20,120,4.88,942.8,28.99454545,Kharif
69740,rice,80,40,40,5.4,579.75,34.01,Kharif
80412,rapeseed,50,40,20,4.96,293.36,14.7,Rabi
9423,onion,120,60,65,5.86,884.5,27.65454545,Kharif
85748,sweetpotato,90,20,120,5.06,1037.32,28.08181818,Kharif
32937,maize,80,40,20,5.44,98.98,34.92333333,Kharif
2937,wheat,60,30,30,6.1,19.38,22.766,Rabi
60524,maize,80,40,20,5.4,1145.22,28.5,Summer
11751,wheat,60,30,30,7.0,87.2,23.106,Rabi
3200,sunflower,50,60,30,5.4,884.5,27.65454545,Whole Year
26001,sunflower,50,60,30,5.32,840.46,33.58333333,Whole Year
35722,coriander,10,20,20,6.64,1111.68,28.64818182,Rabi
65543,potato,180,60,90,5.04,1603.2375,22.89090909,Rabi
15750,jowar,80,40,40,5.46,510.05,33.37333333,Rabi
25686,horsegram,20,60,20,6.0,840.46,33.58333333,Rabi
85625,jowar,80,40,40,5.6,288.3,25.46,Kharif
32048,rapeseed,50,40,20,5.14,127.68,20.8,Rabi
17317,rice,80,40,40,5.6,34.81,34.66666667,Kharif
53187,rice,80,40,40,5.58,167.38,23.56,Kharif
78689,rapeseed,50,40,20,5.02,127.68,20.8,Rabi
18886,jute,80,40,40,5.56,840.46,33.58333333,Kharif
72125,moong,20,40,20,5.58,94.02,22.38,Summer
52894,sunflower,50,60,30,5.54,70.598,18.92,Whole Year
30895,sunflower,50,60,30,5.46,579.75,34.01,Whole Year
90187,potato,180,60,90,5.06,556.2,28.54545455,Rabi
33598,wheat,60,30,30,6.12,41.3,21.704,Rabi
73525,banana,100,75,50,6.52,1603.2375,22.89090909,Whole Year
76352,sunflower,50,60,30,5.66,884.5,27.65454545,Whole Year
78090,maize,80,40,20,5.4,152.54,22.28,Kharif
43020,mango,20,20,30,5.12,1603.2375,22.89090909,Summer
16290,banana,100,75,50,6.58,884.5,27.65454545,Whole Year
30463,wheat,60,30,30,7.0,75.32,22.676,Rabi
57669,onion,120,60,65,6.02,1299.26,26.51818182,Rabi
79673,potato,180,60,90,4.86,94.02,22.38,Rabi
68151,rapeseed,50,40,20,4.96,19.38,22.766,Rabi
45159,rice,80,40,40,5.32,423.745,22.07,Kharif
24237,moong,20,40,20,5.46,75.32,22.676,Kharif
86765,rice,80,40,40,5.44,87.2,23.106,Kharif
47311,rice,80,40,40,5.56,98.94,25.574,Kharif
23489,rice,80,40,40,5.36,1220.22,27.26666667,Kharif
53667,wheat,60,30,30,6.3,66.52,20.312,Rabi
23420,coriander,10,20,20,6.66,942.8,28.99454545,Rabi
7411,soyabean,20,60,20,5.48,1011.49,30.43,Kharif
90207,rapeseed,50,40,20,5.0,19.38,22.766,Rabi
59726,moong,20,40,20,5.4,1011.49,30.43,Kharif
14827,rapeseed,50,40,20,5.12,70.598,18.92,Rabi
87803,jowar,80,40,40,5.46,1246.715,22.6,Rabi
93999,rapeseed,50,40,20,5.02,87.2,23.106,Rabi
94834,moong,20,40,20,5.66,664.94,22.03333333,Summer
91695,maize,80,40,20,5.48,34.81,34.66666667,Kharif
22926,turmeric,25,60,100,4.94,884.5,27.65454545,Kharif
68365,barley,70,40,45,5.68,19.38,22.766,Rabi
71284,rice,80,40,40,5.52,87.2,23.106,Kharif
61863,moong,20,40,20,5.5,98.94,25.574,Kharif
72286,moong,20,40,20,5.5,790.98,30.61666667,Kharif
7031,rice,80,40,40,5.6,1246.715,22.6,Kharif
22197,jowar,80,40,40,5.68,1145.22,28.5,Rabi
5866,maize,80,40,20,5.36,87.2,23.106,Kharif
44879,tomato,100,40,90,6.16,714.68,26.45454545,Whole Year
27779,rapeseed,50,40,20,5.02,73.47,23.562,Rabi
39059,jowar,80,40,40,5.58,579.75,34.01,Kharif
31685,brinjal,80,15,40,6.42,1037.32,28.08181818,Whole Year
12000,rapeseed,50,40,20,5.08,87.2,23.106,Rabi
68640,turmeric,25,60,100,5.18,884.5,27.65454545,Kharif
24577,moong,20,40,20,5.36,182.5,29.2,Summer
97527,horsegram,20,60,20,6.12,167.38,23.56,Rabi
2323,jowar,80,40,40,5.6,70.11,25.6,Kharif
17713,moong,20,40,20,5.44,1166.94,28.33333333,Summer
40162,ladyfinger,80,10,40,6.46,1037.32,28.08181818,Summer
81027,onion,120,60,65,6.04,157.31,25.83333333,Rabi
26217,sweetpotato,90,20,120,5.06,1299.26,26.51818182,Rabi
23813,jowar,80,40,40,5.66,579.75,34.01,Kharif
51269,sunflower,50,60,30,5.52,1246.715,22.6,Whole Year
85236,wheat,60,30,30,6.8,169.82,14.6,Rabi
45526,horsegram,20,60,20,5.82,1145.22,28.5,Rabi
87257,moong,20,40,20,5.46,790.98,30.61666667,Kharif
8341,maize,80,40,20,5.38,1145.22,28.5,Kharif
22279,sweetpotato,90,20,120,5.0,1426.3,26.73636364,Kharif
14044,coriander,10,20,20,6.66,1111.68,28.64818182,Rabi
69871,sweetpotato,90,20,120,5.02,579.75,34.01,Rabi
53791,garlic,50,10,60,5.44,556.2,28.54545455,Rabi
15753,rice,80,40,40,5.64,510.05,33.37333333,Kharif
53594,coriander,10,20,20,6.5,1426.3,26.73636364,Rabi
92387,onion,120,60,65,5.82,1411.78,19.94545455,Rabi
17808,coriander,10,20,20,6.68,1037.32,28.08181818,Rabi
7301,rice,80,40,40,5.52,490.74,27.6,Kharif
21240,cotton,120,40,20,5.46,1011.49,30.43,Kharif
11269,moong,20,40,20,5.62,288.3,25.46,Summer
77292,wheat,60,30,30,6.6,75.32,22.676,Rabi
67570,potato,180,60,90,5.06,207.55,26.43333333,Rabi
11943,moong,20,40,20,5.32,840.46,33.58333333,Kharif
30040,wheat,60,30,30,6.8,98.94,25.574,Rabi
2211,moong,20,40,20,5.46,607.48,26.36666667,Kharif
3313,banana,100,75,50,6.52,884.5,27.65454545,Whole Year
62587,garlic,50,10,60,5.48,689.88,29.03727273,Rabi
16638,rice,80,40,40,5.68,579.75,34.01,Kharif
66182,sweetpotato,90,20,120,5.14,2817.86,27.90909091,Rabi
64629,jowar,80,40,40,5.44,1151.02,28.03333333,Kharif
19209,rapeseed,50,40,20,5.12,94.02,22.38,Rabi
89076,jowar,80,40,40,5.46,1011.49,30.43,Kharif
10214,maize,80,40,20,5.58,34.81,34.66666667,Summer
87872,rapeseed,50,40,20,4.9,199.2125,21.3,Rabi
46186,turmeric,25,60,100,5.04,556.2,28.54545455,Kharif
17494,turmeric,25,60,100,4.98,1501.98,25.81818182,Kharif
39719,jute,80,40,40,5.32,1166.94,28.33333333,Kharif
97682,wheat,60,30,30,6.12,66.52,20.312,Rabi
21129,maize,80,40,20,5.4,1011.49,30.43,Kharif
42910,rice,80,40,40,5.46,157.31,25.83333333,Kharif
50053,rapeseed,50,40,20,4.82,94.02,22.38,Rabi
86883,maize,80,40,20,5.62,80.926,28.7,Kharif
4911,sunflower,50,60,30,5.64,288.3,25.46,Whole Year
74473,garlic,50,10,60,5.64,1111.68,28.64818182,Rabi
75841,moong,20,40,20,5.58,510.05,33.37333333,Kharif
97013,turmeric,25,60,100,5.1,1050.245,18.77818182,Kharif
92458,potato,180,60,90,5.08,1110.78,25.66666667,Rabi
13401,jowar,80,40,40,5.66,1246.715,22.6,Kharif
19555,moong,20,40,20,5.4,790.98,30.61666667,Summer
65356,rice,80,40,40,5.5,976.06,25.66666667,Kharif
50520,rapeseed,50,40,20,5.12,41.3,21.704,Rabi
26667,rapeseed,50,40,20,4.82,41.3,21.704,Rabi
2299,rice,80,40,40,5.52,607.48,26.36666667,Kharif
91890,sunflower,50,60,30,5.66,34.81,34.66666667,Whole Year
16183,turmeric,25,60,100,4.86,884.5,27.65454545,Kharif
79373,rice,80,40,40,5.4,98.98,34.92333333,Kharif
94740,cotton,120,40,20,5.32,331.88,35.34666667,Kharif
55705,horsegram,20,60,20,6.1,1110.78,25.66666667,Rabi
35703,onion,120,60,65,6.18,1111.68,28.64818182,Rabi
81672,jowar,80,40,40,5.32,1011.49,30.43,Rabi
83491,rapeseed,50,40,20,5.02,19.38,22.766,Rabi
54631,onion,120,60,65,6.14,98.94,25.574,Rabi
21290,jowar,80,40,40,5.32,1011.49,30.43,Rabi
88754,maize,80,40,20,5.4,1111.68,28.64818182,Kharif
86445,rice,80,40,40,5.4,87.2,23.106,Kharif
98284,sunflower,50,60,30,5.44,297.66,29.56666667,Whole Year
83800,cotton,120,40,20,5.56,884.5,27.65454545,Kharif
43537,horsegram,20,60,20,5.9,1011.49,30.43,Kharif
11199,ragi,50,40,20,5.48,654.34,29.26666667,Kharif
44878,onion,120,60,65,6.18,714.68,26.45454545,Rabi
6138,onion,120,60,65,5.92,810.26,29.95636364,Rabi
2327,cotton,120,40,20,5.5,714.68,26.45454545,Kharif
4184,moong,20,40,20,5.48,579.75,34.01,Kharif
7783,sunflower,50,60,30,5.62,607.48,26.36666667,Whole Year
16933,sunflower,50,60,30,5.42,579.75,34.01,Whole Year
96171,wheat,60,30,30,6.12,73.47,23.562,Rabi
16540,moong,20,40,20,5.58,770.44,28.68,Kharif
75875,cotton,120,40,20,5.48,510.05,33.37333333,Kharif
9158,cotton,120,40,20,5.4,510.05,33.37333333,Kharif
83454,wheat,60,30,30,6.12,19.38,22.766,Rabi
88089,jowar,80,40,40,5.36,199.2125,21.3,Rabi
49329,sweetpotato,90,20,120,4.86,2169.32,23.73636364,Kharif
48509,moong,20,40,20,5.66,182.5,29.2,Summer
88211,cardamom,75,75,150,5.12,1603.2375,22.89090909,Kharif
69398,maize,80,40,20,5.4,579.75,34.01,Kharif
53635,wheat,60,30,30,6.7,66.52,20.312,Rabi
90136,rice,80,40,40,5.4,411.52,34.73,Kharif
79193,potato,180,60,90,4.92,840.46,33.58333333,Rabi
22916,rice,80,40,40,5.38,297.66,29.56666667,Kharif
99634,soyabean,20,60,20,5.36,1166.94,28.33333333,Kharif
71943,horsegram,20,60,20,6.0,94.02,22.38,Rabi
43986,jowar,80,40,40,5.32,73.47,23.562,Rabi
76119,potato,180,60,90,5.14,884.5,27.65454545,Rabi
38775,moong,20,40,20,5.54,34.81,34.66666667,Summer
62145,turmeric,25,60,100,4.82,75.32,22.676,Kharif
54186,jowar,80,40,40,5.58,297.66,29.56666667,Kharif
28021,maize,80,40,20,5.52,1011.49,30.43,Kharif
6071,banana,100,75,50,6.46,1026.64,29.18636364,Whole Year
50485,maize,80,40,20,5.5,790.98,30.61666667,Summer
90248,barley,70,40,45,5.62,19.38,22.766,Rabi
92595,maize,80,40,20,5.66,182.5,29.2,Kharif
50538,sweetpotato,90,20,120,4.86,421.14,28.50727273,Rabi
6355,sweetpotato,90,20,120,5.04,421.14,28.50727273,Kharif
66352,sweetpotato,90,20,120,5.16,1111.68,28.64818182,Rabi
31756,maize,80,40,20,5.6,654.34,29.26666667,Summer
77086,rice,80,40,40,5.4,579.75,34.01,Kharif
59468,rice,80,40,40,5.34,1011.49,30.43,Kharif
43071,mango,20,20,30,4.98,1603.2375,22.89090909,Summer
86002,wheat,60,30,30,6.8,127.68,20.8,Rabi
25610,rice,80,40,40,5.62,98.98,34.92333333,Kharif
20037,rapeseed,50,40,20,4.98,199.2125,21.3,Rabi
12382,jowar,80,40,40,5.62,790.98,30.61666667,Kharif
94112,soyabean,20,60,20,5.5,1151.02,28.03333333,Kharif
97947,wheat,60,30,30,6.3,19.38,22.766,Rabi
59826,sweetpotato,90,20,120,5.14,1111.68,28.64818182,Rabi
4189,barley,70,40,45,5.42,75.32,22.676,Rabi
28137,ragi,50,40,20,5.32,1011.49,30.43,Kharif
18974,rice,80,40,40,5.58,840.46,33.58333333,Kharif
35957,jowar,80,40,40,5.4,70.11,25.6,Kharif
77245,wheat,60,30,30,6.4,75.32,22.676,Rabi
68253,jowar,80,40,40,5.48,510.05,33.37333333,Rabi
31916,maize,80,40,20,5.68,1543.76,27.33333333,Summer
63392,ragi,50,40,20,5.66,654.34,29.26666667,Kharif
83453,rapeseed,50,40,20,5.02,19.38,22.766,Rabi
95634,jowar,80,40,40,5.52,199.2125,21.3,Kharif
16275,maize,80,40,20,5.44,297.66,29.56666667,Kharif
22782,garlic,50,10,60,5.48,556.2,28.54545455,Rabi
95669,ragi,50,40,20,5.34,1246.715,22.6,Kharif
80716,banana,100,75,50,6.64,1603.2375,22.89090909,Whole Year
81105,onion,120,60,65,5.82,157.31,25.83333333,Rabi
29524,moong,20,40,20,5.42,510.05,33.37333333,Summer
21872,rapeseed,50,40,20,4.98,167.38,23.56,Rabi
77950,jute,80,40,40,5.58,1166.94,28.33333333,Kharif
69215,sweetpotato,90,20,120,5.16,579.75,34.01,Kharif
65608,cotton,120,40,20,5.54,1603.2375,22.89090909,Kharif
55091,onion,120,60,65,6.08,689.88,29.03727273,Kharif
28049,maize,80,40,20,5.56,1011.49,30.43,Summer
2783,horsegram,20,60,20,6.0,167.38,23.56,Kharif
73505,sunflower,50,60,30,5.34,157.31,25.83333333,Whole Year
26703,maize,80,40,20,5.58,664.94,22.03333333,Kharif
39573,potato,180,60,90,5.1,169.82,14.6,Rabi
36275,rapeseed,50,40,20,4.96,40.023,23.14,Rabi
46430,blackpepper,100,60,50,4.96,884.5,27.65454545,Whole Year
80460,rapeseed,50,40,20,5.06,293.36,14.7,Rabi
30833,wheat,60,30,30,6.9,75.32,22.676,Rabi
7732,wheat,60,30,30,6.4,70.11,25.6,Rabi
4449,maize,80,40,20,5.42,34.81,34.66666667,Summer
97522,ragi,50,40,20,5.4,1145.22,28.5,Kharif
3737,barley,70,40,45,5.62,75.32,22.676,Rabi
86050,jute,80,40,40,5.56,1543.76,27.33333333,Kharif
68478,soyabean,20,60,20,5.44,510.05,33.37333333,Kharif
86313,rice,80,40,40,5.6,1543.76,27.33333333,Kharif
17749,jowar,80,40,40,5.5,288.3,25.46,Rabi
47216,moong,20,40,20,5.54,770.44,28.68,Kharif
72065,wheat,60,30,30,6.6,94.02,22.38,Rabi
82939,rice,80,40,40,5.46,167.38,23.56,Kharif
37490,sweetpotato,90,20,120,4.9,556.2,28.54545455,Kharif
5638,onion,120,60,65,6.18,1026.64,29.18636364,Rabi
25718,garlic,50,10,60,5.54,1026.64,29.18636364,Rabi
83132,wheat,60,30,30,6.4,19.38,22.766,Rabi
87344,jowar,80,40,40,5.52,790.98,30.61666667,Kharif
16672,rice,80,40,40,5.62,579.75,34.01,Kharif
39375,onion,120,60,65,5.82,34.81,34.66666667,Rabi
98416,moong,20,40,20,5.58,770.44,28.68,Summer
60171,maize,80,40,20,5.54,702.459,27.23333333,Summer
91075,sunflower,50,60,30,5.42,942.8,28.99454545,Whole Year
4050,maize,80,40,20,5.44,34.81,34.66666667,Summer
50045,maize,80,40,20,5.6,1151.02,28.03333333,Summer
84206,sweetpotato,90,20,120,5.16,579.75,34.01,Kharif
65562,jowar,80,40,40,5.48,157.31,25.83333333,Kharif
4421,barley,70,40,45,5.52,75.32,22.676,Rabi
80874,rice,80,40,40,5.5,157.31,25.83333333,Kharif
98496,rapeseed,50,40,20,5.04,145.76,21.66,Rabi
62282,sunflower,50,60,30,5.42,34.81,34.66666667,Whole Year
14881,onion,120,60,65,6.06,1426.3,26.73636364,Rabi
2037,barley,70,40,45,5.36,73.47,23.562,Rabi
18116,rice,80,40,40,5.64,1543.76,27.33333333,Kharif
68586,banana,100,75,50,6.48,884.5,27.65454545,Whole Year
13471,blackpepper,100,60,50,4.84,2817.86,27.90909091,Whole Year
62721,onion,120,60,65,5.88,689.88,29.03727273,Kharif
26936,maize,80,40,20,5.42,199.2125,21.3,Summer
78908,jute,80,40,40,5.36,1543.76,27.33333333,Kharif
71286,moong,20,40,20,5.64,840.46,33.58333333,Kharif
53221,garlic,50,10,60,5.52,1426.3,26.73636364,Rabi
34214,sunflower,50,60,30,5.36,1246.715,22.6,Whole Year
27918,cotton,120,40,20,5.58,1011.49,30.43,Kharif
54297,cardamom,75,75,150,4.9,884.5,27.65454545,Kharif
49935,banana,100,75,50,6.66,1026.64,29.18636364,Whole Year
76613,sunflower,50,60,30,5.54,98.94,25.574,Whole Year
58200,potato,180,60,90,5.0,1098.26,15.5,Rabi
5073,potato,180,60,90,5.12,2569.52,4.9,Rabi
11541,banana,100,75,50,6.44,2169.32,23.73636364,Whole Year
20395,horsegram,20,60,20,5.84,199.2125,21.3,Kharif
20352,rice,80,40,40,5.62,1246.715,22.6,Kharif
70222,ragi,50,40,20,5.44,1110.78,25.66666667,Kharif
90112,rice,80,40,40,5.62,411.52,34.73,Kharif
66054,maize,80,40,20,5.36,199.2125,21.3,Summer
12330,rapeseed,50,40,20,5.18,5.274,27.016,Rabi
90381,moong,20,40,20,5.66,510.05,33.37333333,Summer
80695,garlic,50,10,60,5.46,1603.2375,22.89090909,Rabi
96160,onion,120,60,65,5.94,1111.68,28.64818182,Rabi
37022,moong,20,40,20,5.6,411.52,34.73,Kharif
52173,turmeric,25,60,100,4.84,1111.68,28.64818182,Kharif
48670,horsegram,20,60,20,6.16,152.54,22.28,Rabi
68830,sunflower,50,60,30,5.58,884.5,27.65454545,Whole Year
47841,rapeseed,50,40,20,4.92,75.32,22.676,Rabi
82888,maize,80,40,20,5.58,113.7,30.26666667,Kharif
34491,rice,80,40,40,5.64,157.31,25.83333333,Kharif
72504,jowar,80,40,40,5.54,331.88,35.34666667,Kharif
45918,moong,20,40,20,5.4,510.05,33.37333333,Kharif
2449,wheat,60,30,30,6.1,56.236,15.852,Rabi
15252,ragi,50,40,20,5.36,167.38,23.56,Kharif
70633,jowar,80,40,40,5.64,288.3,25.46,Rabi
93209,rice,80,40,40,5.4,497.88,25.03333333,Kharif
75725,barley,70,40,45,5.52,19.38,22.766,Rabi
97150,rice,80,40,40,5.36,207.55,26.43333333,Kharif
36578,wheat,60,30,30,6.11,167.38,23.56,Rabi
3319,moong,20,40,20,5.38,884.5,27.65454545,Summer
26829,wheat,60,30,30,6.3,293.36,14.7,Rabi
93139,blackpepper,100,60,50,4.88,2169.32,23.73636364,Whole Year
97,horsegram,20,60,20,6.1,288.3,25.46,Rabi
45578,rapeseed,50,40,20,4.82,167.38,23.56,Rabi
96042,wheat,60,30,30,6.7,73.47,23.562,Rabi
61079,coriander,10,20,20,6.56,556.2,28.54545455,Rabi
84668,moong,20,40,20,5.58,579.75,34.01,Summer
41480,horsegram,20,60,20,5.96,840.46,33.58333333,Rabi
19838,rice,80,40,40,5.68,664.94,22.03333333,Kharif
74187,rapeseed,50,40,20,4.92,73.47,23.562,Rabi
42356,rapeseed,50,40,20,4.96,293.36,14.7,Rabi
71163,maize,80,40,20,5.66,1543.76,27.33333333,Summer
41642,garlic,50,10,60,5.32,1299.26,26.51818182,Rabi
47542,rice,80,40,40,5.42,579.75,34.01,Kharif
26535,wheat,60,30,30,6.11,41.3,21.704,Rabi
78862,rice,80,40,40,5.5,497.88,25.03333333,Kharif
26695,soyabean,20,60,20,5.54,664.94,22.03333333,Kharif
53845,potato,180,60,90,5.18,556.2,28.54545455,Rabi
70613,ragi,50,40,20,5.44,654.34,29.26666667,Kharif
51234,moong,20,40,20,5.34,1246.715,22.6,Summer
98801,moong,20,40,20,5.64,579.75,34.01,Kharif
27123,horsegram,20,60,20,6.02,1246.715,22.6,Kharif
76410,cotton,120,40,20,5.38,884.5,27.65454545,Kharif
95973,potato,180,60,90,5.14,1111.68,28.64818182,Rabi
32540,turmeric,25,60,100,5.08,1026.64,29.18636364,Kharif
26294,ragi,50,40,20,5.4,1151.02,28.03333333,Kharif
17268,wheat,60,30,30,6.4,75.32,22.676,Rabi
27053,potato,180,60,90,5.18,1603.2375,22.89090909,Rabi
76732,rice,80,40,40,5.36,579.75,34.01,Kharif
84580,maize,80,40,20,5.48,579.75,34.01,Kharif
59024,rapeseed,50,40,20,5.06,199.2125,21.3,Rabi
33369,cotton,120,40,20,5.56,790.98,30.61666667,Kharif
48590,maize,80,40,20,5.62,1166.94,28.33333333,Kharif
75132,sunflower,50,60,30,5.62,207.55,26.43333333,Whole Year
14004,onion,120,60,65,6.08,1111.68,28.64818182,Rabi
46834,jackfruit,75,40,50,4.82,884.5,27.65454545,Whole Year
49652,coriander,10,20,20,6.36,1026.64,29.18636364,Rabi
92444,rice,80,40,40,5.64,1110.78,25.66666667,Kharif
69019,turmeric,25,60,100,4.98,942.8,28.99454545,Kharif
68575,onion,120,60,65,5.98,884.5,27.65454545,Rabi
96551,coriander,10,20,20,6.58,1111.68,28.64818182,Rabi
28413,rice,80,40,40,5.56,37.09,27.96666667,Kharif
18732,rice,80,40,40,5.62,840.46,33.58333333,Kharif
90625,maize,80,40,20,5.5,884.5,27.65454545,Kharif
9430,maize,80,40,20,5.58,297.66,29.56666667,Summer
44495,cotton,120,40,20,5.32,607.48,26.36666667,Kharif
23637,maize,80,40,20,5.54,579.75,34.01,Summer
15177,rice,80,40,40,5.32,1145.22,28.5,Kharif
58294,rice,80,40,40,5.38,516.68,27.86666667,Kharif
69662,rapeseed,50,40,20,4.86,75.32,22.676,Rabi
70551,turmeric,25,60,100,4.9,1501.98,25.81818182,Kharif
42158,maize,80,40,20,5.58,331.88,35.34666667,Kharif
26621,wheat,60,30,30,6.11,41.3,21.704,Rabi
96799,jowar,80,40,40,5.34,70.11,25.6,Kharif
48550,wheat,60,30,30,6.8,152.54,22.28,Rabi
60618,maize,80,40,20,5.54,1145.22,28.5,Summer
30962,rapeseed,50,40,20,5.06,75.32,22.676,Rabi
20000,maize,80,40,20,5.48,1246.715,22.6,Kharif
14731,rapeseed,50,40,20,5.14,56.236,15.852,Rabi
79523,jowar,80,40,40,5.66,840.46,33.58333333,Kharif
86271,blackpepper,100,60,50,5.1,2169.32,23.73636364,Whole Year
9998,onion,120,60,65,5.94,689.88,29.03727273,Kharif
58651,soyabean,20,60,20,5.42,1246.715,22.6,Kharif
6667,jowar,80,40,40,5.68,1246.715,22.6,Kharif
30909,wheat,60,30,30,6.4,75.32,22.676,Rabi
23517,wheat,60,30,30,7.0,75.32,22.676,Rabi
88496,banana,100,75,50,6.32,1111.68,28.64818182,Whole Year
58776,sunflower,50,60,30,5.36,1246.715,22.6,Whole Year
20759,coriander,10,20,20,6.32,1111.68,28.64818182,Rabi
23537,barley,70,40,45,5.56,75.32,22.676,Rabi
70479,rice,80,40,40,5.36,152.54,22.28,Kharif
24457,moong,20,40,20,5.46,182.5,29.2,Summer
97848,cotton,120,40,20,5.56,510.05,33.37333333,Kharif
31599,cotton,120,40,20,5.42,654.34,29.26666667,Kharif
55576,onion,120,60,65,6.14,689.88,29.03727273,Rabi
2502,rice,80,40,40,5.52,207.55,26.43333333,Kharif
34035,tomato,100,40,90,5.86,1603.2375,22.89090909,Whole Year
84922,barley,70,40,45,5.36,75.32,22.676,Rabi
70232,turmeric,25,60,100,5.14,1411.78,19.94545455,Kharif
50687,potato,180,60,90,4.98,1098.26,15.5,Rabi
91312,sunflower,50,60,30,5.52,34.81,34.66666667,Whole Year
74235,turmeric,25,60,100,5.0,1111.68,28.64818182,Kharif
77579,maize,80,40,20,5.66,579.75,34.01,Summer
89520,rice,80,40,40,5.5,235.4251,26.64666667,Kharif
56662,jute,80,40,40,5.68,1543.76,27.33333333,Kharif
43956,sweetpotato,90,20,120,5.0,1111.68,28.64818182,Rabi
23734,wheat,60,30,30,6.3,75.32,22.676,Rabi
63009,rapeseed,50,40,20,5.12,152.54,22.28,Rabi
43161,tomato,100,40,90,5.98,1603.2375,22.89090909,Whole Year
81634,soyabean,20,60,20,5.38,1011.49,30.43,Kharif
98257,sunflower,50,60,30,5.66,297.66,29.56666667,Whole Year
63263,horsegram,20,60,20,5.88,288.3,25.46,Rabi
83537,turmeric,25,60,100,5.04,884.5,27.65454545,Kharif
45698,onion,120,60,65,6.12,1426.3,26.73636364,Rabi
79029,moong,20,40,20,5.64,840.46,33.58333333,Summer
27022,rice,80,40,40,5.54,1246.715,22.6,Kharif
3222,sweetpotato,90,20,120,4.94,884.5,27.65454545,Kharif
88679,rapeseed,50,40,20,5.0,1111.68,28.64818182,Rabi
33100,wheat,60,30,30,6.5,94.02,22.38,Rabi
27656,ragi,50,40,20,5.32,1011.49,30.43,Kharif
23024,turmeric,25,60,100,4.96,884.5,27.65454545,Kharif
53306,ragi,50,40,20,5.66,167.38,23.56,Kharif
34530,maize,80,40,20,5.42,1246.715,22.6,Kharif
32366,rice,80,40,40,5.64,87.2,23.106,Kharif
5779,ragi,50,40,20,5.4,840.46,33.58333333,Kharif
66967,maize,80,40,20,5.42,1011.49,30.43,Kharif
12435,moong,20,40,20,5.54,790.98,30.61666667,Kharif
79202,maize,80,40,20,5.52,98.98,34.92333333,Summer
25377,rice,80,40,40,5.64,127.68,20.8,Kharif
12528,moong,20,40,20,5.58,331.88,35.34666667,Summer
30502,jowar,80,40,40,5.56,579.75,34.01,Kharif
30713,turmeric,25,60,100,5.06,689.88,29.03727273,Kharif
95738,horsegram,20,60,20,5.88,1246.715,22.6,Kharif
75826,potato,180,60,90,5.08,556.2,28.54545455,Rabi
67019,wheat,60,30,30,6.12,70.11,25.6,Rabi
18248,cotton,120,40,20,5.36,1543.76,27.33333333,Kharif
75753,coriander,10,20,20,6.5,556.2,28.54545455,Rabi
31414,sunflower,50,60,30,5.62,654.34,29.26666667,Whole Year
77967,garlic,50,10,60,5.66,1166.94,28.33333333,Rabi
57296,moong,20,40,20,5.6,840.46,33.58333333,Summer
24038,potato,180,60,90,5.04,689.88,29.03727273,Rabi
50223,coriander,10,20,20,6.5,1299.26,26.51818182,Rabi
82721,rapeseed,50,40,20,4.86,167.38,23.56,Rabi
72844,rice,80,40,40,5.38,976.06,25.66666667,Kharif
63339,rice,80,40,40,5.6,288.3,25.46,Kharif
99239,sunflower,50,60,30,5.5,34.81,34.66666667,Whole Year
28778,rapeseed,50,40,20,4.94,70.598,18.92,Rabi
47654,rapeseed,50,40,20,4.98,75.32,22.676,Rabi
75071,rice,80,40,40,5.32,207.55,26.43333333,Kharif
57509,onion,120,60,65,5.92,1299.26,26.51818182,Rabi
9481,coriander,10,20,20,6.54,884.5,27.65454545,Rabi
99524,rice,80,40,40,5.68,1110.78,25.66666667,Kharif
57523,rapeseed,50,40,20,5.0,94.02,22.38,Rabi
80282,garlic,50,10,60,5.64,240.1,10.38,Rabi
57636,sweetpotato,90,20,120,5.12,1299.26,26.51818182,Rabi
9994,sunflower,50,60,30,5.64,75.32,22.676,Whole Year
11321,rice,80,40,40,5.38,1712.66,11.2,Kharif
98045,wheat,60,30,30,6.9,19.38,22.766,Rabi
70359,potato,180,60,90,4.9,1501.98,25.81818182,Rabi
26934,horsegram,20,60,20,6.1,199.2125,21.3,Kharif
99605,potato,180,60,90,4.94,152.54,22.28,Rabi
82092,jowar,80,40,40,5.6,607.48,26.36666667,Kharif
54047,moong,20,40,20,5.4,510.05,33.37333333,Summer
99531,onion,120,60,65,6.14,1411.78,19.94545455,Rabi
65319,ragi,50,40,20,5.6,976.06,25.66666667,Kharif
97531,ragi,50,40,20,5.44,167.38,23.56,Kharif
16499,ragi,50,40,20,5.46,770.44,28.68,Kharif
88364,sweetpotato,90,20,120,4.94,2817.86,27.90909091,Rabi
61771,rice,80,40,40,5.4,770.44,28.68,Kharif
29690,garlic,50,10,60,5.5,556.2,28.54545455,Rabi
61796,horsegram,20,60,20,5.92,98.94,25.574,Kharif
22103,potato,180,60,90,5.12,1426.3,26.73636364,Rabi
11619,potato,180,60,90,5.04,2169.32,23.73636364,Rabi
36592,sunflower,50,60,30,5.62,167.38,23.56,Whole Year
7427,barley,70,40,45,5.68,73.47,23.562,Rabi
89253,jowar,80,40,40,5.36,70.11,25.6,Kharif
59953,ragi,50,40,20,5.66,607.48,26.36666667,Kharif
69729,garlic,50,10,60,5.32,75.32,22.676,Rabi
56120,jowar,80,40,40,5.66,288.3,25.46,Kharif
61998,potato,180,60,90,4.94,75.32,22.676,Rabi
40445,sweetpotato,90,20,120,4.88,2169.32,23.73636364,Rabi
7129,maize,80,40,20,5.38,157.31,25.83333333,Kharif
89732,rice,80,40,40,5.38,113.7,30.26666667,Kharif
44341,potato,180,60,90,4.9,1111.68,28.64818182,Rabi
89011,garlic,50,10,60,5.62,1111.68,28.64818182,Rabi
97649,maize,80,40,20,5.5,411.52,34.73,Kharif
80888,soyabean,20,60,20,5.32,1246.715,22.6,Kharif
19837,moong,20,40,20,5.42,664.94,22.03333333,Kharif
34957,maize,80,40,20,5.42,1011.49,30.43,Kharif
17971,cotton,120,40,20,5.34,654.34,29.26666667,Kharif
65976,horsegram,20,60,20,6.0,199.2125,21.3,Rabi
2439,sweetpotato,90,20,120,4.84,1050.245,18.77818182,Rabi
35653,wheat,60,30,30,6.12,73.47,23.562,Rabi
26064,rice,80,40,40,5.68,1151.02,28.03333333,Kharif
20050,maize,80,40,20,5.62,1246.715,22.6,Kharif
82403,blackpepper,100,60,50,4.82,56.236,15.852,Whole Year
37541,rice,80,40,40,5.32,1875.6,20.1,Kharif
24929,horsegram,20,60,20,5.94,288.3,25.46,Rabi
73735,blackpepper,100,60,50,5.04,1603.2375,22.89090909,Whole Year
91317,barley,70,40,45,5.54,75.32,22.676,Rabi
25845,horsegram,20,60,20,6.0,840.46,33.58333333,Kharif
23163,jowar,80,40,40,5.46,297.66,29.56666667,Kharif
53220,coriander,10,20,20,6.44,1426.3,26.73636364,Rabi
59876,jowar,80,40,40,5.56,1011.49,30.43,Kharif
47575,onion,120,60,65,6.02,75.32,22.676,Kharif
94901,potato,180,60,90,5.06,664.94,22.03333333,Rabi
35066,barley,70,40,45,5.5,73.47,23.562,Rabi
42871,ragi,50,40,20,5.56,1246.715,22.6,Kharif
59899,sweetpotato,90,20,120,4.98,1111.68,28.64818182,Rabi
30316,wheat,60,30,30,6.4,75.32,22.676,Rabi
54996,sweetpotato,90,20,120,5.08,689.88,29.03727273,Rabi
19548,rice,80,40,40,5.42,790.98,30.61666667,Kharif
58060,rapeseed,50,40,20,4.9,41.3,21.704,Rabi
65666,ragi,50,40,20,5.52,1246.715,22.6,Kharif
99490,wheat,60,30,30,6.11,169.82,14.6,Rabi
32528,maize,80,40,20,5.44,87.2,23.106,Summer
14019,sweetpotato,90,20,120,5.12,1111.68,28.64818182,Rabi
94210,rice,80,40,40,5.42,1151.02,28.03333333,Kharif
45992,rice,80,40,40,5.42,510.05,33.37333333,Kharif
22882,soyabean,20,60,20,5.34,510.05,33.37333333,Kharif
23193,banana,100,75,50,6.62,884.5,27.65454545,Whole Year
50537,onion,120,60,65,5.84,421.14,28.50727273,Kharif
56610,turmeric,25,60,100,5.06,2169.32,23.73636364,Kharif
70033,wheat,60,30,30,6.4,75.32,22.676,Rabi
89993,horsegram,20,60,20,6.04,167.38,23.56,Rabi
28578,rice,80,40,40,5.42,607.48,26.36666667,Kharif
99546,moong,20,40,20,5.46,1110.78,25.66666667,Summer
79462,rice,80,40,40,5.56,840.46,33.58333333,Kharif
43907,mango,20,20,30,5.14,1111.68,28.64818182,Summer
48818,horsegram,20,60,20,6.04,288.3,25.46,Rabi
49995,banana,100,75,50,6.46,1026.64,29.18636364,Whole Year
38372,horsegram,20,60,20,5.82,98.94,25.574,Kharif
20055,sunflower,50,60,30,5.5,1246.715,22.6,Whole Year
99220,sweetpotato,90,20,120,5.08,579.75,34.01,Rabi
28096,rapeseed,50,40,20,5.08,73.47,23.562,Rabi
67861,moong,20,40,20,5.56,167.38,23.56,Summer
82405,rice,80,40,40,5.62,110.023,20.36333333,Kharif
84587,onion,120,60,65,5.94,75.32,22.676,Kharif
26977,sunflower,50,60,30,5.64,1246.715,22.6,Whole Year
15837,cotton,120,40,20,5.62,510.05,33.37333333,Kharif
8936,coriander,10,20,20,6.46,556.2,28.54545455,Rabi
53313,moong,20,40,20,5.38,113.7,30.26666667,Summer
37629,turmeric,25,60,100,5.02,884.5,27.65454545,Kharif
47386,potato,180,60,90,5.0,689.88,29.03727273,Rabi
95460,sunflower,50,60,30,5.46,1246.715,22.6,Whole Year
84104,rice,80,40,40,5.58,98.94,25.574,Kharif
75411,wheat,60,30,30,6.5,113.7,30.26666667,Rabi
26674,rice,80,40,40,5.48,331.88,35.34666667,Kharif
75313,potato,180,60,90,5.1,167.38,23.56,Rabi
15482,moong,20,40,20,5.42,10.265748,25.76,Summer
42869,maize,80,40,20,5.48,1246.715,22.6,Summer
79069,garlic,50,10,60,5.4,1026.64,29.18636364,Rabi
44926,rice,80,40,40,5.48,702.459,27.23333333,Kharif
9169,onion,120,60,65,6.1,556.2,28.54545455,Kharif
41443,sweetpotato,90,20,120,4.86,1026.64,29.18636364,Rabi
37973,tomato,100,40,90,5.92,884.5,27.65454545,Whole Year
61222,coriander,10,20,20,6.64,556.2,28.54545455,Rabi
82156,maize,80,40,20,5.5,607.48,26.36666667,Summer
32233,potato,180,60,90,4.98,2169.32,23.73636364,Rabi
69257,barley,70,40,45,5.32,75.32,22.676,Rabi
94862,onion,120,60,65,5.92,240.1,10.38,Kharif
35246,cotton,120,40,20,5.6,1011.49,30.43,Kharif
13839,jowar,80,40,40,5.38,73.47,23.562,Rabi
55996,rice,80,40,40,5.58,152.54,22.28,Kharif
78836,rice,80,40,40,5.46,127.68,20.8,Kharif
66335,coriander,10,20,20,6.68,1111.68,28.64818182,Rabi
41133,coriander,10,20,20,6.58,1026.64,29.18636364,Rabi
20351,ragi,50,40,20,5.36,1246.715,22.6,Kharif
26169,jowar,80,40,40,5.66,1151.02,28.03333333,Kharif
8751,wheat,60,30,30,7.0,66.52,20.312,Rabi
85466,jute,80,40,40,5.54,1166.94,28.33333333,Kharif
94120,horsegram,20,60,20,6.18,1151.02,28.03333333,Kharif
19571,ragi,50,40,20,5.38,790.98,30.61666667,Kharif
14168,coriander,10,20,20,6.68,1111.68,28.64818182,Rabi
39304,jowar,80,40,40,5.68,579.75,34.01,Rabi
20283,garlic,50,10,60,5.42,1603.2375,22.89090909,Rabi
39841,moong,20,40,20,5.56,152.54,22.28,Summer
22276,garlic,50,10,60,5.36,1426.3,26.73636364,Rabi
35417,garlic,50,10,60,5.56,1111.68,28.64818182,Rabi
74119,onion,120,60,65,6.12,1111.68,28.64818182,Rabi
43756,cabbage,100,65,70,6.34,1111.68,28.64818182,Rabi
28558,soyabean,20,60,20,5.36,607.48,26.36666667,Kharif
17814,maize,80,40,20,5.64,654.34,29.26666667,Summer
50443,cotton,120,40,20,5.66,790.98,30.61666667,Kharif
74334,maize,80,40,20,5.56,1011.49,30.43,Kharif
68678,rice,80,40,40,5.56,297.66,29.56666667,Kharif
16774,rapeseed,50,40,20,4.98,75.32,22.676,Rabi
65968,jowar,80,40,40,5.36,1246.715,22.6,Kharif
26973,ragi,50,40,20,5.58,1246.715,22.6,Kharif
86680,rice,80,40,40,5.66,87.2,23.106,Kharif
80458,wheat,60,30,30,6.5,293.36,14.7,Rabi
5757,rice,80,40,40,5.46,87.2,23.106,Kharif
12533,wheat,60,30,30,6.5,41.3,21.704,Rabi
93954,ragi,50,40,20,5.56,840.46,33.58333333,Kharif
40370,wheat,60,30,30,6.12,241.78,1.18,Rabi
15194,rice,80,40,40,5.64,167.38,23.56,Kharif
65724,sweetpotato,90,20,120,5.06,1603.2375,22.89090909,Kharif
80430,rapeseed,50,40,20,4.82,293.36,14.7,Rabi
58577,rice,80,40,40,5.32,1246.715,22.6,Kharif
96641,potato,180,60,90,5.08,1111.68,28.64818182,Rabi
83898,jowar,80,40,40,5.38,884.5,27.65454545,Kharif
11081,moong,20,40,20,5.64,654.34,29.26666667,Kharif
23568,maize,80,40,20,5.66,75.32,22.676,Summer
25980,rice,80,40,40,5.44,840.46,33.58333333,Kharif
6763,cotton,120,40,20,5.42,1246.715,22.6,Kharif
47996,maize,80,40,20,5.68,34.81,34.66666667,Kharif
94056,rice,80,40,40,5.62,80.926,28.7,Kharif
67344,onion,120,60,65,5.88,143.023456,29.6,Kharif
97634,moong,20,40,20,5.56,411.52,34.73,Summer
93488,potato,180,60,90,5.0,2169.32,23.73636364,Rabi
40368,maize,80,40,20,5.66,1712.66,11.2,Kharif
74983,maize,80,40,20,5.54,423.745,22.07,Kharif
39408,maize,80,40,20,5.34,75.32,22.676,Summer
61020,jowar,80,40,40,5.44,510.05,33.37333333,Kharif
21104,maize,80,40,20,5.58,1011.49,30.43,Kharif
27194,moong,20,40,20,5.6,199.2125,21.3,Summer
27864,barley,70,40,45,5.68,73.47,23.562,Rabi
18554,barley,70,40,45,5.46,87.2,23.106,Rabi
53985,barley,70,40,45,5.66,19.38,22.766,Rabi
23984,jowar,80,40,40,5.56,579.75,34.01,Rabi
76799,jowar,80,40,40,5.42,579.75,34.01,Kharif
15284,turmeric,25,60,100,5.0,1145.22,28.5,Kharif
1801,rice,80,40,40,5.58,199.2125,21.3,Kharif
60564,potato,180,60,90,4.88,167.38,23.56,Rabi
22618,barley,70,40,45,5.62,19.38,22.766,Rabi
39704,moong,20,40,20,5.54,1166.94,28.33333333,Summer
65993,potato,180,60,90,4.94,1603.2375,22.89090909,Rabi
7757,rapeseed,50,40,20,4.86,70.11,25.6,Rabi
33120,banana,100,75,50,6.32,1299.26,26.51818182,Whole Year
65606,banana,100,75,50,6.68,1603.2375,22.89090909,Whole Year
953,rice,80,40,40,5.5,87.2,23.106,Kharif
93874,maize,80,40,20,5.48,840.46,33.58333333,Kharif
51462,jowar,80,40,40,5.62,199.2125,21.3,Kharif
1059,rice,80,40,40,5.58,87.2,23.106,Kharif
4939,moong,20,40,20,5.62,654.34,29.26666667,Kharif
90643,maize,80,40,20,5.46,884.5,27.65454545,Summer
76852,onion,120,60,65,5.96,34.81,34.66666667,Kharif
37259,maize,80,40,20,5.42,510.05,33.37333333,Summer
10815,rice,80,40,40,5.5,1166.94,28.33333333,Kharif
66221,rice,80,40,40,5.48,1997.12,27.0,Kharif
68361,moong,20,40,20,5.66,510.05,33.37333333,Summer
90620,coriander,10,20,20,6.36,884.5,27.65454545,Rabi
26827,rice,80,40,40,5.58,516.68,27.86666667,Kharif
77143,jowar,80,40,40,5.54,579.75,34.01,Rabi
19792,wheat,60,30,30,6.6,240.1,10.38,Rabi
98093,soyabean,20,60,20,5.36,1875.6,20.1,Kharif
59359,onion,120,60,65,5.82,1111.68,28.64818182,Rabi
62011,potato,180,60,90,5.06,75.32,22.676,Rabi
19664,sunflower,50,60,30,5.44,41.3,21.704,Whole Year
69331,potato,180,60,90,4.94,75.32,22.676,Rabi
18644,moong,20,40,20,5.4,840.46,33.58333333,Kharif
62639,sunflower,50,60,30,5.64,34.81,34.66666667,Whole Year
78119,potato,180,60,90,5.06,1501.98,25.81818182,Rabi
91206,jute,80,40,40,5.4,1220.22,27.26666667,Kharif
72512,rice,80,40,40,5.5,331.88,35.34666667,Kharif
50305,cotton,120,40,20,5.42,790.98,30.61666667,Kharif
56581,sweetpotato,90,20,120,5.12,2169.32,23.73636364,Kharif
55382,onion,120,60,65,6.04,689.88,29.03727273,Rabi
63934,moong,20,40,20,5.64,127.68,20.8,Summer
72027,maize,80,40,20,5.68,1151.02,28.03333333,Kharif
11856,rice,80,40,40,5.36,98.98,34.92333333,Kharif
31463,orange,20,10,10,3.92,1037.32,28.08181818,Whole Year
62620,garlic,50,10,60,5.64,689.88,29.03727273,Rabi
23288,maize,80,40,20,5.66,297.66,29.56666667,Summer
59448,sweetpotato,90,20,120,5.16,1111.68,28.64818182,Kharif
75928,barley,70,40,45,5.5,19.38,22.766,Rabi
88884,jowar,80,40,40,5.42,1011.49,30.43,Rabi
73647,banana,100,75,50,6.42,1603.2375,22.89090909,Whole Year
93192,banana,100,75,50,6.38,2169.32,23.73636364,Whole Year
5104,turmeric,25,60,100,4.84,2569.52,4.9,Kharif
98217,ragi,50,40,20,5.48,297.66,29.56666667,Kharif
16461,rice,80,40,40,5.6,770.44,28.68,Kharif
10825,rice,80,40,40,5.54,182.5,29.2,Kharif
84917,maize,80,40,20,5.58,579.75,34.01,Summer
33333,wheat,60,30,30,6.4,15.34,27.276,Rabi
32377,moong,20,40,20,5.56,98.98,34.92333333,Kharif
92592,potato,180,60,90,4.88,152.54,22.28,Rabi
97413,rapeseed,50,40,20,4.88,167.38,23.56,Rabi
78501,rice,80,40,40,5.44,1712.66,11.2,Kharif
5428,rice,80,40,40,5.6,127.68,20.8,Kharif
26072,banana,100,75,50,6.5,1299.26,26.51818182,Whole Year
30265,rapeseed,50,40,20,4.96,75.32,22.676,Rabi
57566,cotton,120,40,20,5.38,1151.02,28.03333333,Kharif
75648,maize,80,40,20,5.66,411.52,34.73,Kharif
90064,potato,180,60,90,5.14,167.38,23.56,Rabi
92631,potato,180,60,90,4.96,152.54,22.28,Rabi
63068,moong,20,40,20,5.44,182.5,29.2,Kharif
27886,garlic,50,10,60,5.36,1111.68,28.64818182,Rabi
64569,barley,70,40,45,5.64,94.02,22.38,Rabi
1592,jowar,80,40,40,5.62,157.31,25.83333333,Kharif
72408,onion,120,60,65,5.84,421.14,28.50727273,Kharif
9600,jowar,80,40,40,5.54,297.66,29.56666667,Kharif
89111,onion,120,60,65,6.14,1111.68,28.64818182,Rabi
22271,rapeseed,50,40,20,4.96,167.38,23.56,Rabi
45766,mango,20,20,30,5.1,550.1245,27.63636364,Summer
6664,turmeric,25,60,100,4.94,1603.2375,22.89090909,Kharif
55957,sunflower,50,60,30,5.5,1166.94,28.33333333,Whole Year
35956,soyabean,20,60,20,5.46,607.48,26.36666667,Kharif
28785,soyabean,20,60,20,5.42,207.55,26.43333333,Kharif
65508,rice,80,40,40,5.52,157.31,25.83333333,Kharif
76934,moong,20,40,20,5.52,579.75,34.01,Summer
81965,wheat,60,30,30,6.3,73.47,23.562,Rabi
28458,maize,80,40,20,5.4,70.11,25.6,Kharif
72478,potato,180,60,90,4.86,421.14,28.50727273,Rabi
30097,rapeseed,50,40,20,4.86,98.94,25.574,Rabi
24676,moong,20,40,20,5.4,1166.94,28.33333333,Kharif
75790,barley,70,40,45,5.34,19.38,22.766,Rabi
69268,jowar,80,40,40,5.36,579.75,34.01,Kharif
96495,jowar,80,40,40,5.42,1011.49,30.43,Kharif
63729,rice,80,40,40,5.68,127.68,20.8,Kharif
4079,rice,80,40,40,5.5,579.75,34.01,Kharif
2357,wheat,60,30,30,6.3,70.11,25.6,Rabi
72103,horsegram,20,60,20,6.1,1151.02,28.03333333,Kharif
80768,jowar,80,40,40,5.38,157.31,25.83333333,Rabi
58790,rice,80,40,40,5.66,157.31,25.83333333,Kharif
63336,moong,20,40,20,5.6,288.3,25.46,Kharif
50630,maize,80,40,20,5.66,664.94,22.03333333,Kharif
83812,cotton,120,40,20,5.58,884.5,27.65454545,Kharif
80250,onion,120,60,65,6.08,421.14,28.50727273,Rabi
50490,banana,100,75,50,6.38,810.26,29.95636364,Whole Year
85061,wheat,60,30,30,6.9,75.32,22.676,Rabi
33869,rice,80,40,40,5.46,122.42,18.58,Kharif
74579,rapeseed,50,40,20,5.14,73.47,23.562,Rabi
36874,turmeric,25,60,100,5.0,1426.3,26.73636364,Kharif
38982,maize,80,40,20,5.44,579.75,34.01,Kharif
7663,rice,80,40,40,5.4,1011.49,30.43,Kharif
65422,rapeseed,50,40,20,5.12,122.42,18.58,Rabi
47088,bottlegourd,100,50,50,6.5,942.8,28.99454545,Summer
76851,maize,80,40,20,5.42,34.81,34.66666667,Summer
14762,maize,80,40,20,5.62,235.4251,26.64666667,Kharif
67810,rapeseed,50,40,20,5.18,167.38,23.56,Rabi
52847,maize,80,40,20,5.54,85.24316,21.482,Summer
2125,jowar,80,40,40,5.38,1011.49,30.43,Rabi
40848,rice,80,40,40,5.4,98.98,34.92333333,Kharif
31134,onion,120,60,65,6.06,1411.78,19.94545455,Rabi
78568,wheat,60,30,30,6.8,127.68,20.8,Rabi
15343,potato,180,60,90,5.12,1426.3,26.73636364,Rabi
75680,onion,120,60,65,6.12,556.2,28.54545455,Rabi
52760,potato,180,60,90,4.84,1050.245,18.77818182,Rabi
26864,rapeseed,50,40,20,5.12,293.36,14.7,Rabi
6432,rapeseed,50,40,20,4.84,41.3,21.704,Rabi
1022,maize,80,40,20,5.58,840.46,33.58333333,Kharif
6691,garlic,50,10,60,5.4,1603.2375,22.89090909,Rabi
36971,rice,80,40,40,5.38,1145.22,28.5,Kharif
57313,rice,80,40,40,5.46,840.46,33.58333333,Kharif
86391,blackpepper,100,60,50,4.94,2169.32,23.73636364,Whole Year
6321,jowar,80,40,40,5.44,331.88,35.34666667,Kharif
16002,coriander,10,20,20,6.5,556.2,28.54545455,Rabi
16168,cotton,120,40,20,5.42,297.66,29.56666667,Kharif
69370,barley,70,40,45,5.56,75.32,22.676,Rabi
53764,potato,180,60,90,4.86,556.2,28.54545455,Rabi
26041,horsegram,20,60,20,5.86,1151.02,28.03333333,Rabi
76308,sunflower,50,60,30,5.38,884.5,27.65454545,Whole Year
31079,potato,180,60,90,4.82,169.82,14.6,Rabi
69433,rice,80,40,40,5.42,579.75,34.01,Kharif
923,sunflower,50,60,30,5.36,87.2,23.106,Whole Year
52019,horsegram,20,60,20,5.82,1011.49,30.43,Kharif
83487,rice,80,40,40,5.52,510.05,33.37333333,Kharif
62603,rice,80,40,40,5.36,579.75,34.01,Kharif
7519,wheat,60,30,30,6.3,73.47,23.562,Rabi
12042,jowar,80,40,40,5.62,840.46,33.58333333,Kharif
80762,onion,120,60,65,5.94,199.2125,21.3,Rabi
32340,wheat,60,30,30,6.3,87.2,23.106,Rabi
76660,cotton,120,40,20,5.5,1220.22,27.26666667,Kharif
33740,soyabean,20,60,20,5.48,664.94,22.03333333,Kharif
65645,moong,20,40,20,5.56,199.2125,21.3,Kharif
7875,sunflower,50,60,30,5.6,70.11,25.6,Whole Year
52471,jowar,80,40,40,5.68,607.48,26.36666667,Kharif
17820,jowar,80,40,40,5.52,288.3,25.46,Kharif
73685,rice,80,40,40,5.38,157.31,25.83333333,Kharif
57989,onion,120,60,65,6.1,810.26,29.95636364,Kharif
38543,maize,80,40,20,5.44,770.44,28.68,Summer
80826,maize,80,40,20,5.42,1246.715,22.6,Kharif
20475,banana,100,75,50,6.4,1603.2375,22.89090909,Whole Year
69708,banana,100,75,50,6.62,689.88,29.03727273,Whole Year
72935,potato,180,60,90,5.02,122.42,18.58,Rabi
6904,maize,80,40,20,5.52,199.2125,21.3,Kharif
88170,ragi,50,40,20,5.68,157.31,25.83333333,Kharif
78480,wheat,60,30,30,7.0,241.78,1.18,Rabi
49195,potato,180,60,90,4.84,2169.32,23.73636364,Rabi
93894,barley,70,40,45,5.6,87.2,23.106,Rabi
4645,horsegram,20,60,20,5.82,1166.94,28.33333333,Kharif
41511,rapeseed,50,40,20,4.86,87.2,23.106,Rabi
92252,rapeseed,50,40,20,5.0,75.32,22.676,Rabi
60415,moong,20,40,20,5.56,207.55,26.43333333,Summer
92720,rice,80,40,40,5.54,152.54,22.28,Kharif
50781,wheat,60,30,30,6.1,122.42,18.58,Rabi
71415,wheat,60,30,30,6.1,87.2,23.106,Rabi
52258,sweetpotato,90,20,120,4.96,1111.68,28.64818182,Kharif
52117,turmeric,25,60,100,4.86,1111.68,28.64818182,Kharif
76837,wheat,60,30,30,6.6,75.32,22.676,Rabi
77792,soyabean,20,60,20,5.54,1110.78,25.66666667,Kharif
21431,cotton,120,40,20,5.54,607.48,26.36666667,Kharif
90334,rapeseed,50,40,20,4.88,19.38,22.766,Rabi
13099,ragi,50,40,20,5.46,1246.715,22.6,Kharif
63239,rice,80,40,40,5.56,1925.68,27.0,Kharif
23198,maize,80,40,20,5.42,297.66,29.56666667,Summer
4072,moong,20,40,20,5.4,34.81,34.66666667,Kharif
29156,horsegram,20,60,20,6.04,1145.22,28.5,Kharif
3231,cotton,120,40,20,5.46,884.5,27.65454545,Kharif
43742,papaya,50,50,50,5.96,1111.68,28.64818182,Whole Year
88202,moong,20,40,20,5.48,199.2125,21.3,Kharif
93854,maize,80,40,20,5.32,87.2,23.106,Kharif
56510,rapeseed,50,40,20,4.92,127.68,20.8,Rabi
80927,rice,80,40,40,5.46,199.2125,21.3,Kharif
51096,ragi,50,40,20,5.68,199.2125,21.3,Kharif
11006,horsegram,20,60,20,6.04,152.54,22.28,Rabi
70223,rice,80,40,40,5.68,1110.78,25.66666667,Kharif
85555,potato,180,60,90,4.88,1501.98,25.81818182,Rabi
86495,barley,70,40,45,5.32,87.2,23.106,Rabi
75913,jowar,80,40,40,5.62,510.05,33.37333333,Rabi
79577,jute,80,40,40,5.66,840.46,33.58333333,Kharif
48499,potato,180,60,90,4.94,1501.98,25.81818182,Rabi
62165,sweetpotato,90,20,120,5.0,689.88,29.03727273,Kharif
16866,potato,180,60,90,4.84,689.88,29.03727273,Rabi
18954,rice,80,40,40,5.62,840.46,33.58333333,Kharif
50589,potato,180,60,90,5.14,421.14,28.50727273,Rabi
88016,maize,80,40,20,5.32,199.2125,21.3,Kharif
8676,rice,80,40,40,5.34,167.38,23.56,Kharif
72951,rapeseed,50,40,20,4.9,122.42,18.58,Rabi
3030,barley,70,40,45,5.66,19.38,22.766,Rabi
70101,turmeric,25,60,100,4.92,75.32,22.676,Kharif
49442,barley,70,40,45,5.62,87.2,23.106,Rabi
25865,rice,80,40,40,5.42,840.46,33.58333333,Kharif
86648,maize,80,40,20,5.36,87.2,23.106,Summer
53992,cotton,120,40,20,5.46,510.05,33.37333333,Kharif
54434,rice,80,40,40,5.64,297.66,29.56666667,Kharif
68846,cotton,120,40,20,5.52,884.5,27.65454545,Kharif
6936,rice,80,40,40,5.68,157.31,25.83333333,Kharif
75270,moong,20,40,20,5.58,167.38,23.56,Summer
38786,onion,120,60,65,5.94,75.32,22.676,Kharif
86819,maize,80,40,20,5.52,98.98,34.92333333,Summer
11758,potato,180,60,90,4.94,1026.64,29.18636364,Rabi
80001,cotton,120,40,20,5.56,790.98,30.61666667,Kharif
62393,potato,180,60,90,4.94,75.32,22.676,Rabi
60316,moong,20,40,20,5.58,85.24316,21.482,Kharif
72648,coriander,10,20,20,6.52,240.1,10.38,Rabi
45150,banana,100,75,50,6.4,1050.245,18.77818182,Whole Year
70287,maize,80,40,20,5.64,1110.78,25.66666667,Summer
90802,turmeric,25,60,100,4.98,884.5,27.65454545,Kharif
51695,wheat,60,30,30,6.8,73.47,23.562,Rabi
45981,coriander,10,20,20,6.34,556.2,28.54545455,Rabi
2954,jowar,80,40,40,5.4,510.05,33.37333333,Kharif
777,rice,80,40,40,5.42,98.98,34.92333333,Kharif
52502,maize,80,40,20,5.46,70.11,25.6,Summer
78370,ragi,50,40,20,5.4,288.3,25.46,Kharif
71572,barley,70,40,45,5.62,87.2,23.106,Rabi
34272,sunflower,50,60,30,5.52,157.31,25.83333333,Whole Year
42047,potato,180,60,90,4.94,421.14,28.50727273,Rabi
41871,maize,80,40,20,5.32,790.98,30.61666667,Summer
5937,jute,80,40,40,5.6,840.46,33.58333333,Kharif
85173,onion,120,60,65,6.18,1411.78,19.94545455,Kharif
35748,potato,180,60,90,4.86,1111.68,28.64818182,Rabi
3047,cotton,120,40,20,5.52,510.05,33.37333333,Kharif
88963,jowar,80,40,40,5.64,73.47,23.562,Rabi
13109,sunflower,50,60,30,5.42,199.2125,21.3,Whole Year
97240,horsegram,20,60,20,6.18,113.7,30.26666667,Rabi
11728,sunflower,50,60,30,5.66,840.46,33.58333333,Whole Year
86462,maize,80,40,20,5.36,98.98,34.92333333,Kharif
50480,wheat,60,30,30,6.11,15.34,27.276,Rabi
67336,rice,80,40,40,5.34,702.459,27.23333333,Kharif
74840,jowar,80,40,40,5.52,70.11,25.6,Kharif
32071,pineapple,160,40,120,6.36,2169.32,23.73636364,Whole Year
91514,rice,80,40,40,5.6,579.75,34.01,Kharif
51456,ragi,50,40,20,5.62,1246.715,22.6,Kharif
72196,jowar,80,40,40,5.66,168.257,28.22333333,Rabi
61195,rapeseed,50,40,20,4.94,19.38,22.766,Rabi
79055,jute,80,40,40,5.56,840.46,33.58333333,Kharif
62084,rapeseed,50,40,20,5.16,75.32,22.676,Rabi
5864,sunflower,50,60,30,5.42,840.46,33.58333333,Whole Year
40627,rice,80,40,40,5.44,127.68,20.8,Kharif
15598,maize,80,40,20,5.4,510.05,33.37333333,Summer
48213,maize,80,40,20,5.4,579.75,34.01,Kharif
10279,rice,80,40,40,5.54,579.75,34.01,Kharif
31067,soyabean,20,60,20,5.56,1110.78,25.66666667,Kharif
41640,banana,100,75,50,6.64,1299.26,26.51818182,Whole Year
98762,moong,20,40,20,5.46,579.75,34.01,Summer
5473,onion,120,60,65,6.16,1026.64,29.18636364,Kharif
91971,onion,120,60,65,5.94,34.81,34.66666667,Rabi
12908,cotton,120,40,20,5.42,1246.715,22.6,Kharif
8384,horsegram,20,60,20,5.86,167.38,23.56,Rabi
86104,banana,100,75,50,6.48,127.68,20.8,Whole Year
80413,garlic,50,10,60,5.5,293.36,14.7,Rabi
20308,coriander,10,20,20,6.62,1603.2375,22.89090909,Rabi
42455,potato,180,60,90,5.08,122.42,18.58,Rabi
12490,maize,80,40,20,5.32,790.98,30.61666667,Summer
95503,onion,120,60,65,5.98,157.31,25.83333333,Rabi
10850,barley,70,40,45,5.44,152.54,22.28,Rabi
22668,barley,70,40,45,5.32,19.38,22.766,Rabi
35881,coriander,10,20,20,6.46,1111.68,28.64818182,Rabi
28971,turmeric,25,60,100,4.92,1426.3,26.73636364,Kharif
11806,sunflower,50,60,30,5.34,840.46,33.58333333,Whole Year
96500,barley,70,40,45,5.62,73.47,23.562,Rabi
63877,potato,180,60,90,4.84,2169.32,23.73636364,Rabi
57216,moong,20,40,20,5.64,840.46,33.58333333,Kharif
9293,barley,70,40,45,5.36,140.52,12.5,Rabi
1122,barley,70,40,45,5.42,87.2,23.106,Rabi
68198,rice,80,40,40,5.62,510.05,33.37333333,Kharif
51975,potato,180,60,90,4.98,1111.68,28.64818182,Rabi
92138,onion,120,60,65,6.06,75.32,22.676,Rabi
3733,onion,120,60,65,6.12,579.75,34.01,Kharif
7067,horsegram,20,60,20,5.96,1246.715,22.6,Kharif
74832,cotton,120,40,20,5.46,607.48,26.36666667,Kharif
66341,jowar,80,40,40,5.54,1011.49,30.43,Kharif
41375,moong,20,40,20,5.68,98.98,34.92333333,Kharif
92954,turmeric,25,60,100,4.98,1037.32,28.08181818,Kharif
73344,potato,180,60,90,4.92,1246.715,22.6,Rabi
49858,moong,20,40,20,5.44,98.98,34.92333333,Kharif
72472,potato,180,60,90,5.02,421.14,28.50727273,Rabi
37050,cotton,120,40,20,5.44,411.52,34.73,Kharif
66773,potato,180,60,90,4.84,1111.68,28.64818182,Rabi
81829,garlic,50,10,60,5.54,1111.68,28.64818182,Rabi
6192,garlic,50,10,60,5.34,810.26,29.95636364,Rabi
90984,rice,80,40,40,5.32,297.66,29.56666667,Kharif
81861,sweetpotato,90,20,120,5.04,1111.68,28.64818182,Kharif
54272,sweetpotato,90,20,120,5.08,884.5,27.65454545,Kharif
41501,sweetpotato,90,20,120,4.94,1026.64,29.18636364,Rabi
80266,soyabean,20,60,20,5.66,664.94,22.03333333,Kharif
68087,cotton,120,40,20,5.6,411.52,34.73,Kharif
34455,sunflower,50,60,30,5.34,1246.715,22.6,Whole Year
88670,jowar,80,40,40,5.68,73.47,23.562,Rabi
11820,ragi,50,40,20,5.56,840.46,33.58333333,Kharif
76399,horsegram,20,60,20,6.04,884.5,27.65454545,Kharif
96296,coriander,10,20,20,6.38,1111.68,28.64818182,Rabi
77821,moong,20,40,20,5.46,131.18,23.13333333,Kharif
45827,rice,80,40,40,5.66,411.52,34.73,Kharif
21262,garlic,50,10,60,5.36,1111.68,28.64818182,Rabi
58205,rice,80,40,40,5.62,664.94,22.03333333,Kharif
69920,garlic,50,10,60,5.68,75.32,22.676,Rabi
6501,rapeseed,50,40,20,5.16,240.1,10.38,Rabi
52631,jowar,80,40,40,5.4,70.11,25.6,Kharif
7315,banana,100,75,50,6.56,2817.86,27.90909091,Whole Year
58575,onion,120,60,65,6.04,1246.715,22.6,Kharif
57244,moong,20,40,20,5.6,98.98,34.92333333,Summer
96493,turmeric,25,60,100,4.92,1111.68,28.64818182,Kharif
25576,maize,80,40,20,5.54,87.2,23.106,Summer
10950,rice,80,40,40,5.44,1166.94,28.33333333,Kharif
29137,wheat,60,30,30,6.8,167.38,23.56,Rabi
45552,wheat,60,30,30,6.11,167.38,23.56,Rabi
19688,rapeseed,50,40,20,5.02,41.3,21.704,Rabi
97106,rapeseed,50,40,20,5.12,70.598,18.92,Rabi
44429,wheat,60,30,30,6.11,73.47,23.562,Rabi
19289,rice,80,40,40,5.52,1151.02,28.03333333,Kharif
80351,potato,180,60,90,4.92,240.1,10.38,Rabi
11759,sweetpotato,90,20,120,4.84,1026.64,29.18636364,Rabi
933,rice,80,40,40,5.44,840.46,33.58333333,Kharif
5904,barley,70,40,45,5.38,87.2,23.106,Rabi
13132,horsegram,20,60,20,6.04,199.2125,21.3,Rabi
79931,jowar,80,40,40,5.48,790.98,30.61666667,Rabi
72977,rapeseed,50,40,20,4.84,122.42,18.58,Rabi
43076,turmeric,25,60,100,4.96,1603.2375,22.89090909,Kharif
46911,maize,80,40,20,5.36,297.66,29.56666667,Summer
98134,rice,80,40,40,5.52,297.66,29.56666667,Kharif
4367,potato,180,60,90,5.1,689.88,29.03727273,Rabi
50133,maize,80,40,20,5.56,1151.02,28.03333333,Summer
30329,jowar,80,40,40,5.62,579.75,34.01,Rabi
21389,ragi,50,40,20,5.62,607.48,26.36666667,Kharif
75202,rice,80,40,40,5.44,167.38,23.56,Kharif
44352,rapeseed,50,40,20,4.92,73.47,23.562,Rabi
99631,rice,80,40,40,5.44,1166.94,28.33333333,Kharif
52028,coriander,10,20,20,6.44,1111.68,28.64818182,Rabi
31934,maize,80,40,20,5.5,1543.76,27.33333333,Kharif
63395,soyabean,20,60,20,5.34,654.34,29.26666667,Kharif
67566,jowar,80,40,40,5.42,207.55,26.43333333,Kharif
95129,ragi,50,40,20,5.32,157.31,25.83333333,Kharif
28644,maize,80,40,20,5.44,702.459,27.23333333,Kharif
9030,barley,70,40,45,5.48,19.38,22.766,Rabi
56413,maize,80,40,20,5.46,1543.76,27.33333333,Kharif
63827,banana,100,75,50,6.54,2169.32,23.73636364,Whole Year
60042,soyabean,20,60,20,5.5,607.48,26.36666667,Kharif
24505,potato,180,60,90,4.96,1501.98,25.81818182,Rabi
28953,garlic,50,10,60,5.54,1426.3,26.73636364,Rabi
14109,turmeric,25,60,100,5.04,1111.68,28.64818182,Kharif
25844,rice,80,40,40,5.58,840.46,33.58333333,Kharif
24772,jowar,80,40,40,5.44,288.3,25.46,Rabi
62430,rapeseed,50,40,20,4.84,75.32,22.676,Rabi
9023,onion,120,60,65,6.1,556.2,28.54545455,Kharif
76176,onion,120,60,65,6.12,884.5,27.65454545,Rabi
35261,coriander,10,20,20,6.38,1111.68,28.64818182,Rabi
21957,rapeseed,50,40,20,5.16,167.38,23.56,Rabi
27107,sunflower,50,60,30,5.34,1246.715,22.6,Whole Year
79749,ragi,50,40,20,5.64,1151.02,28.03333333,Kharif
67277,maize,80,40,20,5.46,607.48,26.36666667,Summer
35695,rapeseed,50,40,20,4.88,73.47,23.562,Rabi
83060,moong,20,40,20,5.44,411.52,34.73,Kharif
48185,maize,80,40,20,5.46,34.81,34.66666667,Summer
87539,banana,100,75,50,6.48,1603.2375,22.89090909,Whole Year
64974,jowar,80,40,40,5.42,790.98,30.61666667,Kharif
36611,sweetpotato,90,20,120,5.14,1426.3,26.73636364,Rabi
97098,ragi,50,40,20,5.44,207.55,26.43333333,Kharif
77394,rice,80,40,40,5.34,579.75,34.01,Kharif
9274,soyabean,20,60,20,5.4,1875.6,20.1,Kharif
53322,horsegram,20,60,20,5.92,167.38,23.56,Rabi
41330,maize,80,40,20,5.38,87.2,23.106,Kharif
84572,garlic,50,10,60,5.44,75.32,22.676,Rabi
79836,horsegram,20,60,20,6.18,1151.02,28.03333333,Rabi
35045,rice,80,40,40,5.38,1011.49,30.43,Kharif
96378,moong,20,40,20,5.32,1011.49,30.43,Kharif
20896,coriander,10,20,20,6.62,1111.68,28.64818182,Rabi
43115,horsegram,20,60,20,6.16,199.2125,21.3,Kharif
91022,rice,80,40,40,5.42,770.44,28.68,Kharif
62595,barley,70,40,45,5.68,75.32,22.676,Rabi
75437,rice,80,40,40,5.34,113.7,30.26666667,Kharif
5671,blackgram,40,60,20,5.0,840.46,33.58333333,Kharif
2320,moong,20,40,20,5.62,607.48,26.36666667,Kharif
92217,barley,70,40,45,5.68,75.32,22.676,Rabi
8648,jute,80,40,40,5.5,1145.22,28.5,Kharif
3182,banana,100,75,50,6.58,297.66,29.56666667,Whole Year
54522,cotton,120,40,20,5.44,297.66,29.56666667,Kharif
80309,onion,120,60,65,6.0,240.1,10.38,Rabi
51443,rice,80,40,40,5.64,157.31,25.83333333,Kharif
97872,maize,80,40,20,5.44,510.05,33.37333333,Summer
92164,coriander,10,20,20,6.4,75.32,22.676,Rabi
15035,moong,20,40,20,5.66,1145.22,28.5,Summer
40050,turmeric,25,60,100,5.18,1037.32,28.08181818,Kharif
35457,garlic,50,10,60,5.32,1111.68,28.64818182,Rabi
16123,sunflower,50,60,30,5.52,297.66,29.56666667,Whole Year
65132,potato,180,60,90,4.84,421.14,28.50727273,Rabi
48650,maize,80,40,20,5.58,1166.94,28.33333333,Summer
44184,rapeseed,50,40,20,4.92,73.47,23.562,Rabi
5985,rice,80,40,40,5.62,98.98,34.92333333,Kharif
99245,sweetpotato,90,20,120,4.98,579.75,34.01,Kharif
95301,sunflower,50,60,30,5.66,1246.715,22.6,Whole Year
95409,jowar,80,40,40,5.48,199.2125,21.3,Rabi
79898,turmeric,25,60,100,4.94,1299.26,26.51818182,Kharif
43576,cabbage,100,65,70,6.5,1111.68,28.64818182,Rabi
49814,barley,70,40,45,5.34,87.2,23.106,Rabi
92215,rice,80,40,40,5.58,579.75,34.01,Kharif
67856,maize,80,40,20,5.36,113.7,30.26666667,Kharif
3786,barley,70,40,45,5.48,75.32,22.676,Rabi
5982,rapeseed,50,40,20,5.02,87.2,23.106,Rabi
51311,maize,80,40,20,5.54,199.2125,21.3,Summer
90441,rapeseed,50,40,20,5.16,19.38,22.766,Rabi
76100,maize,80,40,20,5.36,884.5,27.65454545,Summer
45655,potato,180,60,90,5.08,1426.3,26.73636364,Rabi
39636,soyabean,20,60,20,5.48,1110.78,25.66666667,Kharif
72511,jowar,80,40,40,5.48,331.88,35.34666667,Rabi
38581,horsegram,20,60,20,6.16,98.94,25.574,Kharif
30822,rapeseed,50,40,20,5.16,75.32,22.676,Rabi
55724,rapeseed,50,40,20,5.06,169.82,14.6,Rabi
12670,cotton,120,40,20,5.66,331.88,35.34666667,Kharif
88613,onion,120,60,65,6.08,1111.68,28.64818182,Kharif
37561,soyabean,20,60,20,5.56,1875.6,20.1,Kharif
10366,sunflower,50,60,30,5.68,75.32,22.676,Whole Year
94401,potato,180,60,90,5.1,810.26,29.95636364,Rabi
40203,orange,20,10,10,4.16,1037.32,28.08181818,Whole Year
55948,wheat,60,30,30,6.12,152.54,22.28,Rabi
274,rapeseed,50,40,20,4.88,127.68,20.8,Rabi
94822,onion,120,60,65,6.12,240.1,10.38,Kharif
21616,wheat,60,30,30,6.8,70.11,25.6,Rabi
65648,sunflower,50,60,30,5.66,199.2125,21.3,Whole Year
53881,onion,120,60,65,6.0,556.2,28.54545455,Rabi
1870,blackpepper,100,60,50,4.96,2817.86,27.90909091,Whole Year
47913,wheat,60,30,30,6.12,75.32,22.676,Rabi
632,rice,80,40,40,5.42,840.46,33.58333333,Kharif
61393,coriander,10,20,20,6.36,884.5,27.65454545,Rabi
47866,sunflower,50,60,30,5.64,579.75,34.01,Whole Year
50177,sweetpotato,90,20,120,4.86,1299.26,26.51818182,Rabi
66306,cotton,120,40,20,5.46,1011.49,30.43,Kharif
41545,papaya,50,50,50,5.92,1299.26,26.51818182,Whole Year
54906,turmeric,25,60,100,4.9,75.32,22.676,Kharif
33693,maize,80,40,20,5.62,664.94,22.03333333,Kharif
43796,barley,70,40,45,5.56,73.47,23.562,Rabi
93912,maize,80,40,20,5.38,840.46,33.58333333,Summer
49774,wheat,60,30,30,6.11,87.2,23.106,Rabi
58782,ragi,50,40,20,5.62,199.2125,21.3,Kharif
11371,maize,80,40,20,5.52,1543.76,27.33333333,Kharif
52252,rapeseed,50,40,20,4.94,73.47,23.562,Rabi
79861,rice,80,40,40,5.6,1151.02,28.03333333,Kharif
93243,rice,80,40,40,5.56,497.88,25.03333333,Kharif
34882,rice,80,40,40,5.4,490.74,27.6,Kharif
67837,rice,80,40,40,5.66,167.38,23.56,Kharif
1419,maize,80,40,20,5.6,810.26,29.95636364,Kharif
15340,wheat,60,30,30,6.8,167.38,23.56,Rabi
9377,cardamom,75,75,150,5.14,884.5,27.65454545,Kharif
48855,cotton,120,40,20,5.62,654.34,29.26666667,Kharif
76826,maize,80,40,20,5.32,579.75,34.01,Summer
73440,wheat,60,30,30,6.7,199.2125,21.3,Rabi
62273,garlic,50,10,60,5.36,689.88,29.03727273,Rabi
79816,onion,120,60,65,5.96,1299.26,26.51818182,Rabi
65818,jowar,80,40,40,5.6,157.31,25.83333333,Kharif
65170,wheat,60,30,30,7.0,240.1,10.38,Rabi
95283,banana,100,75,50,6.44,1603.2375,22.89090909,Whole Year
96615,moong,20,40,20,5.38,1011.49,30.43,Kharif
17832,turmeric,25,60,100,4.82,1037.32,28.08181818,Kharif
26136,rice,80,40,40,5.46,1151.02,28.03333333,Kharif
54706,maize,80,40,20,5.44,770.44,28.68,Kharif
29049,coriander,10,20,20,6.42,1426.3,26.73636364,Rabi
46572,pineapple,160,40,120,6.46,884.5,27.65454545,Whole Year
68032,wheat,60,30,30,6.8,66.52,20.312,Rabi
30867,potato,180,60,90,5.12,689.88,29.03727273,Rabi
23967,moong,20,40,20,5.62,75.32,22.676,Kharif
11096,jowar,80,40,40,5.54,654.34,29.26666667,Kharif
79410,garlic,50,10,60,5.48,1026.64,29.18636364,Rabi
17904,maize,80,40,20,5.5,654.34,29.26666667,Summer
72482,rapeseed,50,40,20,4.84,41.3,21.704,Rabi
36197,potato,180,60,90,4.92,1350.025,26.01818182,Rabi
74125,rice,80,40,40,5.58,1011.49,30.43,Kharif
20974,maize,80,40,20,5.4,1011.49,30.43,Kharif
39100,moong,20,40,20,5.68,579.75,34.01,Kharif
99782,horsegram,20,60,20,5.92,1166.94,28.33333333,Rabi
64921,ragi,50,40,20,5.6,790.98,30.61666667,Kharif
77401,wheat,60,30,30,6.7,75.32,22.676,Rabi
19370,potato,180,60,90,5.0,1299.26,26.51818182,Rabi
95739,jowar,80,40,40,5.36,1246.715,22.6,Rabi
1714,horsegram,20,60,20,6.04,1246.715,22.6,Rabi
60137,moong,20,40,20,5.6,607.48,26.36666667,Summer
84655,sweetpotato,90,20,120,5.16,579.75,34.01,Rabi
80157,rice,80,40,40,5.46,331.88,35.34666667,Kharif
81402,garlic,50,10,60,5.38,1111.68,28.64818182,Rabi
25265,rice,80,40,40,5.34,497.88,25.03333333,Kharif
67721,maize,80,40,20,5.5,1145.22,28.5,Summer
25182,moong,20,40,20,5.6,127.68,20.8,Summer
85640,maize,80,40,20,5.62,654.34,29.26666667,Kharif
85463,rice,80,40,40,5.6,152.54,22.28,Kharif
82875,maize,80,40,20,5.32,1145.22,28.5,Kharif
9202,maize,80,40,20,5.54,510.05,33.37333333,Summer
90933,sunflower,50,60,30,5.68,884.5,27.65454545,Whole Year
68966,jowar,80,40,40,5.6,98.94,25.574,Kharif
93834,wheat,60,30,30,6.6,87.2,23.106,Rabi
97210,potato,180,60,90,5.04,167.38,23.56,Rabi
54472,onion,120,60,65,5.9,884.5,27.65454545,Rabi
69826,turmeric,25,60,100,5.02,75.32,22.676,Kharif
466,jute,80,40,40,5.58,1543.76,27.33333333,Kharif
49712,turmeric,25,60,100,5.18,1026.64,29.18636364,Kharif
75807,cotton,120,40,20,5.36,510.05,33.37333333,Kharif
20427,onion,120,60,65,6.02,1603.2375,22.89090909,Rabi
25900,rice,80,40,40,5.56,840.46,33.58333333,Kharif
23127,jowar,80,40,40,5.52,297.66,29.56666667,Rabi
38689,rice,80,40,40,5.34,579.75,34.01,Kharif
18588,maize,80,40,20,5.68,840.46,33.58333333,Summer
56990,rice,80,40,40,5.5,87.2,23.106,Kharif
88234,rice,80,40,40,5.46,490.74,27.6,Kharif
66595,soyabean,20,60,20,5.62,1011.49,30.43,Kharif
78128,sunflower,50,60,30,5.46,1166.94,28.33333333,Whole Year
10405,soyabean,20,60,20,5.5,579.75,34.01,Kharif
56519,turmeric,25,60,100,4.82,2169.32,23.73636364,Kharif
15206,horsegram,20,60,20,6.08,167.38,23.56,Kharif
41102,moong,20,40,20,5.68,840.46,33.58333333,Summer
27435,turmeric,25,60,100,4.84,1603.2375,22.89090909,Kharif
14487,rapeseed,50,40,20,4.94,70.11,25.6,Rabi
40247,sunflower,50,60,30,5.54,654.34,29.26666667,Whole Year
94393,rice,80,40,40,5.36,790.98,30.61666667,Kharif
8517,rice,80,40,40,5.4,167.38,23.56,Kharif
17501,moong,20,40,20,5.4,1166.94,28.33333333,Kharif
43047,onion,120,60,65,5.92,1603.2375,22.89090909,Rabi
44947,maize,80,40,20,5.46,702.459,27.23333333,Kharif
64627,sweetpotato,90,20,120,5.04,1299.26,26.51818182,Kharif
34014,horsegram,20,60,20,6.06,199.2125,21.3,Rabi
48223,potato,180,60,90,5.14,689.88,29.03727273,Rabi
73636,jowar,80,40,40,5.58,199.2125,21.3,Rabi
27914,garlic,50,10,60,5.68,1111.68,28.64818182,Rabi
29177,rice,80,40,40,5.32,1145.22,28.5,Kharif
87659,horsegram,20,60,20,6.02,199.2125,21.3,Rabi
43260,ladyfinger,80,10,40,6.62,2817.86,27.90909091,Kharif
30160,sweetpotato,90,20,120,4.96,942.8,28.99454545,Rabi
43668,maize,80,40,20,5.66,1011.49,30.43,Kharif
65130,wheat,60,30,30,6.8,41.3,21.704,Rabi
85165,ragi,50,40,20,5.54,1110.78,25.66666667,Kharif
10980,horsegram,20,60,20,6.04,152.54,22.28,Rabi
71306,rapeseed,50,40,20,4.98,87.2,23.106,Rabi
69204,onion,120,60,65,6.02,75.32,22.676,Rabi
87534,potato,180,60,90,4.88,157.31,25.83333333,Rabi
84556,sunflower,50,60,30,5.56,34.81,34.66666667,Whole Year
98638,sweetpotato,90,20,120,4.96,579.75,34.01,Kharif
42410,onion,120,60,65,6.12,1186.28,22.92727273,Rabi
651,maize,80,40,20,5.68,87.2,23.106,Summer
33878,rice,80,40,40,5.44,976.06,25.66666667,Kharif
87781,sunflower,50,60,30,5.64,157.31,25.83333333,Whole Year
27001,sunflower,50,60,30,5.38,1246.715,22.6,Whole Year
34034,sweetpotato,90,20,120,4.86,1603.2375,22.89090909,Rabi
51110,onion,120,60,65,5.84,1603.2375,22.89090909,Kharif
93774,maize,80,40,20,5.42,840.46,33.58333333,Summer
56778,sweetpotato,90,20,120,4.94,2169.32,23.73636364,Kharif
45257,sunflower,50,60,30,5.48,207.55,26.43333333,Whole Year
69781,banana,100,75,50,6.5,689.88,29.03727273,Whole Year
59925,sweetpotato,90,20,120,4.98,1111.68,28.64818182,Rabi
97057,potato,180,60,90,4.92,70.598,18.92,Rabi
47513,moong,20,40,20,5.36,579.75,34.01,Summer
93210,banana,100,75,50,6.56,2169.32,23.73636364,Whole Year
98009,wheat,60,30,30,6.11,19.38,22.766,Rabi
71297,maize,80,40,20,5.64,840.46,33.58333333,Kharif
36306,cabbage,100,65,70,6.66,1350.025,26.01818182,Rabi
46290,cotton,120,40,20,5.66,510.05,33.37333333,Kharif
75901,rice,80,40,40,5.62,510.05,33.37333333,Kharif
43690,jowar,80,40,40,5.52,1011.49,30.43,Kharif
79043,potato,180,60,90,5.06,840.46,33.58333333,Rabi
45003,rice,80,40,40,5.38,702.459,27.23333333,Kharif
58018,jowar,80,40,40,5.38,331.88,35.34666667,Kharif
99744,maize,80,40,20,5.6,182.5,29.2,Summer
4024,rice,80,40,40,5.46,34.81,34.66666667,Kharif
9161,moong,20,40,20,5.66,510.05,33.37333333,Kharif
75181,moong,20,40,20,5.42,113.7,30.26666667,Kharif
46547,brinjal,80,15,40,6.6,884.5,27.65454545,Whole Year
10429,maize,80,40,20,5.46,579.75,34.01,Kharif
80125,wheat,60,30,30,6.11,41.3,21.704,Rabi
94823,potato,180,60,90,5.0,240.1,10.38,Rabi
38828,onion,120,60,65,5.98,75.32,22.676,Kharif
34284,horsegram,20,60,20,5.9,1246.715,22.6,Kharif
4162,barley,70,40,45,5.44,75.32,22.676,Rabi
69524,onion,120,60,65,6.18,34.81,34.66666667,Kharif
88566,maize,80,40,20,5.6,1111.68,28.64818182,Summer
47205,cucumber,60,60,85,6.34,942.8,28.99454545,Summer
97506,horsegram,20,60,20,5.86,167.38,23.56,Kharif
59554,jowar,80,40,40,5.52,1011.49,30.43,Rabi
65207,wheat,60,30,30,6.11,240.1,10.38,Rabi
17382,barley,70,40,45,5.62,75.32,22.676,Rabi
44534,wheat,60,30,30,6.5,70.11,25.6,Rabi
30438,maize,80,40,20,5.6,75.32,22.676,Kharif
21393,sunflower,50,60,30,5.4,607.48,26.36666667,Whole Year
54581,onion,120,60,65,6.08,770.44,28.68,Rabi
24534,jute,80,40,40,5.5,1166.94,28.33333333,Kharif
25373,onion,120,60,65,6.02,2169.32,23.73636364,Kharif
44581,cotton,120,40,20,5.48,607.48,26.36666667,Kharif
42006,cotton,120,40,20,5.56,790.98,30.61666667,Kharif
43362,sweetpotato,90,20,120,5.1,2817.86,27.90909091,Rabi
23322,maize,80,40,20,5.44,770.44,28.68,Kharif
16245,moong,20,40,20,5.62,297.66,29.56666667,Summer
1348,maize,80,40,20,5.68,810.26,29.95636364,Kharif
24277,onion,120,60,65,6.14,1411.78,19.94545455,Rabi
32718,maize,80,40,20,5.64,98.98,34.92333333,Kharif
10898,wheat,60,30,30,6.11,152.54,22.28,Rabi
91421,soyabean,20,60,20,5.54,579.75,34.01,Kharif
756,barley,70,40,45,5.64,87.2,23.106,Rabi
63868,jute,80,40,40,5.5,1543.76,27.33333333,Kharif
59637,moong,20,40,20,5.44,1011.49,30.43,Summer
69873,garlic,50,10,60,5.44,75.32,22.676,Rabi
33045,coriander,10,20,20,6.6,1299.26,26.51818182,Rabi
12786,maize,80,40,20,5.44,516.68,27.86666667,Kharif
64221,barley,70,40,45,5.64,87.2,23.106,Rabi
74415,onion,120,60,65,5.84,1111.68,28.64818182,Rabi
69752,coriander,10,20,20,6.64,689.88,29.03727273,Rabi
29023,sweetpotato,90,20,120,5.06,1426.3,26.73636364,Kharif
32572,rapeseed,50,40,20,4.98,87.2,23.106,Rabi
92185,jowar,80,40,40,5.52,579.75,34.01,Rabi
52264,soyabean,20,60,20,5.68,1011.49,30.43,Kharif
33951,moong,20,40,20,5.32,1246.715,22.6,Summer
98825,maize,80,40,20,5.64,579.75,34.01,Summer
55824,wheat,60,30,30,6.7,152.54,22.28,Rabi
7794,soyabean,20,60,20,5.46,607.48,26.36666667,Kharif
62826,onion,120,60,65,6.08,689.88,29.03727273,Kharif
53012,sweetpotato,90,20,120,5.12,1426.3,26.73636364,Rabi
67724,ragi,50,40,20,5.5,113.7,30.26666667,Kharif
70,sunflower,50,60,30,5.36,654.34,29.26666667,Whole Year
21700,turmeric,25,60,100,5.14,1050.245,18.77818182,Kharif
7538,rice,80,40,40,5.32,1011.49,30.43,Kharif
92364,onion,120,60,65,5.98,1411.78,19.94545455,Rabi
49085,rapeseed,50,40,20,4.9,127.68,20.8,Rabi
63082,potato,180,60,90,5.02,1501.98,25.81818182,Rabi
14438,soyabean,20,60,20,5.56,607.48,26.36666667,Kharif
43249,mango,20,20,30,4.88,2817.86,27.90909091,Summer
25220,sweetpotato,90,20,120,4.86,2169.32,23.73636364,Rabi
22302,rice,80,40,40,5.52,1145.22,28.5,Kharif
77572,onion,120,60,65,5.82,75.32,22.676,Kharif
12077,onion,120,60,65,5.82,1026.64,29.18636364,Kharif
48041,moong,20,40,20,5.4,579.75,34.01,Kharif
79957,ragi,50,40,20,5.48,790.98,30.61666667,Kharif
22835,onion,120,60,65,5.9,556.2,28.54545455,Kharif
37612,ladyfinger,80,10,40,6.58,884.5,27.65454545,Summer
92803,maize,80,40,20,5.4,288.3,25.46,Kharif
54988,potato,180,60,90,4.94,75.32,22.676,Rabi
95719,coriander,10,20,20,6.32,1603.2375,22.89090909,Rabi
77282,moong,20,40,20,5.5,579.75,34.01,Summer
50540,moong,20,40,20,5.52,331.88,35.34666667,Kharif
52038,soyabean,20,60,20,5.4,1011.49,30.43,Kharif
64733,onion,120,60,65,6.1,1299.26,26.51818182,Rabi
10823,wheat,60,30,30,6.8,152.54,22.28,Rabi
33559,wheat,60,30,30,6.9,41.3,21.704,Rabi
14441,sunflower,50,60,30,5.54,70.11,25.6,Whole Year
65554,sunflower,50,60,30,5.52,1246.715,22.6,Whole Year
50202,moong,20,40,20,5.34,94.02,22.38,Kharif
86963,moong,20,40,20,5.56,1151.02,28.03333333,Kharif
47240,onion,120,60,65,6.02,770.44,28.68,Rabi
11373,rapeseed,50,40,20,4.94,127.68,20.8,Rabi
71001,jute,80,40,40,5.58,1543.76,27.33333333,Kharif
7890,rice,80,40,40,5.52,37.09,27.96666667,Kharif
43245,brinjal,80,15,40,6.44,2817.86,27.90909091,Whole Year
57281,maize,80,40,20,5.34,98.98,34.92333333,Summer
10888,potato,180,60,90,5.02,1501.98,25.81818182,Rabi
57090,rice,80,40,40,5.62,87.2,23.106,Kharif
37209,wheat,60,30,30,6.4,19.38,22.766,Rabi
21475,jowar,80,40,40,5.52,607.48,26.36666667,Kharif
56417,wheat,60,30,30,6.1,127.68,20.8,Rabi
59609,moong,20,40,20,5.44,1011.49,30.43,Kharif
10407,rapeseed,50,40,20,4.82,75.32,22.676,Rabi
93697,moong,20,40,20,5.38,840.46,33.58333333,Summer
13260,maize,80,40,20,5.58,1246.715,22.6,Kharif
63583,potato,180,60,90,5.1,2569.52,4.9,Rabi
73945,rapeseed,50,40,20,4.98,73.47,23.562,Rabi
75584,rice,80,40,40,5.58,10.265748,25.76,Kharif
9932,moong,20,40,20,5.32,579.75,34.01,Summer
69851,turmeric,25,60,100,4.88,75.32,22.676,Kharif
87232,jowar,80,40,40,5.38,790.98,30.61666667,Rabi
45327,maize,80,40,20,5.68,70.598,18.92,Summer
50834,rapeseed,50,40,20,4.84,122.42,18.58,Rabi
47360,maize,80,40,20,5.36,579.75,34.01,Kharif
24672,rice,80,40,40,5.66,152.54,22.28,Kharif
37518,mango,20,20,30,4.92,556.2,28.54545455,Summer
92353,maize,80,40,20,5.52,1110.78,25.66666667,Kharif
26743,barley,70,40,45,5.56,240.1,10.38,Rabi
36429,rice,80,40,40,5.32,235.4251,26.64666667,Kharif
1910,barley,70,40,45,5.48,73.47,23.562,Rabi
63718,moong,20,40,20,5.48,127.68,20.8,Kharif
6166,banana,100,75,50,6.62,810.26,29.95636364,Whole Year
67079,sunflower,50,60,30,5.44,70.11,25.6,Whole Year
24034,maize,80,40,20,5.34,75.32,22.676,Summer
39843,wheat,60,30,30,7.0,152.54,22.28,Rabi
90540,rice,80,40,40,5.68,1875.6,20.1,Kharif
17719,wheat,60,30,30,6.3,152.54,22.28,Rabi
76096,coriander,10,20,20,6.32,884.5,27.65454545,Rabi
52954,maize,80,40,20,5.52,207.55,26.43333333,Kharif
13848,cotton,120,40,20,5.58,1011.49,30.43,Kharif
85849,ragi,50,40,20,5.58,288.3,25.46,Kharif
68421,onion,120,60,65,6.18,556.2,28.54545455,Rabi
86492,horsegram,20,60,20,6.06,840.46,33.58333333,Kharif
43698,wheat,60,30,30,6.8,73.47,23.562,Rabi
45556,sweetpotato,90,20,120,4.82,1426.3,26.73636364,Rabi
8264,rice,80,40,40,5.64,207.55,26.43333333,Kharif
33327,ragi,50,40,20,5.68,790.98,30.61666667,Kharif
3289,sweetpotato,90,20,120,5.06,884.5,27.65454545,Rabi
66711,onion,120,60,65,6.0,1111.68,28.64818182,Rabi
14228,jowar,80,40,40,5.44,1011.49,30.43,Kharif
2805,barley,70,40,45,5.4,66.52,20.312,Rabi
61023,rice,80,40,40,5.4,510.05,33.37333333,Kharif
79446,rice,80,40,40,5.64,840.46,33.58333333,Kharif
65448,potato,180,60,90,5.16,122.42,18.58,Rabi
98158,horsegram,20,60,20,5.88,297.66,29.56666667,Kharif
57533,jowar,80,40,40,5.36,1151.02,28.03333333,Kharif
80513,ragi,50,40,20,5.36,1246.715,22.6,Kharif
12060,jowar,80,40,40,5.56,840.46,33.58333333,Rabi
74113,rice,80,40,40,5.64,1011.49,30.43,Kharif
45402,horsegram,20,60,20,6.14,1145.22,28.5,Rabi
7737,maize,80,40,20,5.56,607.48,26.36666667,Summer
26192,rapeseed,50,40,20,5.02,94.02,22.38,Rabi
99803,barley,70,40,45,5.38,152.54,22.28,Rabi
45646,maize,80,40,20,5.48,1145.22,28.5,Summer
41012,sweetpotato,90,20,120,5.16,1026.64,29.18636364,Kharif
97299,maize,80,40,20,5.46,167.38,23.56,Kharif
50263,banana,100,75,50,6.58,1299.26,26.51818182,Whole Year
15294,wheat,60,30,30,6.7,167.38,23.56,Rabi
17308,jowar,80,40,40,5.6,579.75,34.01,Kharif
34250,cotton,120,40,20,5.66,1246.715,22.6,Kharif
8932,barley,70,40,45,5.6,19.38,22.766,Rabi
53141,rapeseed,50,40,20,5.06,167.38,23.56,Rabi
94335,onion,120,60,65,6.1,1299.26,26.51818182,Kharif
92859,sweetpotato,90,20,120,5.08,1037.32,28.08181818,Kharif
29308,banana,100,75,50,6.68,550.1245,27.63636364,Whole Year
49937,garlic,50,10,60,5.58,1026.64,29.18636364,Rabi
66654,sweetpotato,90,20,120,4.94,1111.68,28.64818182,Rabi
60769,moong,20,40,20,5.6,167.38,23.56,Summer
37797,moong,20,40,20,5.5,297.66,29.56666667,Kharif
41422,maize,80,40,20,5.32,840.46,33.58333333,Kharif
20362,wheat,60,30,30,6.8,199.2125,21.3,Rabi
9732,maize,80,40,20,5.48,98.94,25.574,Kharif
20801,jowar,80,40,40,5.42,1011.49,30.43,Rabi
52361,jowar,80,40,40,5.62,70.11,25.6,Kharif
7884,soyabean,20,60,20,5.56,607.48,26.36666667,Kharif
43616,jowar,80,40,40,5.52,73.47,23.562,Rabi
38219,jackfruit,75,40,50,4.96,884.5,27.65454545,Whole Year
33574,rapeseed,50,40,20,5.04,41.3,21.704,Rabi
18250,maize,80,40,20,5.38,1543.76,27.33333333,Kharif
23431,horsegram,20,60,20,6.02,98.94,25.574,Rabi
73521,maize,80,40,20,5.42,157.31,25.83333333,Summer
51380,ragi,50,40,20,5.34,1246.715,22.6,Kharif
49906,moong,20,40,20,5.36,98.98,34.92333333,Kharif
30256,jowar,80,40,40,5.46,579.75,34.01,Rabi
61095,barley,70,40,45,5.32,19.38,22.766,Rabi
73317,onion,120,60,65,5.82,157.31,25.83333333,Kharif
64625,coriander,10,20,20,6.64,1299.26,26.51818182,Rabi
99473,barley,70,40,45,5.5,169.82,14.6,Rabi
89197,cotton,120,40,20,5.62,607.48,26.36666667,Kharif
65127,rice,80,40,40,5.5,331.88,35.34666667,Kharif
53925,onion,120,60,65,6.12,556.2,28.54545455,Rabi
51244,rapeseed,50,40,20,4.84,199.2125,21.3,Rabi
94546,moong,20,40,20,5.58,790.98,30.61666667,Summer
84710,moong,20,40,20,5.54,579.75,34.01,Kharif
37167,papaya,50,50,50,6.1,556.2,28.54545455,Whole Year
97733,potato,180,60,90,4.94,556.2,28.54545455,Rabi
95664,cotton,120,40,20,5.42,1246.715,22.6,Kharif
92549,moong,20,40,20,5.36,152.54,22.28,Summer
11725,moong,20,40,20,5.4,840.46,33.58333333,Kharif
52004,jowar,80,40,40,5.52,1011.49,30.43,Kharif
27051,coriander,10,20,20,6.36,1603.2375,22.89090909,Rabi
60086,wheat,60,30,30,6.12,70.11,25.6,Rabi
22910,cotton,120,40,20,5.62,297.66,29.56666667,Kharif
95361,sunflower,50,60,30,5.34,157.31,25.83333333,Whole Year
85768,coriander,10,20,20,6.34,1037.32,28.08181818,Rabi
78904,sweetpotato,90,20,120,5.16,2169.32,23.73636364,Rabi
880,rice,80,40,40,5.44,840.46,33.58333333,Kharif
87966,banana,100,75,50,6.62,1603.2375,22.89090909,Whole Year
61857,rice,80,40,40,5.5,770.44,28.68,Kharif
9889,maize,80,40,20,5.38,34.81,34.66666667,Summer
28095,barley,70,40,45,5.5,73.47,23.562,Rabi
39744,moong,20,40,20,5.34,182.5,29.2,Summer
39335,wheat,60,30,30,6.8,75.32,22.676,Rabi
36179,cotton,120,40,20,5.66,607.48,26.36666667,Kharif
63054,wheat,60,30,30,6.3,152.54,22.28,Rabi
81031,coriander,10,20,20,6.52,1603.2375,22.89090909,Rabi
73296,turmeric,25,60,100,5.16,1603.2375,22.89090909,Kharif
84108,potato,180,60,90,4.98,942.8,28.99454545,Rabi
28898,potato,180,60,90,5.14,1426.3,26.73636364,Rabi
31121,onion,120,60,65,5.82,1411.78,19.94545455,Kharif
42921,turmeric,25,60,100,5.16,1603.2375,22.89090909,Kharif
90953,coriander,10,20,20,6.54,884.5,27.65454545,Rabi
66039,cotton,120,40,20,5.5,1603.2375,22.89090909,Kharif
491,rice,80,40,40,5.62,127.68,20.8,Kharif
53073,turmeric,25,60,100,5.04,1426.3,26.73636364,Kharif
6152,moong,20,40,20,5.66,790.98,30.61666667,Summer
17240,barley,70,40,45,5.6,75.32,22.676,Rabi
37318,garlic,50,10,60,5.34,556.2,28.54545455,Rabi
23388,ragi,50,40,20,5.58,770.44,28.68,Kharif
423,rapeseed,50,40,20,5.04,127.68,20.8,Rabi
71449,maize,80,40,20,5.58,840.46,33.58333333,Kharif
75465,maize,80,40,20,5.58,113.7,30.26666667,Summer
24909,moong,20,40,20,5.52,288.3,25.46,Kharif
73448,garlic,50,10,60,5.32,1603.2375,22.89090909,Rabi
80067,onion,120,60,65,5.96,15.34,27.276,Rabi
40365,potato,180,60,90,5.18,2569.52,4.9,Rabi
75858,wheat,60,30,30,7.0,19.38,22.766,Rabi
71735,onion,120,60,65,6.08,1026.64,29.18636364,Kharif
45713,horsegram,20,60,20,5.88,1145.22,28.5,Kharif
3085,barley,70,40,45,5.48,19.38,22.766,Rabi
79974,rapeseed,50,40,20,4.94,15.34,27.276,Rabi
43513,mango,20,20,30,4.92,1111.68,28.64818182,Summer
58681,onion,120,60,65,6.12,199.2125,21.3,Rabi
16196,jowar,80,40,40,5.4,297.66,29.56666667,Kharif
17062,onion,120,60,65,5.9,689.88,29.03727273,Rabi
88923,rapeseed,50,40,20,5.14,1111.68,28.64818182,Rabi
52950,potato,180,60,90,4.94,700.241,22.19090909,Rabi
83900,moong,20,40,20,5.54,884.5,27.65454545,Summer
46376,coriander,10,20,20,6.56,884.5,27.65454545,Rabi
68092,rice,80,40,40,5.54,411.52,34.73,Kharif
56383,rice,80,40,40,5.48,1712.66,11.2,Kharif
20078,maize,80,40,20,5.58,199.2125,21.3,Kharif
79640,rapeseed,50,40,20,5.1,94.02,22.38,Rabi
39562,rapeseed,50,40,20,5.12,169.82,14.6,Rabi
86944,maize,80,40,20,5.44,1151.02,28.03333333,Summer
5762,sunflower,50,60,30,5.5,840.46,33.58333333,Whole Year
8085,rice,80,40,40,5.32,702.459,27.23333333,Kharif
39888,wheat,60,30,30,6.5,152.54,22.28,Rabi
21377,moong,20,40,20,5.36,607.48,26.36666667,Summer
1866,blackpepper,100,60,50,5.14,2817.86,27.90909091,Whole Year
22684,onion,120,60,65,6.06,556.2,28.54545455,Rabi
70901,rice,80,40,40,5.46,127.68,20.8,Kharif
1248,banana,100,75,50,6.68,810.26,29.95636364,Whole Year
74949,banana,100,75,50,6.62,1350.025,26.01818182,Whole Year
58646,maize,80,40,20,5.4,1246.715,22.6,Summer
38917,sunflower,50,60,30,5.38,579.75,34.01,Whole Year
64342,rice,80,40,40,5.54,87.2,23.106,Kharif
38522,ragi,50,40,20,5.38,98.94,25.574,Kharif
29682,moong,20,40,20,5.42,510.05,33.37333333,Summer
40249,jowar,80,40,40,5.48,288.3,25.46,Rabi
99381,sweetpotato,90,20,120,5.0,579.75,34.01,Kharif
46374,brinjal,80,15,40,6.6,884.5,27.65454545,Whole Year
74754,maize,80,40,20,5.56,70.11,25.6,Summer
42633,sunflower,50,60,30,5.64,199.2125,21.3,Whole Year
15879,cotton,120,40,20,5.58,510.05,33.37333333,Kharif
4831,rice,80,40,40,5.32,152.54,22.28,Kharif
20356,horsegram,20,60,20,5.98,199.2125,21.3,Rabi
49931,wheat,60,30,30,6.8,87.2,23.106,Rabi
62498,onion,120,60,65,6.08,689.88,29.03727273,Kharif
53355,rice,80,40,40,5.64,113.7,30.26666667,Kharif
8231,potato,180,60,90,5.16,85.24316,21.482,Rabi
51562,turmeric,25,60,100,5.1,2817.86,27.90909091,Kharif
98605,potato,180,60,90,5.1,75.32,22.676,Rabi
33255,sweetpotato,90,20,120,5.18,1299.26,26.51818182,Kharif
94366,wheat,60,30,30,6.5,5.274,27.016,Rabi
57597,coriander,10,20,20,6.46,1299.26,26.51818182,Rabi
16910,rapeseed,50,40,20,4.82,75.32,22.676,Rabi
33003,moong,20,40,20,5.52,94.02,22.38,Summer
10776,jowar,80,40,40,5.32,579.75,34.01,Kharif
43049,cotton,120,40,20,5.48,1246.715,22.6,Kharif
38021,cucumber,60,60,85,6.52,884.5,27.65454545,Summer
70214,rapeseed,50,40,20,5.1,169.82,14.6,Rabi
22543,moong,20,40,20,5.4,510.05,33.37333333,Kharif
50676,barley,70,40,45,5.36,240.1,10.38,Rabi
18465,moong,20,40,20,5.68,840.46,33.58333333,Kharif
80424,rapeseed,50,40,20,5.02,293.36,14.7,Rabi
9187,jowar,80,40,40,5.52,510.05,33.37333333,Kharif
88705,onion,120,60,65,5.98,1111.68,28.64818182,Rabi
81851,soyabean,20,60,20,5.6,1011.49,30.43,Kharif
21417,wheat,60,30,30,6.11,70.11,25.6,Rabi
70064,jowar,80,40,40,5.44,579.75,34.01,Rabi
1480,wheat,60,30,30,6.5,41.3,21.704,Rabi
10501,barley,70,40,45,5.34,75.32,22.676,Rabi
16680,potato,180,60,90,4.92,689.88,29.03727273,Rabi
81742,sweetpotato,90,20,120,5.14,1111.68,28.64818182,Kharif
62256,turmeric,25,60,100,4.94,75.32,22.676,Kharif
29843,moong,20,40,20,5.36,297.66,29.56666667,Summer
41377,banana,100,75,50,6.36,1026.64,29.18636364,Whole Year
51554,rice,80,40,40,5.34,1997.12,27.0,Kharif
60145,sunflower,50,60,30,5.68,70.11,25.6,Whole Year
94274,banana,100,75,50,6.64,1299.26,26.51818182,Whole Year
45998,coriander,10,20,20,6.52,556.2,28.54545455,Rabi
62207,potato,180,60,90,5.06,75.32,22.676,Rabi
58573,maize,80,40,20,5.52,1246.715,22.6,Summer
22122,potato,180,60,90,5.16,1426.3,26.73636364,Rabi
84929,maize,80,40,20,5.48,34.81,34.66666667,Kharif
86025,blackpepper,100,60,50,5.18,2169.32,23.73636364,Whole Year
12162,maize,80,40,20,5.34,840.46,33.58333333,Summer
65269,garlic,50,10,60,5.62,240.1,10.38,Rabi
79518,wheat,60,30,30,6.11,87.2,23.106,Rabi
64363,rapeseed,50,40,20,5.0,87.2,23.106,Rabi
15337,rapeseed,50,40,20,5.18,167.38,23.56,Rabi
59828,jowar,80,40,40,5.5,1011.49,30.43,Rabi
74986,rice,80,40,40,5.56,56.236,15.852,Kharif
86359,potato,180,60,90,5.16,2169.32,23.73636364,Rabi
27187,rice,80,40,40,5.48,1246.715,22.6,Kharif
63817,rice,80,40,40,5.64,127.68,20.8,Kharif
18373,banana,100,75,50,6.48,2169.32,23.73636364,Whole Year
28958,horsegram,20,60,20,5.86,1145.22,28.5,Rabi
58840,wheat,60,30,30,6.7,199.2125,21.3,Rabi
41531,maize,80,40,20,5.42,1151.02,28.03333333,Summer
68195,jowar,80,40,40,5.52,510.05,33.37333333,Kharif
53690,maize,80,40,20,5.5,510.05,33.37333333,Summer
3711,sunflower,50,60,30,5.5,75.32,22.676,Whole Year
21664,potato,180,60,90,5.0,1050.245,18.77818182,Rabi
61174,coriander,10,20,20,6.48,556.2,28.54545455,Rabi
60849,moong,20,40,20,5.36,1145.22,28.5,Kharif
81322,rice,80,40,40,5.64,490.74,27.6,Kharif
61403,rice,80,40,40,5.58,297.66,29.56666667,Kharif
20747,turmeric,25,60,100,4.88,2817.86,27.90909091,Kharif
18625,ragi,50,40,20,5.48,840.46,33.58333333,Kharif
21920,moong,20,40,20,5.68,1145.22,28.5,Summer
60514,ragi,50,40,20,5.38,113.7,30.26666667,Kharif
72094,horsegram,20,60,20,6.14,94.02,22.38,Rabi
10970,rice,80,40,40,5.58,182.5,29.2,Kharif
79166,potato,180,60,90,5.04,840.46,33.58333333,Rabi
12293,garlic,50,10,60,5.68,1026.64,29.18636364,Rabi
5154,potato,180,60,90,4.96,2169.32,23.73636364,Rabi
64657,wheat,60,30,30,6.3,94.02,22.38,Rabi
50819,rice,80,40,40,5.46,122.42,18.58,Kharif
13797,rapeseed,50,40,20,5.14,73.47,23.562,Rabi
53464,garlic,50,10,60,5.36,1426.3,26.73636364,Rabi
25655,turmeric,25,60,100,4.96,1026.64,29.18636364,Kharif
17009,rapeseed,50,40,20,5.12,75.32,22.676,Rabi
11941,jowar,80,40,40,5.46,840.46,33.58333333,Kharif
33656,garlic,50,10,60,5.4,1098.26,15.5,Rabi
39418,rice,80,40,40,5.62,579.75,34.01,Kharif
64725,horsegram,20,60,20,5.82,94.02,22.38,Rabi
23355,banana,100,75,50,6.46,942.8,28.99454545,Whole Year
98110,horsegram,20,60,20,5.84,297.66,29.56666667,Rabi
78355,sweetpotato,90,20,120,5.08,1037.32,28.08181818,Rabi
49299,rapeseed,50,40,20,5.16,127.68,20.8,Rabi
42274,wheat,60,30,30,6.7,240.1,10.38,Rabi
66208,jowar,80,40,40,5.34,1997.12,27.0,Kharif
77016,maize,80,40,20,5.34,579.75,34.01,Summer
36643,rice,80,40,40,5.62,1145.22,28.5,Kharif
66529,wheat,60,30,30,6.12,73.47,23.562,Rabi
81951,rapeseed,50,40,20,4.98,73.47,23.562,Rabi
6848,moong,20,40,20,5.46,1246.715,22.6,Kharif
87569,sunflower,50,60,30,5.52,157.31,25.83333333,Whole Year
19614,maize,80,40,20,5.46,331.88,35.34666667,Summer
38631,onion,120,60,65,6.16,34.81,34.66666667,Rabi
38527,banana,100,75,50,6.44,942.8,28.99454545,Whole Year
48011,onion,120,60,65,6.08,34.81,34.66666667,Rabi
29920,rice,80,40,40,5.54,297.66,29.56666667,Kharif
20173,jowar,80,40,40,5.32,1246.715,22.6,Rabi
56074,moong,20,40,20,5.36,288.3,25.46,Summer
17063,potato,180,60,90,5.14,689.88,29.03727273,Rabi
55074,sunflower,50,60,30,5.68,34.81,34.66666667,Whole Year
52881,cotton,120,40,20,5.62,207.55,26.43333333,Kharif
49032,wheat,60,30,30,6.11,241.78,1.18,Rabi
14902,potato,180,60,90,4.9,1426.3,26.73636364,Rabi
64013,rice,80,40,40,5.4,497.88,25.03333333,Kharif
71258,sunflower,50,60,30,5.64,87.2,23.106,Whole Year
86421,wheat,60,30,30,6.11,127.68,20.8,Rabi
42403,rice,80,40,40,5.32,976.06,25.66666667,Kharif
32581,sweetpotato,90,20,120,5.18,1026.64,29.18636364,Kharif
11650,onion,120,60,65,5.88,2169.32,23.73636364,Rabi
7705,jowar,80,40,40,5.64,1011.49,30.43,Rabi
4688,potato,180,60,90,5.08,1501.98,25.81818182,Rabi
1221,jute,80,40,40,5.68,840.46,33.58333333,Kharif
93826,jute,80,40,40,5.66,840.46,33.58333333,Kharif
29650,barley,70,40,45,5.42,19.38,22.766,Rabi
7251,sweetpotato,90,20,120,5.02,2817.86,27.90909091,Kharif
38390,tomato,100,40,90,6.16,942.8,28.99454545,Whole Year
85197,rapeseed,50,40,20,5.08,169.82,14.6,Rabi
91891,jowar,80,40,40,5.46,579.75,34.01,Rabi
53088,coriander,10,20,20,6.6,1426.3,26.73636364,Rabi
57497,maize,80,40,20,5.58,1151.02,28.03333333,Summer
4337,barley,70,40,45,5.66,75.32,22.676,Rabi
26577,jowar,80,40,40,5.58,331.88,35.34666667,Rabi
71398,wheat,60,30,30,6.12,87.2,23.106,Rabi
79327,maize,80,40,20,5.46,840.46,33.58333333,Summer
34637,grapes,20,125,200,3.92,1603.2375,22.89090909,Whole Year
88057,ragi,50,40,20,5.32,1246.715,22.6,Kharif
51499,ragi,50,40,20,5.52,1246.715,22.6,Kharif
26355,jowar,80,40,40,5.56,790.98,30.61666667,Kharif
40516,pineapple,160,40,120,6.6,2169.32,23.73636364,Whole Year
8786,rice,80,40,40,5.58,411.52,34.73,Kharif
33315,wheat,60,30,30,6.7,15.34,27.276,Rabi
6578,rice,80,40,40,5.66,664.94,22.03333333,Kharif
53528,turmeric,25,60,100,4.96,1426.3,26.73636364,Kharif
76571,moong,20,40,20,5.68,770.44,28.68,Summer
14724,banana,100,75,50,6.52,1050.245,18.77818182,Whole Year
70059,wheat,60,30,30,6.11,75.32,22.676,Rabi
22278,potato,180,60,90,4.92,1426.3,26.73636364,Rabi
94952,wheat,60,30,30,7.0,122.42,18.58,Rabi
58233,horsegram,20,60,20,5.88,664.94,22.03333333,Kharif
55179,barley,70,40,45,5.58,75.32,22.676,Rabi
95911,turmeric,25,60,100,5.02,2817.86,27.90909091,Kharif
36393,pineapple,160,40,120,6.5,1050.245,18.77818182,Whole Year
42432,rice,80,40,40,5.64,122.42,18.58,Kharif
79899,rice,80,40,40,5.62,168.257,28.22333333,Kharif
90761,banana,100,75,50,6.44,884.5,27.65454545,Whole Year
64498,coriander,10,20,20,6.52,1299.26,26.51818182,Rabi
8269,rice,80,40,40,5.4,207.55,26.43333333,Kharif
91376,rice,80,40,40,5.34,579.75,34.01,Kharif
93519,wheat,60,30,30,6.12,127.68,20.8,Rabi
70659,jowar,80,40,40,5.52,288.3,25.46,Rabi
66415,onion,120,60,65,6.08,1111.68,28.64818182,Rabi
55603,maize,80,40,20,5.58,579.75,34.01,Summer
4643,rice,80,40,40,5.32,152.54,22.28,Kharif
63406,coriander,10,20,20,6.5,1037.32,28.08181818,Rabi
92563,moong,20,40,20,5.62,152.54,22.28,Kharif
97182,maize,80,40,20,5.66,1145.22,28.5,Kharif
42620,onion,120,60,65,6.1,1603.2375,22.89090909,Kharif
78379,turmeric,25,60,100,5.1,1037.32,28.08181818,Kharif
26908,moong,20,40,20,5.44,516.68,27.86666667,Summer
54496,ragi,50,40,20,5.66,297.66,29.56666667,Kharif
93410,rice,80,40,40,5.4,1543.76,27.33333333,Kharif
22328,onion,120,60,65,5.96,1426.3,26.73636364,Kharif
16414,onion,120,60,65,6.02,884.5,27.65454545,Kharif
75712,barley,70,40,45,5.6,19.38,22.766,Rabi
11497,onion,120,60,65,5.96,2169.32,23.73636364,Rabi
91936,onion,120,60,65,5.82,75.32,22.676,Kharif
4492,sunflower,50,60,30,5.48,75.32,22.676,Whole Year
13190,potato,180,60,90,4.82,1603.2375,22.89090909,Rabi
655,maize,80,40,20,5.36,98.98,34.92333333,Kharif
1255,moong,20,40,20,5.48,790.98,30.61666667,Kharif
33789,rapeseed,50,40,20,5.1,293.36,14.7,Rabi
50680,rice,80,40,40,5.38,664.94,22.03333333,Kharif
37303,barley,70,40,45,5.34,19.38,22.766,Rabi
69121,sunflower,50,60,30,5.38,942.8,28.99454545,Whole Year
96894,soyabean,20,60,20,5.4,607.48,26.36666667,Kharif
91167,jowar,80,40,40,5.38,98.94,25.574,Rabi
66129,rice,80,40,40,5.64,490.74,27.6,Kharif
91696,moong,20,40,20,5.58,34.81,34.66666667,Kharif
77695,potato,180,60,90,4.88,1110.78,25.66666667,Rabi
6270,maize,80,40,20,5.62,790.98,30.61666667,Kharif
78245,banana,100,75,50,6.4,1037.32,28.08181818,Whole Year
37496,rice,80,40,40,5.66,510.05,33.37333333,Kharif
7714,maize,80,40,20,5.36,1011.49,30.43,Kharif
96942,jute,80,40,40,5.44,423.745,22.07,Kharif
55620,rapeseed,50,40,20,4.92,75.32,22.676,Rabi
5219,turmeric,25,60,100,5.16,2169.32,23.73636364,Kharif
56512,rice,80,40,40,5.4,497.88,25.03333333,Kharif
58007,wheat,60,30,30,6.12,41.3,21.704,Rabi
44937,cauliflower,80,70,50,6.34,1350.025,26.01818182,Rabi
69649,potato,180,60,90,4.9,75.32,22.676,Rabi
92744,turmeric,25,60,100,5.06,865.94,26.6,Kharif
78805,jute,80,40,40,5.56,1543.76,27.33333333,Kharif
93588,banana,100,75,50,6.6,2169.32,23.73636364,Whole Year
77152,potato,180,60,90,5.08,75.32,22.676,Rabi
96488,garlic,50,10,60,5.34,1111.68,28.64818182,Rabi
6781,wheat,60,30,30,6.7,199.2125,21.3,Rabi
62961,maize,80,40,20,5.4,1110.78,25.66666667,Kharif
95447,coriander,10,20,20,6.52,1603.2375,22.89090909,Rabi
60679,wheat,60,30,30,6.3,113.7,30.26666667,Rabi
48724,jowar,80,40,40,5.32,288.3,25.46,Rabi
36657,moong,20,40,20,5.4,1145.22,28.5,Summer
39878,rice,80,40,40,5.42,152.54,22.28,Kharif
44646,grapes,20,125,200,4.14,714.68,26.45454545,Whole Year
21659,soyabean,20,60,20,5.32,423.745,22.07,Kharif
14531,ragi,50,40,20,5.36,607.48,26.36666667,Kharif
70029,barley,70,40,45,5.6,75.32,22.676,Rabi
74623,soyabean,20,60,20,5.38,607.48,26.36666667,Kharif
45726,turmeric,25,60,100,4.82,1426.3,26.73636364,Kharif
82854,moong,20,40,20,5.34,167.38,23.56,Summer
27804,maize,80,40,20,5.62,1011.49,30.43,Summer
78285,rice,80,40,40,5.4,288.3,25.46,Kharif
30923,jowar,80,40,40,5.54,579.75,34.01,Kharif
25170,rice,80,40,40,5.42,497.88,25.03333333,Kharif
70794,blackpepper,100,60,50,5.06,2169.32,23.73636364,Whole Year
2040,jowar,80,40,40,5.64,1011.49,30.43,Kharif
57735,banana,100,75,50,6.56,1299.26,26.51818182,Whole Year
3309,banana,100,75,50,6.42,297.66,29.56666667,Whole Year
20101,horsegram,20,60,20,5.88,199.2125,21.3,Rabi
91569,wheat,60,30,30,6.11,75.32,22.676,Rabi
41754,sunflower,50,60,30,5.58,1151.02,28.03333333,Whole Year
50673,potato,180,60,90,4.86,1098.26,15.5,Rabi
29321,moong,20,40,20,5.52,411.52,34.73,Summer
12642,jowar,80,40,40,5.66,331.88,35.34666667,Rabi
33212,sweetpotato,90,20,120,4.92,1299.26,26.51818182,Kharif
46788,jackfruit,75,40,50,4.9,884.5,27.65454545,Whole Year
18718,onion,120,60,65,5.96,1026.64,29.18636364,Kharif
48892,onion,120,60,65,6.0,288.3,25.46,Kharif
4195,maize,80,40,20,5.56,579.75,34.01,Summer
72260,onion,120,60,65,6.12,810.26,29.95636364,Rabi
36541,sunflower,50,60,30,5.34,70.598,18.92,Whole Year
29352,rice,80,40,40,5.32,411.52,34.73,Kharif
57933,moong,20,40,20,5.46,790.98,30.61666667,Kharif
79033,potato,180,60,90,5.02,87.2,23.106,Rabi
5669,turmeric,25,60,100,4.94,1026.64,29.18636364,Kharif
36278,brinjal,80,15,40,6.6,1350.025,26.01818182,Whole Year
40360,wheat,60,30,30,6.1,241.78,1.18,Rabi
72166,horsegram,20,60,20,5.9,94.02,22.38,Kharif
44730,jowar,80,40,40,5.58,70.11,25.6,Kharif
60871,rice,80,40,40,5.6,162.72,29.4,Kharif
52276,soyabean,20,60,20,5.48,1011.49,30.43,Kharif
2447,soyabean,20,60,20,5.36,423.745,22.07,Kharif
24147,cotton,120,40,20,5.42,579.75,34.01,Kharif
78289,sunflower,50,60,30,5.42,1037.32,28.08181818,Whole Year
25253,sweetpotato,90,20,120,4.82,2169.32,23.73636364,Kharif
87264,rice,80,40,40,5.68,790.98,30.61666667,Kharif
71179,jute,80,40,40,5.64,1543.76,27.33333333,Kharif
75619,wheat,60,30,30,6.4,66.52,20.312,Rabi
39657,onion,120,60,65,5.82,131.18,23.13333333,Rabi
68570,garlic,50,10,60,5.58,884.5,27.65454545,Rabi
65208,potato,180,60,90,4.96,1098.26,15.5,Rabi
71659,rapeseed,50,40,20,5.02,87.2,23.106,Rabi
30952,wheat,60,30,30,6.6,75.32,22.676,Rabi
9526,rapeseed,50,40,20,4.88,884.5,27.65454545,Rabi
40945,rice,80,40,40,5.4,87.2,23.106,Kharif
16808,soyabean,20,60,20,5.48,579.75,34.01,Kharif
92269,sunflower,50,60,30,5.46,34.81,34.66666667,Whole Year
6000,potato,180,60,90,5.04,1026.64,29.18636364,Rabi
63855,rapeseed,50,40,20,5.04,127.68,20.8,Rabi
7677,maize,80,40,20,5.34,1011.49,30.43,Kharif
54868,sunflower,50,60,30,5.58,34.81,34.66666667,Whole Year
71798,rice,80,40,40,5.44,87.2,23.106,Kharif
92543,rice,80,40,40,5.56,1166.94,28.33333333,Kharif
87564,wheat,60,30,30,6.11,199.2125,21.3,Rabi
85518,rice,80,40,40,5.68,182.5,29.2,Kharif
25352,moong,20,40,20,5.68,127.68,20.8,Kharif
93072,wheat,60,30,30,6.11,241.78,1.18,Rabi
15137,cotton,120,40,20,5.38,1145.22,28.5,Kharif
41266,jowar,80,40,40,5.4,840.46,33.58333333,Rabi
41960,rice,80,40,40,5.34,3.94,33.76333333,Kharif
65927,maize,80,40,20,5.62,1246.715,22.6,Summer
19010,barley,70,40,45,5.42,87.2,23.106,Rabi
64715,horsegram,20,60,20,6.12,1151.02,28.03333333,Kharif
38777,potato,180,60,90,5.02,689.88,29.03727273,Rabi
8213,potato,180,60,90,4.94,1050.245,18.77818182,Rabi
66947,turmeric,25,60,100,4.84,1111.68,28.64818182,Kharif
19200,maize,80,40,20,5.68,1151.02,28.03333333,Kharif
37086,maize,80,40,20,5.68,510.05,33.37333333,Summer
62747,rice,80,40,40,5.48,579.75,34.01,Kharif
2540,ragi,50,40,20,5.5,167.38,23.56,Kharif
73712,onion,120,60,65,5.94,157.31,25.83333333,Rabi
36330,potato,180,60,90,4.9,1350.025,26.01818182,Rabi
82064,coriander,10,20,20,6.68,1111.68,28.64818182,Rabi
53519,moong,20,40,20,5.54,113.7,30.26666667,Kharif
47509,onion,120,60,65,6.02,34.81,34.66666667,Rabi
64504,jowar,80,40,40,5.58,1151.02,28.03333333,Rabi
83681,rice,80,40,40,5.58,297.66,29.56666667,Kharif
58731,onion,120,60,65,6.04,1246.715,22.6,Kharif
3891,wheat,60,30,30,6.6,75.32,22.676,Rabi
69030,jowar,80,40,40,5.64,98.94,25.574,Rabi
85357,maize,80,40,20,5.5,182.5,29.2,Summer
34382,jowar,80,40,40,5.42,199.2125,21.3,Rabi
74705,rice,80,40,40,5.48,607.48,26.36666667,Kharif
61214,maize,80,40,20,5.4,510.05,33.37333333,Kharif
50744,maize,80,40,20,5.46,976.06,25.66666667,Summer
2298,moong,20,40,20,5.34,607.48,26.36666667,Kharif
34739,mango,20,20,30,5.08,2817.86,27.90909091,Summer
68254,maize,80,40,20,5.38,510.05,33.37333333,Kharif
73359,onion,120,60,65,5.82,157.31,25.83333333,Kharif
43747,maize,80,40,20,5.66,1011.49,30.43,Summer
90599,banana,100,75,50,6.4,884.5,27.65454545,Whole Year
15978,sweetpotato,90,20,120,4.82,556.2,28.54545455,Kharif
67245,jowar,80,40,40,5.36,607.48,26.36666667,Kharif
52993,potato,180,60,90,5.04,167.38,23.56,Rabi
18483,rice,80,40,40,5.52,840.46,33.58333333,Kharif
96005,garlic,50,10,60,5.58,1111.68,28.64818182,Rabi
71488,wheat,60,30,30,6.3,87.2,23.106,Rabi
49432,coriander,10,20,20,6.5,1026.64,29.18636364,Rabi
71176,turmeric,25,60,100,4.86,2169.32,23.73636364,Kharif
43449,brinjal,80,15,40,6.4,2817.86,27.90909091,Whole Year
32445,wheat,60,30,30,6.1,87.2,23.106,Rabi
98354,horsegram,20,60,20,5.92,770.44,28.68,Kharif
42713,rice,80,40,40,5.32,199.2125,21.3,Kharif
82467,rice,80,40,40,5.66,235.4251,26.64666667,Kharif
90151,rice,80,40,40,5.52,411.52,34.73,Kharif
29983,jowar,80,40,40,5.36,297.66,29.56666667,Rabi
75668,cotton,120,40,20,5.34,510.05,33.37333333,Kharif
42391,rice,80,40,40,5.38,976.06,25.66666667,Kharif
31744,cabbage,100,65,70,6.56,1037.32,28.08181818,Rabi
14984,wheat,60,30,30,6.11,167.38,23.56,Rabi
29776,maize,80,40,20,5.62,510.05,33.37333333,Summer
95144,horsegram,20,60,20,6.1,199.2125,21.3,Rabi
72639,horsegram,20,60,20,5.84,664.94,22.03333333,Rabi
80347,barley,70,40,45,5.64,240.1,10.38,Rabi
79341,rice,80,40,40,5.56,87.2,23.106,Kharif
84836,coriander,10,20,20,6.58,75.32,22.676,Rabi
12548,rice,80,40,40,5.62,331.88,35.34666667,Kharif
15022,rapeseed,50,40,20,5.18,167.38,23.56,Rabi
1176,garlic,50,10,60,5.44,1026.64,29.18636364,Rabi
41905,jowar,80,40,40,5.36,790.98,30.61666667,Rabi
89598,wheat,60,30,30,6.8,70.598,18.92,Rabi
49403,sunflower,50,60,30,5.32,840.46,33.58333333,Whole Year
32704,potato,180,60,90,5.1,1026.64,29.18636364,Rabi
69870,rice,80,40,40,5.62,579.75,34.01,Kharif
97206,wheat,60,30,30,7.0,113.7,30.26666667,Rabi
60960,moong,20,40,20,5.46,510.05,33.37333333,Kharif
44916,mango,20,20,30,4.84,1350.025,26.01818182,Summer
39938,wheat,60,30,30,6.12,152.54,22.28,Rabi
37881,banana,100,75,50,6.36,884.5,27.65454545,Whole Year
63812,onion,120,60,65,5.82,2169.32,23.73636364,Kharif
41231,horsegram,20,60,20,6.18,840.46,33.58333333,Kharif
15519,barley,70,40,45,5.5,66.52,20.312,Rabi
95776,maize,80,40,20,5.5,157.31,25.83333333,Kharif
57510,potato,180,60,90,4.92,1299.26,26.51818182,Rabi
68488,rice,80,40,40,5.32,1875.6,20.1,Kharif
33956,horsegram,20,60,20,5.96,199.2125,21.3,Kharif
61591,ragi,50,40,20,5.5,297.66,29.56666667,Kharif
69182,maize,80,40,20,5.62,579.75,34.01,Summer
54163,turmeric,25,60,100,5.1,884.5,27.65454545,Kharif
5540,banana,100,75,50,6.68,1026.64,29.18636364,Whole Year
3241,cardamom,75,75,150,5.12,884.5,27.65454545,Kharif
32604,sunflower,50,60,30,5.6,840.46,33.58333333,Whole Year
42050,maize,80,40,20,5.58,331.88,35.34666667,Summer
842,rice,80,40,40,5.66,98.98,34.92333333,Kharif
34737,garlic,50,10,60,5.64,2817.86,27.90909091,Rabi
27859,jowar,80,40,40,5.48,1011.49,30.43,Rabi
58297,barley,70,40,45,5.44,516.68,27.86666667,Rabi
47217,rice,80,40,40,5.68,770.44,28.68,Kharif
77448,barley,70,40,45,5.62,75.32,22.676,Rabi
41841,rapeseed,50,40,20,5.0,15.34,27.276,Rabi
29981,sunflower,50,60,30,5.38,297.66,29.56666667,Whole Year
57688,horsegram,20,60,20,5.98,1151.02,28.03333333,Kharif
62469,wheat,60,30,30,6.3,75.32,22.676,Rabi
20585,rice,80,40,40,5.64,157.31,25.83333333,Kharif
68351,barley,70,40,45,5.46,19.38,22.766,Rabi
79192,moong,20,40,20,5.5,840.46,33.58333333,Kharif
83273,garlic,50,10,60,5.38,556.2,28.54545455,Rabi
84316,rice,80,40,40,5.32,579.75,34.01,Kharif
68521,ragi,50,40,20,5.38,884.5,27.65454545,Kharif
13482,banana,100,75,50,6.52,2817.86,27.90909091,Whole Year
44524,cotton,120,40,20,5.64,607.48,26.36666667,Kharif
13069,rice,80,40,40,5.4,199.2125,21.3,Kharif
13089,blackpepper,100,60,50,4.9,1603.2375,22.89090909,Whole Year
3016,barley,70,40,45,5.46,19.38,22.766,Rabi
66589,horsegram,20,60,20,5.94,1011.49,30.43,Kharif
76506,coriander,10,20,20,6.42,884.5,27.65454545,Rabi
64452,maize,80,40,20,5.6,840.46,33.58333333,Kharif
76265,blackpepper,100,60,50,4.86,884.5,27.65454545,Whole Year
23530,potato,180,60,90,4.94,689.88,29.03727273,Rabi
65393,onion,120,60,65,5.96,122.42,18.58,Rabi
97156,rapeseed,50,40,20,5.16,70.598,18.92,Rabi
61121,onion,120,60,65,5.92,556.2,28.54545455,Rabi
70797,sweetpotato,90,20,120,5.02,2169.32,23.73636364,Rabi
18294,rice,80,40,40,5.34,1543.76,27.33333333,Kharif
32320,moong,20,40,20,5.4,840.46,33.58333333,Summer
86609,maize,80,40,20,5.46,840.46,33.58333333,Summer
14556,maize,80,40,20,5.52,70.11,25.6,Summer
94438,moong,20,40,20,5.42,3.94,33.76333333,Kharif
22775,rice,80,40,40,5.38,510.05,33.37333333,Kharif
79713,garlic,50,10,60,5.6,1299.26,26.51818182,Rabi
71080,rice,80,40,40,5.44,1543.76,27.33333333,Kharif
69735,onion,120,60,65,5.94,34.81,34.66666667,Rabi
73992,wheat,60,30,30,7.0,73.47,23.562,Rabi
17877,turmeric,25,60,100,5.16,1037.32,28.08181818,Kharif
43041,sunflower,50,60,30,5.6,157.31,25.83333333,Whole Year
24114,jowar,80,40,40,5.34,579.75,34.01,Rabi
73301,onion,120,60,65,6.12,1246.715,22.6,Rabi
80101,rice,80,40,40,5.66,790.98,30.61666667,Kharif
39975,banana,100,75,50,6.54,1037.32,28.08181818,Whole Year
94359,turmeric,25,60,100,4.92,1299.26,26.51818182,Kharif
11897,turmeric,25,60,100,5.14,1026.64,29.18636364,Kharif
53618,moong,20,40,20,5.38,10.265748,25.76,Summer
13557,jowar,80,40,40,5.56,1997.12,27.0,Rabi
73865,blackpepper,100,60,50,4.94,2817.86,27.90909091,Whole Year
49672,rice,80,40,40,5.34,98.98,34.92333333,Kharif
84519,wheat,60,30,30,6.11,75.32,22.676,Rabi
82057,jowar,80,40,40,5.64,1011.49,30.43,Rabi
81503,jowar,80,40,40,5.34,1011.49,30.43,Kharif
45322,rice,80,40,40,5.46,207.55,26.43333333,Kharif
89617,rice,80,40,40,5.6,207.55,26.43333333,Kharif
89624,maize,80,40,20,5.68,207.55,26.43333333,Summer
1738,rice,80,40,40,5.68,157.31,25.83333333,Kharif
17370,rice,80,40,40,5.46,579.75,34.01,Kharif
40299,cotton,120,40,20,5.46,654.34,29.26666667,Kharif
21445,maize,80,40,20,5.38,607.48,26.36666667,Summer
97460,moong,20,40,20,5.34,113.7,30.26666667,Summer
48551,rice,80,40,40,5.62,182.5,29.2,Kharif
74511,wheat,60,30,30,6.4,73.47,23.562,Rabi
24465,jowar,80,40,40,5.58,1166.94,28.33333333,Kharif
32429,coriander,10,20,20,6.46,1026.64,29.18636364,Rabi
61152,cotton,120,40,20,5.32,510.05,33.37333333,Kharif
12956,jowar,80,40,40,5.54,1246.715,22.6,Kharif
39329,rice,80,40,40,5.68,579.75,34.01,Kharif
8518,jute,80,40,40,5.44,1145.22,28.5,Kharif
88230,blackpepper,100,60,50,5.08,2817.86,27.90909091,Whole Year
73566,rice,80,40,40,5.56,157.31,25.83333333,Kharif
55801,jute,80,40,40,5.56,1166.94,28.33333333,Kharif
12250,rice,80,40,40,5.62,98.98,34.92333333,Kharif
63521,turmeric,25,60,100,5.08,1037.32,28.08181818,Kharif
3821,maize,80,40,20,5.52,579.75,34.01,Summer
22021,rice,80,40,40,5.56,1145.22,28.5,Kharif
8619,rice,80,40,40,5.66,1145.22,28.5,Kharif
31243,horsegram,20,60,20,5.92,152.54,22.28,Kharif
85044,onion,120,60,65,5.9,75.32,22.676,Rabi
52316,rice,80,40,40,5.4,1011.49,30.43,Kharif
37913,rapeseed,50,40,20,4.86,446.14,25.44,Rabi
11645,rapeseed,50,40,20,5.0,127.68,20.8,Rabi
33407,moong,20,40,20,5.54,790.98,30.61666667,Kharif
72664,wheat,60,30,30,6.8,240.1,10.38,Rabi
88945,jowar,80,40,40,5.36,1011.49,30.43,Kharif
86042,blackpepper,100,60,50,4.94,2169.32,23.73636364,Whole Year
68076,maize,80,40,20,5.54,411.52,34.73,Kharif
56085,turmeric,25,60,100,5.18,1037.32,28.08181818,Kharif
68141,coriander,10,20,20,6.6,556.2,28.54545455,Rabi
14131,soyabean,20,60,20,5.6,1011.49,30.43,Kharif
74366,barley,70,40,45,5.34,73.47,23.562,Rabi
30536,moong,20,40,20,5.6,579.75,34.01,Kharif
25271,rice,80,40,40,5.48,127.68,20.8,Kharif
30529,barley,70,40,45,5.64,75.32,22.676,Rabi
46377,cucumber,60,60,85,6.4,884.5,27.65454545,Summer
15000,moong,20,40,20,5.58,167.38,23.56,Kharif
84163,rice,80,40,40,5.54,1220.22,27.26666667,Kharif
74549,barley,70,40,45,5.48,73.47,23.562,Rabi
76657,moong,20,40,20,5.4,145.76,21.66,Kharif
29338,wheat,60,30,30,6.1,66.52,20.312,Rabi
40380,maize,80,40,20,5.42,1712.66,11.2,Kharif
63871,rapeseed,50,40,20,5.14,127.68,20.8,Rabi
53870,onion,120,60,65,6.18,556.2,28.54545455,Kharif
64883,rapeseed,50,40,20,4.88,15.34,27.276,Rabi
102,rice,80,40,40,5.46,288.3,25.46,Kharif
3337,onion,120,60,65,5.94,884.5,27.65454545,Kharif
2513,rice,80,40,40,5.54,207.55,26.43333333,Kharif
97340,horsegram,20,60,20,6.08,167.38,23.56,Kharif
57246,banana,100,75,50,6.32,1026.64,29.18636364,Whole Year
88570,rice,80,40,40,5.66,1111.68,28.64818182,Kharif
30188,wheat,60,30,30,6.8,145.76,21.66,Rabi
29058,moong,20,40,20,5.34,1145.22,28.5,Summer
74869,maize,80,40,20,5.5,607.48,26.36666667,Summer
17537,moong,20,40,20,5.36,152.54,22.28,Kharif
76138,rapeseed,50,40,20,5.0,884.5,27.65454545,Rabi
43500,rice,80,40,40,5.56,1011.49,30.43,Kharif
96390,maize,80,40,20,5.64,1011.49,30.43,Kharif
50323,rice,80,40,40,5.46,3.94,33.76333333,Kharif
98544,sunflower,50,60,30,5.38,34.81,34.66666667,Whole Year
49561,wheat,60,30,30,6.12,87.2,23.106,Rabi
19660,maize,80,40,20,5.32,331.88,35.34666667,Kharif
23224,coriander,10,20,20,6.6,884.5,27.65454545,Rabi
61617,cardamom,75,75,150,4.84,884.5,27.65454545,Kharif
15888,wheat,60,30,30,6.4,19.38,22.766,Rabi
21619,banana,100,75,50,6.48,1350.025,26.01818182,Whole Year
86618,wheat,60,30,30,6.12,87.2,23.106,Rabi
30520,rapeseed,50,40,20,4.98,75.32,22.676,Rabi
38054,rice,80,40,40,5.56,297.66,29.56666667,Kharif
4684,rice,80,40,40,5.34,182.5,29.2,Kharif
56656,sweetpotato,90,20,120,5.1,2169.32,23.73636364,Rabi
50815,potato,180,60,90,4.86,122.42,18.58,Rabi
71234,barley,70,40,45,5.38,87.2,23.106,Rabi
32183,potato,180,60,90,4.96,2169.32,23.73636364,Rabi
86642,maize,80,40,20,5.46,840.46,33.58333333,Summer
48430,jute,80,40,40,5.34,1166.94,28.33333333,Kharif
70020,potato,180,60,90,4.86,75.32,22.676,Rabi
46460,moong,20,40,20,5.32,297.66,29.56666667,Kharif
36056,sunflower,50,60,30,5.36,607.48,26.36666667,Whole Year
63921,rice,80,40,40,5.68,497.88,25.03333333,Kharif
2946,barley,70,40,45,5.64,19.38,22.766,Rabi
22153,coriander,10,20,20,6.46,1426.3,26.73636364,Rabi
31483,onion,120,60,65,6.16,288.3,25.46,Rabi
86482,maize,80,40,20,5.64,87.2,23.106,Kharif
68815,onion,120,60,65,6.06,884.5,27.65454545,Kharif
55590,maize,80,40,20,5.5,579.75,34.01,Summer
31891,potato,180,60,90,5.04,2169.32,23.73636364,Rabi
40121,maize,80,40,20,5.68,288.3,25.46,Summer
81517,turmeric,25,60,100,4.94,1111.68,28.64818182,Kharif
74618,jowar,80,40,40,5.4,607.48,26.36666667,Rabi
98192,ragi,50,40,20,5.58,297.66,29.56666667,Kharif
46236,wheat,60,30,30,6.9,19.38,22.766,Rabi
74846,jowar,80,40,40,5.58,607.48,26.36666667,Kharif
9494,sunflower,50,60,30,5.46,297.66,29.56666667,Whole Year
13125,maize,80,40,20,5.54,1246.715,22.6,Kharif
91096,garlic,50,10,60,5.4,942.8,28.99454545,Rabi
4472,potato,180,60,90,5.08,689.88,29.03727273,Rabi
20627,turmeric,25,60,100,4.92,2817.86,27.90909091,Kharif
4361,barley,70,40,45,5.58,75.32,22.676,Rabi
30797,rapeseed,50,40,20,5.1,75.32,22.676,Rabi
97544,horsegram,20,60,20,6.16,167.38,23.56,Kharif
2764,potato,180,60,90,4.86,1426.3,26.73636364,Rabi
20933,jowar,80,40,40,5.48,1011.49,30.43,Kharif
74923,jowar,80,40,40,5.58,607.48,26.36666667,Rabi
30454,potato,180,60,90,4.82,689.88,29.03727273,Rabi
67497,potato,180,60,90,4.88,235.4251,26.64666667,Rabi
31794,moong,20,40,20,5.44,288.3,25.46,Summer
23739,maize,80,40,20,5.42,579.75,34.01,Kharif
73227,moong,20,40,20,5.48,199.2125,21.3,Kharif
476,turmeric,25,60,100,5.02,2169.32,23.73636364,Kharif
68231,onion,120,60,65,5.86,556.2,28.54545455,Kharif
33456,jowar,80,40,40,5.52,331.88,35.34666667,Kharif
81124,rice,80,40,40,5.62,157.31,25.83333333,Kharif
73144,turmeric,25,60,100,4.9,1603.2375,22.89090909,Kharif
68294,wheat,60,30,30,6.5,19.38,22.766,Rabi
6117,cotton,120,40,20,5.5,790.98,30.61666667,Kharif
47245,sunflower,50,60,30,5.56,770.44,28.68,Whole Year
42654,rice,80,40,40,5.34,1246.715,22.6,Kharif
84485,potato,180,60,90,4.92,75.32,22.676,Rabi
5562,rice,80,40,40,5.44,87.2,23.106,Kharif
43837,garlic,50,10,60,5.56,1111.68,28.64818182,Rabi
91520,onion,120,60,65,6.02,75.32,22.676,Kharif
86565,maize,80,40,20,5.6,840.46,33.58333333,Kharif
40137,orange,20,10,10,4.14,1037.32,28.08181818,Whole Year
69961,barley,70,40,45,5.54,75.32,22.676,Rabi
20209,turmeric,25,60,100,4.9,1603.2375,22.89090909,Kharif
44889,grapes,20,125,200,3.82,714.68,26.45454545,Whole Year
96594,garlic,50,10,60,5.52,1111.68,28.64818182,Rabi
96344,onion,120,60,65,5.88,1111.68,28.64818182,Rabi
41279,banana,100,75,50,6.38,1026.64,29.18636364,Whole Year
37971,onion,120,60,65,6.16,884.5,27.65454545,Rabi
81674,rice,80,40,40,5.42,1011.49,30.43,Kharif
6559,cotton,120,40,20,5.32,1098.26,15.5,Kharif
8542,ragi,50,40,20,5.54,113.7,30.26666667,Kharif
13614,ragi,50,40,20,5.4,1011.49,30.43,Kharif
58875,coriander,10,20,20,6.44,1603.2375,22.89090909,Rabi
69481,turmeric,25,60,100,4.88,75.32,22.676,Kharif
31622,coriander,10,20,20,6.44,1037.32,28.08181818,Rabi
5448,rapeseed,50,40,20,4.84,127.68,20.8,Rabi
62941,barley,70,40,45,5.48,169.82,14.6,Rabi
64034,moong,20,40,20,5.42,98.98,34.92333333,Kharif
63378,moong,20,40,20,5.44,288.3,25.46,Kharif
93733,maize,80,40,20,5.58,840.46,33.58333333,Kharif
35395,onion,120,60,65,5.9,1111.68,28.64818182,Rabi
82449,cotton,120,40,20,5.36,235.4251,26.64666667,Kharif
84641,onion,120,60,65,5.9,75.32,22.676,Kharif
24413,maize,80,40,20,5.32,1110.78,25.66666667,Summer
37376,papaya,50,50,50,5.84,556.2,28.54545455,Whole Year
13361,sunflower,50,60,30,5.58,199.2125,21.3,Whole Year
70292,barley,70,40,45,5.38,169.82,14.6,Rabi
53904,onion,120,60,65,5.84,556.2,28.54545455,Kharif
55143,maize,80,40,20,5.44,579.75,34.01,Summer
50793,rice,80,40,40,5.64,122.42,18.58,Kharif
23169,sunflower,50,60,30,5.66,297.66,29.56666667,Whole Year
50620,wheat,60,30,30,6.6,41.3,21.704,Rabi
13951,cotton,120,40,20,5.52,1011.49,30.43,Kharif
48594,moong,20,40,20,5.58,152.54,22.28,Summer
7932,moong,20,40,20,5.68,607.48,26.36666667,Kharif
66331,soyabean,20,60,20,5.52,1011.49,30.43,Kharif
19306,rice,80,40,40,5.44,1151.02,28.03333333,Kharif
15435,ragi,50,40,20,5.54,1145.22,28.5,Kharif
56048,horsegram,20,60,20,5.84,288.3,25.46,Kharif
84327,rice,80,40,40,5.54,579.75,34.01,Kharif
96674,cotton,120,40,20,5.38,607.48,26.36666667,Kharif
38740,moong,20,40,20,5.62,34.81,34.66666667,Summer
90321,barley,70,40,45,5.64,19.38,22.766,Rabi
64623,rapeseed,50,40,20,4.88,94.02,22.38,Rabi
78392,moong,20,40,20,5.36,288.3,25.46,Kharif
86827,maize,80,40,20,5.56,87.2,23.106,Summer
74652,sunflower,50,60,30,5.56,70.11,25.6,Whole Year
94047,barley,70,40,45,5.46,87.2,23.106,Rabi
95404,rice,80,40,40,5.48,1246.715,22.6,Kharif
51247,maize,80,40,20,5.36,157.31,25.83333333,Summer
63134,potato,180,60,90,5.04,1501.98,25.81818182,Rabi
40063,onion,120,60,65,5.86,288.3,25.46,Rabi
64861,rice,80,40,40,5.42,3.94,33.76333333,Kharif
59989,rice,80,40,40,5.38,607.48,26.36666667,Kharif
66907,sweetpotato,90,20,120,5.0,1111.68,28.64818182,Kharif
55469,potato,180,60,90,5.16,75.32,22.676,Rabi
55101,rapeseed,50,40,20,4.96,75.32,22.676,Rabi
42506,maize,80,40,20,5.48,1246.715,22.6,Kharif
2694,maize,80,40,20,5.48,113.7,30.26666667,Summer
67032,cotton,120,40,20,5.32,607.48,26.36666667,Kharif
56544,rice,80,40,40,5.38,497.88,25.03333333,Kharif
66626,soyabean,20,60,20,5.58,1011.49,30.43,Kharif
65251,potato,180,60,90,4.84,1098.26,15.5,Rabi
39946,rice,80,40,40,5.54,1925.68,27.0,Kharif
27545,sweetpotato,90,20,120,5.02,2817.86,27.90909091,Kharif
91905,banana,100,75,50,6.46,34.81,34.66666667,Whole Year
46838,papaya,50,50,50,6.1,884.5,27.65454545,Whole Year
59523,barley,70,40,45,5.56,73.47,23.562,Rabi
34963,rapeseed,50,40,20,5.1,73.47,23.562,Rabi
59656,jowar,80,40,40,5.6,73.47,23.562,Rabi
17947,cotton,120,40,20,5.32,654.34,29.26666667,Kharif
69584,coriander,10,20,20,6.5,689.88,29.03727273,Rabi
74370,garlic,50,10,60,5.6,1111.68,28.64818182,Rabi
15866,jowar,80,40,40,5.46,510.05,33.37333333,Rabi
9731,jowar,80,40,40,5.62,98.94,25.574,Rabi
63363,banana,100,75,50,6.38,1037.32,28.08181818,Whole Year
43918,sunflower,50,60,30,5.6,1011.49,30.43,Whole Year
58644,horsegram,20,60,20,6.12,1246.715,22.6,Kharif
25817,maize,80,40,20,5.48,98.98,34.92333333,Kharif
66225,blackpepper,100,60,50,4.82,2817.86,27.90909091,Whole Year
6418,cotton,120,40,20,5.56,331.88,35.34666667,Kharif
17570,rice,80,40,40,5.5,182.5,29.2,Kharif
88246,turmeric,25,60,100,5.08,2817.86,27.90909091,Kharif
26749,moong,20,40,20,5.36,664.94,22.03333333,Summer
34153,sunflower,50,60,30,5.48,1246.715,22.6,Whole Year
72565,horsegram,20,60,20,5.96,664.94,22.03333333,Kharif
2891,onion,120,60,65,5.96,510.05,33.37333333,Rabi
31203,wheat,60,30,30,6.9,152.54,22.28,Rabi
96600,maize,80,40,20,5.52,1011.49,30.43,Kharif
81082,blackpepper,100,60,50,5.04,1603.2375,22.89090909,Whole Year
2437,banana,100,75,50,6.56,1050.245,18.77818182,Whole Year
40045,orange,20,10,10,3.92,1037.32,28.08181818,Whole Year
32127,papaya,50,50,50,6.16,2169.32,23.73636364,Whole Year
78483,rice,80,40,40,5.36,1712.66,11.2,Kharif
18166,rice,80,40,40,5.64,497.88,25.03333333,Kharif
85733,maize,80,40,20,5.52,654.34,29.26666667,Summer
60479,horsegram,20,60,20,5.86,167.38,23.56,Rabi
63298,sunflower,50,60,30,5.6,1037.32,28.08181818,Whole Year
69470,jowar,80,40,40,5.54,579.75,34.01,Kharif
91650,wheat,60,30,30,6.1,75.32,22.676,Rabi
11855,maize,80,40,20,5.58,98.98,34.92333333,Summer
61952,coriander,10,20,20,6.54,942.8,28.99454545,Rabi
98584,rapeseed,50,40,20,4.88,75.32,22.676,Rabi
24540,rice,80,40,40,5.32,182.5,29.2,Kharif
44432,cabbage,100,65,70,6.38,1111.68,28.64818182,Rabi
86991,onion,120,60,65,5.84,1299.26,26.51818182,Rabi
33091,maize,80,40,20,5.64,1151.02,28.03333333,Kharif
40929,jute,80,40,40,5.36,840.46,33.58333333,Kharif
56616,moong,20,40,20,5.5,127.68,20.8,Kharif
82872,rapeseed,50,40,20,5.02,167.38,23.56,Rabi
80305,soyabean,20,60,20,5.38,664.94,22.03333333,Kharif
72466,maize,80,40,20,5.68,331.88,35.34666667,Kharif
32878,maize,80,40,20,5.56,87.2,23.106,Summer
96046,onion,120,60,65,5.88,1111.68,28.64818182,Kharif
46056,jowar,80,40,40,5.34,510.05,33.37333333,Rabi
19002,banana,100,75,50,6.56,1026.64,29.18636364,Whole Year
51506,moong,20,40,20,5.56,199.2125,21.3,Kharif
83017,moong,20,40,20,5.34,3.274569,29.0,Kharif
59517,sweetpotato,90,20,120,5.04,1111.68,28.64818182,Kharif
86183,onion,120,60,65,6.08,2169.32,23.73636364,Kharif
93268,rice,80,40,40,5.4,127.68,20.8,Kharif
62504,barley,70,40,45,5.48,75.32,22.676,Rabi
56253,jowar,80,40,40,5.66,288.3,25.46,Kharif
26109,coriander,10,20,20,6.64,1299.26,26.51818182,Rabi
48299,potato,180,60,90,5.16,1411.78,19.94545455,Rabi
32504,rice,80,40,40,5.48,840.46,33.58333333,Kharif
72135,cotton,120,40,20,5.44,1151.02,28.03333333,Kharif
51022,wheat,60,30,30,6.8,199.2125,21.3,Rabi
76827,moong,20,40,20,5.42,579.75,34.01,Summer
68728,horsegram,20,60,20,6.02,884.5,27.65454545,Rabi
92506,rice,80,40,40,5.68,182.5,29.2,Kharif
34461,maize,80,40,20,5.62,157.31,25.83333333,Summer
2648,wheat,60,30,30,6.4,167.38,23.56,Rabi
77107,maize,80,40,20,5.62,75.32,22.676,Summer
22002,rice,80,40,40,5.54,167.38,23.56,Kharif
36567,rapeseed,50,40,20,4.92,70.598,18.92,Rabi
94789,potato,180,60,90,4.86,664.94,22.03333333,Rabi
98546,maize,80,40,20,5.5,579.75,34.01,Summer
84236,onion,120,60,65,6.0,75.32,22.676,Kharif
20443,ragi,50,40,20,5.68,157.31,25.83333333,Kharif
79210,rice,80,40,40,5.48,840.46,33.58333333,Kharif
8620,moong,20,40,20,5.56,113.7,30.26666667,Kharif
86656,maize,80,40,20,5.46,840.46,33.58333333,Kharif
14972,sweetpotato,90,20,120,5.06,1145.22,28.5,Rabi
22773,maize,80,40,20,5.34,510.05,33.37333333,Summer
3431,turmeric,25,60,100,4.9,884.5,27.65454545,Kharif
85153,rice,80,40,40,5.66,1110.78,25.66666667,Kharif
19696,rapeseed,50,40,20,4.92,41.3,21.704,Rabi
33886,rice,80,40,40,5.42,122.42,18.58,Kharif
19587,potato,180,60,90,4.94,421.14,28.50727273,Rabi
14107,potato,180,60,90,4.84,1111.68,28.64818182,Rabi
7201,potato,180,60,90,5.16,157.31,25.83333333,Rabi
57838,banana,100,75,50,6.64,810.26,29.95636364,Whole Year
30094,maize,80,40,20,5.52,98.94,25.574,Kharif
29294,blackpepper,100,60,50,5.1,550.1245,27.63636364,Whole Year
15881,maize,80,40,20,5.48,510.05,33.37333333,Summer
69446,jowar,80,40,40,5.58,579.75,34.01,Rabi
45144,rice,80,40,40,5.36,423.745,22.07,Kharif
49755,rapeseed,50,40,20,4.88,87.2,23.106,Rabi
94596,moong,20,40,20,5.46,790.98,30.61666667,Kharif
24710,rice,80,40,40,5.42,288.3,25.46,Kharif
8229,rice,80,40,40,5.36,235.4251,26.64666667,Kharif
47902,potato,180,60,90,4.94,689.88,29.03727273,Rabi
78558,turmeric,25,60,100,5.04,2169.32,23.73636364,Kharif
40490,wheat,60,30,30,6.11,127.68,20.8,Rabi
7115,onion,120,60,65,6.06,1246.715,22.6,Kharif
802,wheat,60,30,30,6.8,87.2,23.106,Rabi
49799,coriander,10,20,20,6.56,1026.64,29.18636364,Rabi
95196,sunflower,50,60,30,5.56,199.2125,21.3,Whole Year
99418,maize,80,40,20,5.4,1110.78,25.66666667,Summer
77855,cotton,120,40,20,5.52,1166.94,28.33333333,Kharif
9783,jowar,80,40,40,5.62,98.94,25.574,Rabi
61911,sunflower,50,60,30,5.34,942.8,28.99454545,Whole Year
12789,rapeseed,50,40,20,4.88,293.36,14.7,Rabi
29835,jowar,80,40,40,5.54,297.66,29.56666667,Kharif
19320,jowar,80,40,40,5.62,1151.02,28.03333333,Kharif
59761,potato,180,60,90,4.84,1111.68,28.64818182,Rabi
49071,moong,20,40,20,5.66,127.68,20.8,Kharif
7178,cotton,120,40,20,5.32,1246.715,22.6,Kharif
4280,rice,80,40,40,5.34,34.81,34.66666667,Kharif
46230,moong,20,40,20,5.38,510.05,33.37333333,Summer
3022,barley,70,40,45,5.66,19.38,22.766,Rabi
95498,rapeseed,50,40,20,4.86,199.2125,21.3,Rabi
38357,coriander,10,20,20,6.68,942.8,28.99454545,Rabi
81600,garlic,50,10,60,5.48,1111.68,28.64818182,Rabi
13722,sunflower,50,60,30,5.4,1011.49,30.43,Whole Year
62487,onion,120,60,65,5.86,689.88,29.03727273,Kharif
47889,potato,180,60,90,5.0,689.88,29.03727273,Rabi
94631,onion,120,60,65,6.0,810.26,29.95636364,Rabi
7433,soyabean,20,60,20,5.36,1011.49,30.43,Kharif
59814,cotton,120,40,20,5.38,1011.49,30.43,Kharif
45494,onion,120,60,65,5.98,1426.3,26.73636364,Kharif
30293,sunflower,50,60,30,5.46,579.75,34.01,Whole Year
95426,maize,80,40,20,5.34,1246.715,22.6,Summer
15502,cotton,120,40,20,5.44,411.52,34.73,Kharif
53991,potato,180,60,90,4.94,556.2,28.54545455,Rabi
29169,potato,180,60,90,5.18,1426.3,26.73636364,Rabi
34676,maize,80,40,20,5.6,157.31,25.83333333,Summer
24775,onion,120,60,65,6.06,288.3,25.46,Kharif
4451,rice,80,40,40,5.34,34.81,34.66666667,Kharif
48000,jowar,80,40,40,5.36,579.75,34.01,Rabi
92771,jowar,80,40,40,5.56,654.34,29.26666667,Kharif
69171,cotton,120,40,20,5.58,1220.22,27.26666667,Kharif
44660,grapes,20,125,200,3.92,714.68,26.45454545,Whole Year
41282,onion,120,60,65,5.9,1026.64,29.18636364,Kharif
60863,rice,80,40,40,5.52,162.72,29.4,Kharif
57725,maize,80,40,20,5.42,1151.02,28.03333333,Kharif
74793,wheat,60,30,30,6.5,70.11,25.6,Rabi
73702,soyabean,20,60,20,5.68,1246.715,22.6,Kharif
53207,ragi,50,40,20,5.58,167.38,23.56,Kharif
67771,rice,80,40,40,5.48,167.38,23.56,Kharif
19376,moong,20,40,20,5.5,1151.02,28.03333333,Summer
47433,wheat,60,30,30,6.12,75.32,22.676,Rabi
7331,turmeric,25,60,100,4.82,2817.86,27.90909091,Kharif
18512,rice,80,40,40,5.58,98.98,34.92333333,Kharif
91001,maize,80,40,20,5.5,770.44,28.68,Kharif
13048,coriander,10,20,20,6.44,1603.2375,22.89090909,Rabi
23369,horsegram,20,60,20,6.02,98.94,25.574,Rabi
61359,banana,100,75,50,6.64,884.5,27.65454545,Whole Year
72834,rice,80,40,40,5.34,516.68,27.86666667,Kharif
77640,barley,70,40,45,5.66,75.32,22.676,Rabi
92339,potato,180,60,90,4.86,1110.78,25.66666667,Rabi
93329,rapeseed,50,40,20,5.14,127.68,20.8,Rabi
17164,onion,120,60,65,6.08,689.88,29.03727273,Rabi
78749,rice,80,40,40,5.4,1543.76,27.33333333,Kharif
20274,rapeseed,50,40,20,4.88,199.2125,21.3,Rabi
20928,rapeseed,50,40,20,4.88,73.47,23.562,Rabi
6318,wheat,60,30,30,6.3,41.3,21.704,Rabi
8266,jute,80,40,40,5.4,207.55,26.43333333,Kharif
33078,horsegram,20,60,20,5.96,94.02,22.38,Rabi
18619,rice,80,40,40,5.56,98.98,34.92333333,Kharif
34053,jowar,80,40,40,5.36,157.31,25.83333333,Kharif
64536,coriander,10,20,20,6.4,1299.26,26.51818182,Rabi
87880,banana,100,75,50,6.6,1603.2375,22.89090909,Whole Year
64651,rice,80,40,40,5.4,1151.02,28.03333333,Kharif
41820,barley,70,40,45,5.48,94.02,22.38,Rabi
84142,jute,80,40,40,5.66,1220.22,27.26666667,Kharif
17411,rapeseed,50,40,20,5.06,75.32,22.676,Rabi
90539,maize,80,40,20,5.64,1875.6,20.1,Summer
74634,jowar,80,40,40,5.44,70.11,25.6,Kharif
13519,sweetpotato,90,20,120,4.84,2817.86,27.90909091,Rabi
45070,tomato,100,40,90,5.86,1350.025,26.01818182,Whole Year
41169,onion,120,60,65,6.0,1026.64,29.18636364,Rabi
44736,cotton,120,40,20,5.44,607.48,26.36666667,Kharif
89576,potato,180,60,90,4.82,207.55,26.43333333,Rabi
73835,rice,80,40,40,5.68,1997.12,27.0,Kharif
77077,potato,180,60,90,4.84,75.32,22.676,Rabi
81939,coriander,10,20,20,6.56,1111.68,28.64818182,Rabi
52597,rice,80,40,40,5.34,37.09,27.96666667,Kharif
70078,maize,80,40,20,5.34,579.75,34.01,Kharif
32094,rice,80,40,40,5.64,1543.76,27.33333333,Kharif
19757,rapeseed,50,40,20,5.14,41.3,21.704,Rabi
16412,banana,100,75,50,6.54,884.5,27.65454545,Whole Year
48614,turmeric,25,60,100,5.02,1501.98,25.81818182,Kharif
66966,jute,80,40,40,5.56,1011.49,30.43,Kharif
78180,banana,100,75,50,6.32,1037.32,28.08181818,Whole Year
75792,wheat,60,30,30,6.7,19.38,22.766,Rabi
6931,sunflower,50,60,30,5.52,199.2125,21.3,Whole Year
67212,moong,20,40,20,5.66,607.48,26.36666667,Summer
13327,moong,20,40,20,5.46,1246.715,22.6,Summer
20182,maize,80,40,20,5.42,199.2125,21.3,Kharif
27093,sunflower,50,60,30,5.68,157.31,25.83333333,Whole Year
84635,rice,80,40,40,5.38,579.75,34.01,Kharif
45401,sweetpotato,90,20,120,4.82,1426.3,26.73636364,Rabi
27069,maize,80,40,20,5.4,157.31,25.83333333,Kharif
20921,jowar,80,40,40,5.44,1011.49,30.43,Kharif
90299,rice,80,40,40,5.6,510.05,33.37333333,Kharif
65599,sunflower,50,60,30,5.48,1246.715,22.6,Whole Year
54493,jowar,80,40,40,5.52,297.66,29.56666667,Kharif
76580,sunflower,50,60,30,5.4,98.94,25.574,Whole Year
74847,maize,80,40,20,5.64,607.48,26.36666667,Summer
89947,maize,80,40,20,5.42,1145.22,28.5,Kharif
36780,maize,80,40,20,5.48,1145.22,28.5,Kharif
78434,maize,80,40,20,5.4,288.3,25.46,Summer
27343,sunflower,50,60,30,5.6,157.31,25.83333333,Whole Year
3394,banana,100,75,50,6.42,884.5,27.65454545,Whole Year
34021,jowar,80,40,40,5.48,157.31,25.83333333,Rabi
59282,jowar,80,40,40,5.62,1997.12,27.0,Rabi
36952,sweetpotato,90,20,120,5.08,1426.3,26.73636364,Rabi
83695,cardamom,75,75,150,5.14,884.5,27.65454545,Kharif
57269,rice,80,40,40,5.64,87.2,23.106,Kharif
74410,rapeseed,50,40,20,4.98,73.47,23.562,Rabi
40219,maize,80,40,20,5.56,288.3,25.46,Kharif
73160,ragi,50,40,20,5.44,157.31,25.83333333,Kharif
31355,rapeseed,50,40,20,4.9,152.54,22.28,Rabi
27699,sweetpotato,90,20,120,4.86,1111.68,28.64818182,Kharif
5903,sunflower,50,60,30,5.44,840.46,33.58333333,Whole Year
26115,jowar,80,40,40,5.5,1151.02,28.03333333,Kharif
56394,wheat,60,30,30,6.1,241.78,1.18,Rabi
36922,potato,180,60,90,4.98,1426.3,26.73636364,Rabi
17134,ragi,50,40,20,5.34,75.32,22.676,Kharif
16247,rice,80,40,40,5.38,297.66,29.56666667,Kharif
80411,potato,180,60,90,4.92,293.36,14.7,Rabi
92472,jute,80,40,40,5.42,1166.94,28.33333333,Kharif
97975,sweetpotato,90,20,120,5.12,556.2,28.54545455,Kharif
68035,rice,80,40,40,5.48,411.52,34.73,Kharif
76362,onion,120,60,65,5.82,884.5,27.65454545,Kharif
91899,garlic,50,10,60,5.36,75.32,22.676,Rabi
35131,wheat,60,30,30,6.3,73.47,23.562,Rabi
84489,moong,20,40,20,5.42,34.81,34.66666667,Kharif
77507,onion,120,60,65,6.14,75.32,22.676,Rabi
8731,blackpepper,100,60,50,4.96,162.72,29.4,Whole Year
25424,sunflower,50,60,30,5.66,840.46,33.58333333,Whole Year
79838,maize,80,40,20,5.34,1151.02,28.03333333,Summer
16307,turmeric,25,60,100,5.08,884.5,27.65454545,Kharif
93126,turmeric,25,60,100,4.86,2569.52,4.9,Kharif
52908,jowar,80,40,40,5.32,207.55,26.43333333,Kharif
75339,maize,80,40,20,5.6,1145.22,28.5,Kharif
98974,moong,20,40,20,5.32,34.81,34.66666667,Kharif
67492,cotton,120,40,20,5.34,235.4251,26.64666667,Kharif
85408,moong,20,40,20,5.56,182.5,29.2,Kharif
2290,maize,80,40,20,5.5,607.48,26.36666667,Kharif
47858,moong,20,40,20,5.42,34.81,34.66666667,Kharif
51803,turmeric,25,60,100,4.88,1111.68,28.64818182,Kharif
73426,onion,120,60,65,6.04,1246.715,22.6,Kharif
83531,moong,20,40,20,5.6,884.5,27.65454545,Summer
31441,ragi,50,40,20,5.38,654.34,29.26666667,Kharif
49243,wheat,60,30,30,6.9,127.68,20.8,Rabi
23606,jowar,80,40,40,5.48,579.75,34.01,Kharif
15681,turmeric,25,60,100,4.92,556.2,28.54545455,Kharif
37267,onion,120,60,65,5.84,556.2,28.54545455,Rabi
22189,onion,120,60,65,6.16,1426.3,26.73636364,Kharif
93003,onion,120,60,65,5.88,654.34,29.26666667,Rabi
47943,wheat,60,30,30,6.12,75.32,22.676,Rabi
10590,barley,70,40,45,5.58,75.32,22.676,Rabi
31129,soyabean,20,60,20,5.62,1110.78,25.66666667,Kharif
87002,rapeseed,50,40,20,4.84,94.02,22.38,Rabi
38697,wheat,60,30,30,6.6,75.32,22.676,Rabi
95703,maize,80,40,20,5.54,199.2125,21.3,Kharif
83277,maize,80,40,20,5.38,510.05,33.37333333,Kharif
67239,soyabean,20,60,20,5.52,607.48,26.36666667,Kharif
37730,cauliflower,80,70,50,6.32,884.5,27.65454545,Rabi
63158,moong,20,40,20,5.56,182.5,29.2,Summer
20097,rice,80,40,40,5.46,1246.715,22.6,Kharif
40231,cucumber,60,60,85,6.38,1037.32,28.08181818,Summer
97740,wheat,60,30,30,6.4,19.38,22.766,Rabi
74784,moong,20,40,20,5.42,607.48,26.36666667,Summer
84340,rice,80,40,40,5.6,579.75,34.01,Kharif
20295,soyabean,20,60,20,5.58,1246.715,22.6,Kharif
81013,maize,80,40,20,5.68,1246.715,22.6,Kharif
68875,sweetpotato,90,20,120,5.04,884.5,27.65454545,Rabi
68620,blackpepper,100,60,50,5.0,884.5,27.65454545,Whole Year
40623,pineapple,160,40,120,6.44,2169.32,23.73636364,Whole Year
97082,potato,180,60,90,4.88,70.598,18.92,Rabi
68502,maize,80,40,20,5.42,1875.6,20.1,Summer
12476,ragi,50,40,20,5.42,790.98,30.61666667,Kharif
24705,jowar,80,40,40,5.38,288.3,25.46,Kharif
93736,barley,70,40,45,5.46,87.2,23.106,Rabi
4385,barley,70,40,45,5.58,75.32,22.676,Rabi
33419,wheat,60,30,30,6.12,15.34,27.276,Rabi
81597,rapeseed,50,40,20,4.88,73.47,23.562,Rabi
25681,maize,80,40,20,5.46,98.98,34.92333333,Summer
8865,sunflower,50,60,30,5.42,19.38,22.766,Whole Year
28580,cotton,120,40,20,5.62,607.48,26.36666667,Kharif
83061,rice,80,40,40,5.66,411.52,34.73,Kharif
18880,coriander,10,20,20,6.5,1026.64,29.18636364,Rabi
21884,cotton,120,40,20,5.42,1145.22,28.5,Kharif
15714,soyabean,20,60,20,5.56,510.05,33.37333333,Kharif
20555,sweetpotato,90,20,120,4.84,1603.2375,22.89090909,Kharif
53819,wheat,60,30,30,6.1,19.38,22.766,Rabi
44636,jowar,80,40,40,5.46,607.48,26.36666667,Rabi
59355,soyabean,20,60,20,5.46,1011.49,30.43,Kharif
49773,rapeseed,50,40,20,4.84,87.2,23.106,Rabi
85187,onion,120,60,65,6.18,1411.78,19.94545455,Rabi
66374,sunflower,50,60,30,5.66,1011.49,30.43,Whole Year
20725,turmeric,25,60,100,5.06,2817.86,27.90909091,Kharif
34170,garlic,50,10,60,5.5,1603.2375,22.89090909,Rabi
14336,jowar,80,40,40,5.48,70.11,25.6,Kharif
72346,potato,180,60,90,4.88,810.26,29.95636364,Rabi
3935,moong,20,40,20,5.36,34.81,34.66666667,Summer
26550,rice,80,40,40,5.42,331.88,35.34666667,Kharif
5268,jute,80,40,40,5.5,1543.76,27.33333333,Kharif
62414,sweetpotato,90,20,120,4.82,689.88,29.03727273,Kharif
87546,jowar,80,40,40,5.54,1246.715,22.6,Kharif
72787,coriander,10,20,20,6.38,293.36,14.7,Rabi
90493,onion,120,60,65,5.94,556.2,28.54545455,Kharif
47899,maize,80,40,20,5.5,34.81,34.66666667,Kharif
57582,onion,120,60,65,6.0,1299.26,26.51818182,Rabi
85014,rice,80,40,40,5.54,579.75,34.01,Kharif
7116,potato,180,60,90,5.0,1246.715,22.6,Rabi
22541,jowar,80,40,40,5.64,510.05,33.37333333,Rabi
14535,jowar,80,40,40,5.58,607.48,26.36666667,Rabi
44172,potato,180,60,90,4.94,1111.68,28.64818182,Rabi
6232,rapeseed,50,40,20,5.14,15.34,27.276,Rabi
66014,banana,100,75,50,6.44,1603.2375,22.89090909,Whole Year
82425,potato,180,60,90,5.04,1050.245,18.77818182,Rabi
35543,rice,80,40,40,5.48,1011.49,30.43,Kharif
33110,jowar,80,40,40,5.5,1151.02,28.03333333,Kharif
43012,ragi,50,40,20,5.32,157.31,25.83333333,Kharif
45515,moong,20,40,20,5.62,1145.22,28.5,Kharif
69651,wheat,60,30,30,6.12,75.32,22.676,Rabi
7950,sunflower,50,60,30,5.32,607.48,26.36666667,Whole Year
40893,moong,20,40,20,5.6,840.46,33.58333333,Summer
38410,brinjal,80,15,40,6.56,942.8,28.99454545,Whole Year
29349,wheat,60,30,30,6.9,66.52,20.312,Rabi
24991,turmeric,25,60,100,4.98,2569.52,4.9,Kharif
39527,maize,80,40,20,5.62,1110.78,25.66666667,Summer
65189,barley,70,40,45,5.6,240.1,10.38,Rabi
95487,ragi,50,40,20,5.58,1246.715,22.6,Kharif
91227,wheat,60,30,30,6.5,75.32,22.676,Rabi
78247,sunflower,50,60,30,5.5,1037.32,28.08181818,Whole Year
34463,rice,80,40,40,5.42,157.31,25.83333333,Kharif
29464,jowar,80,40,40,5.46,510.05,33.37333333,Kharif
72765,potato,180,60,90,5.04,293.36,14.7,Rabi
75759,cotton,120,40,20,5.62,510.05,33.37333333,Kharif
77194,barley,70,40,45,5.62,75.32,22.676,Rabi
43784,mango,20,20,30,5.02,1111.68,28.64818182,Summer
78613,rice,80,40,40,5.56,127.68,20.8,Kharif
88793,soyabean,20,60,20,5.54,1111.68,28.64818182,Kharif
63187,barley,70,40,45,5.48,152.54,22.28,Rabi
81140,sunflower,50,60,30,5.58,1246.715,22.6,Whole Year
7858,soyabean,20,60,20,5.52,607.48,26.36666667,Kharif
21397,maize,80,40,20,5.64,607.48,26.36666667,Summer
27784,potato,180,60,90,4.84,1111.68,28.64818182,Rabi
76379,rice,80,40,40,5.66,297.66,29.56666667,Kharif
32608,wheat,60,30,30,7.0,87.2,23.106,Rabi
40699,sweetpotato,90,20,120,4.84,2169.32,23.73636364,Kharif
69995,onion,120,60,65,6.1,34.81,34.66666667,Rabi
94150,garlic,50,10,60,5.5,1299.26,26.51818182,Rabi
44996,onion,120,60,65,6.12,1350.025,26.01818182,Rabi
26436,potato,180,60,90,4.96,810.26,29.95636364,Rabi
18550,horsegram,20,60,20,5.88,840.46,33.58333333,Kharif
22848,onion,120,60,65,6.06,556.2,28.54545455,Rabi
74440,jowar,80,40,40,5.34,73.47,23.562,Rabi
23994,potato,180,60,90,4.96,689.88,29.03727273,Rabi
39091,maize,80,40,20,5.32,75.32,22.676,Summer
77537,maize,80,40,20,5.42,34.81,34.66666667,Summer
51229,turmeric,25,60,100,4.88,1603.2375,22.89090909,Kharif
14149,barley,70,40,45,5.54,73.47,23.562,Rabi
37348,cotton,120,40,20,5.36,510.05,33.37333333,Kharif
25967,maize,80,40,20,5.38,98.98,34.92333333,Summer
28666,maize,80,40,20,5.38,423.745,22.07,Kharif
73632,rice,80,40,40,5.58,1246.715,22.6,Kharif
83462,moong,20,40,20,5.42,510.05,33.37333333,Kharif
77026,maize,80,40,20,5.54,34.81,34.66666667,Kharif
21442,wheat,60,30,30,6.7,70.11,25.6,Rabi
71888,soyabean,20,60,20,5.68,1151.02,28.03333333,Kharif
90039,maize,80,40,20,5.36,1145.22,28.5,Kharif
57053,moong,20,40,20,5.38,840.46,33.58333333,Summer
67549,moong,20,40,20,5.66,207.55,26.43333333,Kharif
5957,jute,80,40,40,5.56,840.46,33.58333333,Kharif
21147,wheat,60,30,30,6.9,73.47,23.562,Rabi
68800,potato,180,60,90,5.14,884.5,27.65454545,Rabi
20149,rice,80,40,40,5.54,1246.715,22.6,Kharif
7969,moong,20,40,20,5.4,607.48,26.36666667,Kharif
70261,potato,180,60,90,4.84,1110.78,25.66666667,Rabi
78492,rice,80,40,40,5.68,1712.66,11.2,Kharif
63215,rice,80,40,40,5.46,152.54,22.28,Kharif
27409,onion,120,60,65,6.12,1603.2375,22.89090909,Kharif
1126,maize,80,40,20,5.64,98.98,34.92333333,Summer
1581,coriander,10,20,20,6.56,1603.2375,22.89090909,Rabi
60816,rapeseed,50,40,20,5.14,167.38,23.56,Rabi
65390,maize,80,40,20,5.52,976.06,25.66666667,Summer
38500,coriander,10,20,20,6.62,942.8,28.99454545,Rabi
72247,wheat,60,30,30,6.8,15.34,27.276,Rabi
64580,maize,80,40,20,5.56,1151.02,28.03333333,Summer
45415,jute,80,40,40,5.32,1145.22,28.5,Kharif
82679,rice,80,40,40,5.48,1145.22,28.5,Kharif
21428,maize,80,40,20,5.56,70.11,25.6,Kharif
14485,jowar,80,40,40,5.5,70.11,25.6,Kharif
2235,cotton,120,40,20,5.32,714.68,26.45454545,Kharif
57434,maize,80,40,20,5.56,87.2,23.106,Summer
37431,papaya,50,50,50,6.1,556.2,28.54545455,Whole Year
74330,potato,180,60,90,4.88,1111.68,28.64818182,Rabi
71389,jowar,80,40,40,5.38,840.46,33.58333333,Kharif
14753,cotton,120,40,20,5.48,235.4251,26.64666667,Kharif
55498,garlic,50,10,60,5.58,689.88,29.03727273,Rabi
87401,rice,80,40,40,5.36,331.88,35.34666667,Kharif
75630,maize,80,40,20,5.38,411.52,34.73,Kharif
45613,onion,120,60,65,6.08,1426.3,26.73636364,Rabi
57105,banana,100,75,50,6.56,1026.64,29.18636364,Whole Year
32829,rice,80,40,40,5.52,840.46,33.58333333,Kharif
90051,rapeseed,50,40,20,5.02,167.38,23.56,Rabi
56293,moong,20,40,20,5.4,654.34,29.26666667,Summer
36356,pineapple,160,40,120,6.64,1050.245,18.77818182,Whole Year
25074,rapeseed,50,40,20,4.86,127.68,20.8,Rabi
96577,rapeseed,50,40,20,4.98,73.47,23.562,Rabi
94778,barley,70,40,45,5.46,240.1,10.38,Rabi
41467,maize,80,40,20,5.32,87.2,23.106,Kharif
47525,potato,180,60,90,4.84,689.88,29.03727273,Rabi
49038,potato,180,60,90,5.16,2569.52,4.9,Rabi
43040,rice,80,40,40,5.42,157.31,25.83333333,Kharif
5603,maize,80,40,20,5.52,98.98,34.92333333,Summer
67915,rapeseed,50,40,20,5.16,167.38,23.56,Rabi
5112,soyabean,20,60,20,5.38,1712.66,11.2,Kharif
97963,potato,180,60,90,5.16,556.2,28.54545455,Rabi
69682,coriander,10,20,20,6.52,689.88,29.03727273,Rabi
36913,horsegram,20,60,20,5.98,1145.22,28.5,Kharif
20412,moong,20,40,20,5.62,1246.715,22.6,Kharif
69605,rapeseed,50,40,20,4.86,75.32,22.676,Rabi
55138,wheat,60,30,30,7.0,75.32,22.676,Rabi
21321,wheat,60,30,30,6.5,70.11,25.6,Rabi
34861,jowar,80,40,40,5.54,1997.12,27.0,Kharif
76442,horsegram,20,60,20,6.0,884.5,27.65454545,Rabi
51181,maize,80,40,20,5.56,1246.715,22.6,Kharif
60363,rice,80,40,40,5.38,742.0124,24.59818182,Kharif
1182,rice,80,40,40,5.54,87.2,23.106,Kharif
53037,rapeseed,50,40,20,5.18,167.38,23.56,Rabi
31576,jowar,80,40,40,5.5,288.3,25.46,Rabi
67094,maize,80,40,20,5.64,607.48,26.36666667,Summer
18911,moong,20,40,20,5.48,840.46,33.58333333,Summer
38263,ladyfinger,80,10,40,6.4,884.5,27.65454545,Kharif
60875,moong,20,40,20,5.4,10.265748,25.76,Kharif
53699,garlic,50,10,60,5.56,556.2,28.54545455,Rabi
35240,coriander,10,20,20,6.62,1111.68,28.64818182,Rabi
63341,banana,100,75,50,6.66,1037.32,28.08181818,Whole Year
69538,maize,80,40,20,5.4,34.81,34.66666667,Kharif
46884,jowar,80,40,40,5.46,297.66,29.56666667,Kharif
83782,rice,80,40,40,5.32,297.66,29.56666667,Kharif
7770,jowar,80,40,40,5.58,70.11,25.6,Rabi
62385,wheat,60,30,30,6.4,75.32,22.676,Rabi
6748,sunflower,50,60,30,5.58,1246.715,22.6,Whole Year
79084,rapeseed,50,40,20,4.92,87.2,23.106,Rabi
92568,moong,20,40,20,5.46,182.5,29.2,Summer
36013,rice,80,40,40,5.36,607.48,26.36666667,Kharif
88283,blackpepper,100,60,50,5.0,2817.86,27.90909091,Whole Year
58269,rapeseed,50,40,20,5.0,240.1,10.38,Rabi
29222,rapeseed,50,40,20,5.1,167.38,23.56,Rabi
92057,moong,20,40,20,5.56,579.75,34.01,Summer
78567,rapeseed,50,40,20,5.18,127.68,20.8,Rabi
71271,ragi,50,40,20,5.38,840.46,33.58333333,Kharif
5389,rice,80,40,40,5.46,497.88,25.03333333,Kharif
53476,ragi,50,40,20,5.5,1145.22,28.5,Kharif
65176,rice,80,40,40,5.56,664.94,22.03333333,Kharif
48979,horsegram,20,60,20,6.18,288.3,25.46,Kharif
13076,sunflower,50,60,30,5.4,157.31,25.83333333,Whole Year
5619,rapeseed,50,40,20,5.0,87.2,23.106,Rabi
18107,rice,80,40,40,5.64,497.88,25.03333333,Kharif
95851,blackpepper,100,60,50,4.92,2817.86,27.90909091,Whole Year
12082,maize,80,40,20,5.46,840.46,33.58333333,Summer
43138,moong,20,40,20,5.56,1246.715,22.6,Kharif
91163,rice,80,40,40,5.44,770.44,28.68,Kharif
63771,potato,180,60,90,4.98,2169.32,23.73636364,Rabi
10829,rice,80,40,40,5.38,152.54,22.28,Kharif
57699,wheat,60,30,30,7.0,94.02,22.38,Rabi
96061,onion,120,60,65,5.98,1111.68,28.64818182,Kharif
66174,rice,80,40,40,5.42,490.74,27.6,Kharif
30350,rapeseed,50,40,20,4.82,75.32,22.676,Rabi
11947,wheat,60,30,30,6.11,87.2,23.106,Rabi
59700,maize,80,40,20,5.42,1011.49,30.43,Kharif
41765,turmeric,25,60,100,5.12,1299.26,26.51818182,Kharif
77563,maize,80,40,20,5.54,34.81,34.66666667,Kharif
17163,moong,20,40,20,5.54,34.81,34.66666667,Summer
67485,rice,80,40,40,5.48,85.24316,21.482,Kharif
14820,jute,80,40,40,5.34,207.55,26.43333333,Kharif
61508,sunflower,50,60,30,5.52,297.66,29.56666667,Whole Year
50148,maize,80,40,20,5.68,1151.02,28.03333333,Summer
54563,jowar,80,40,40,5.38,98.94,25.574,Rabi
21115,cotton,120,40,20,5.62,1011.49,30.43,Kharif
94957,onion,120,60,65,5.92,122.42,18.58,Kharif
56137,moong,20,40,20,5.42,654.34,29.26666667,Kharif
8114,rice,80,40,40,5.32,702.459,27.23333333,Kharif
89633,sunflower,50,60,30,5.46,70.598,18.92,Whole Year
67964,horsegram,20,60,20,6.14,167.38,23.56,Rabi
20499,cotton,120,40,20,5.48,1246.715,22.6,Kharif
97171,sunflower,50,60,30,5.68,70.598,18.92,Whole Year
33860,rapeseed,50,40,20,5.04,293.36,14.7,Rabi
40512,banana,100,75,50,6.34,2169.32,23.73636364,Whole Year
15442,moong,20,40,20,5.38,167.38,23.56,Summer
95258,rice,80,40,40,5.64,157.31,25.83333333,Kharif
58443,potato,180,60,90,4.92,122.42,18.58,Rabi
56756,wheat,60,30,30,6.12,127.68,20.8,Rabi
84339,maize,80,40,20,5.6,579.75,34.01,Summer
25439,rice,80,40,40,5.38,840.46,33.58333333,Kharif
83169,cotton,120,40,20,5.68,510.05,33.37333333,Kharif
92061,barley,70,40,45,5.48,75.32,22.676,Rabi
53858,sweetpotato,90,20,120,5.08,556.2,28.54545455,Kharif
47522,maize,80,40,20,5.34,34.81,34.66666667,Kharif
77468,onion,120,60,65,5.82,34.81,34.66666667,Kharif
9193,barley,70,40,45,5.5,19.38,22.766,Rabi
98384,moong,20,40,20,5.68,98.94,25.574,Kharif
5393,potato,180,60,90,5.1,2169.32,23.73636364,Rabi
99652,moong,20,40,20,5.66,152.54,22.28,Summer
30417,wheat,60,30,30,6.1,75.32,22.676,Rabi
28808,maize,80,40,20,5.52,207.55,26.43333333,Kharif
58253,turmeric,25,60,100,5.18,664.94,22.03333333,Kharif
56537,rice,80,40,40,5.32,1543.76,27.33333333,Kharif
62584,wheat,60,30,30,6.6,75.32,22.676,Rabi
49975,rice,80,40,40,5.42,98.98,34.92333333,Kharif
39750,rice,80,40,40,5.62,152.54,22.28,Kharif
24382,potato,180,60,90,5.16,169.82,14.6,Rabi
84930,moong,20,40,20,5.34,34.81,34.66666667,Kharif
313,turmeric,25,60,100,4.84,2169.32,23.73636364,Kharif
59477,jowar,80,40,40,5.64,1011.49,30.43,Kharif
25399,jute,80,40,40,5.58,840.46,33.58333333,Kharif
32375,wheat,60,30,30,7.0,87.2,23.106,Rabi
54381,ragi,50,40,20,5.58,297.66,29.56666667,Kharif
46066,grapes,20,125,200,3.94,556.2,28.54545455,Whole Year
7332,rice,80,40,40,5.38,490.74,27.6,Kharif
67647,jute,80,40,40,5.46,1145.22,28.5,Kharif
58245,wheat,60,30,30,6.8,240.1,10.38,Rabi
58178,rapeseed,50,40,20,4.98,240.1,10.38,Rabi
39762,turmeric,25,60,100,5.0,1501.98,25.81818182,Kharif
35822,garlic,50,10,60,5.58,1111.68,28.64818182,Rabi
9790,moong,20,40,20,5.46,770.44,28.68,Kharif
9558,blackpepper,100,60,50,4.84,884.5,27.65454545,Whole Year
54192,sunflower,50,60,30,5.42,297.66,29.56666667,Whole Year
22464,wheat,60,30,30,6.12,66.52,20.312,Rabi
59343,soyabean,20,60,20,5.56,1011.49,30.43,Kharif
21413,soyabean,20,60,20,5.58,607.48,26.36666667,Kharif
45271,sunflower,50,60,30,5.44,207.55,26.43333333,Whole Year
42566,rice,80,40,40,5.34,1246.715,22.6,Kharif
10571,potato,180,60,90,4.86,689.88,29.03727273,Rabi
93686,maize,80,40,20,5.44,840.46,33.58333333,Summer
75295,ragi,50,40,20,5.6,113.7,30.26666667,Kharif
54601,ragi,50,40,20,5.46,770.44,28.68,Kharif
5533,sunflower,50,60,30,5.52,840.46,33.58333333,Whole Year
64880,cotton,120,40,20,5.4,790.98,30.61666667,Kharif
20206,cardamom,75,75,150,5.06,1603.2375,22.89090909,Kharif
65637,maize,80,40,20,5.64,1246.715,22.6,Summer
71732,rice,80,40,40,5.54,98.98,34.92333333,Kharif
23282,sweetpotato,90,20,120,4.9,884.5,27.65454545,Rabi
24035,moong,20,40,20,5.52,75.32,22.676,Kharif
70764,wheat,60,30,30,6.1,241.78,1.18,Rabi
19648,rapeseed,50,40,20,4.92,41.3,21.704,Rabi
83568,sweetpotato,90,20,120,5.02,884.5,27.65454545,Rabi
37284,jowar,80,40,40,5.46,510.05,33.37333333,Rabi
3804,potato,180,60,90,4.92,689.88,29.03727273,Rabi
87775,wheat,60,30,30,6.9,199.2125,21.3,Rabi
23286,horsegram,20,60,20,6.02,297.66,29.56666667,Rabi
53338,garlic,50,10,60,5.48,1426.3,26.73636364,Rabi
32030,rapeseed,50,40,20,4.94,127.68,20.8,Rabi
51705,rice,80,40,40,5.62,1011.49,30.43,Kharif
27099,cotton,120,40,20,5.48,1246.715,22.6,Kharif
72239,wheat,60,30,30,6.4,15.34,27.276,Rabi
51289,ragi,50,40,20,5.4,1246.715,22.6,Kharif
95011,wheat,60,30,30,6.12,122.42,18.58,Rabi
78239,maize,80,40,20,5.42,288.3,25.46,Kharif
86214,rice,80,40,40,5.32,497.88,25.03333333,Kharif
34704,rice,80,40,40,5.44,490.74,27.6,Kharif
95490,soyabean,20,60,20,5.62,1246.715,22.6,Kharif
55226,barley,70,40,45,5.5,75.32,22.676,Rabi
4604,rapeseed,50,40,20,5.18,1501.98,25.81818182,Rabi
27800,potato,180,60,90,4.86,1111.68,28.64818182,Rabi
98720,jowar,80,40,40,5.32,579.75,34.01,Kharif
16331,banana,100,75,50,6.38,884.5,27.65454545,Whole Year
75508,wheat,60,30,30,6.7,113.7,30.26666667,Rabi
26764,horsegram,20,60,20,5.92,664.94,22.03333333,Kharif
14889,sweetpotato,90,20,120,4.98,1145.22,28.5,Rabi
34829,drumstick,40,20,10,6.64,2817.86,27.90909091,Whole Year
29915,sunflower,50,60,30,5.66,297.66,29.56666667,Whole Year
50743,rice,80,40,40,5.52,122.42,18.58,Kharif
76583,maize,80,40,20,5.5,770.44,28.68,Summer
90908,banana,100,75,50,6.46,884.5,27.65454545,Whole Year
72584,barley,70,40,45,5.6,240.1,10.38,Rabi
9700,sunflower,50,60,30,5.56,297.66,29.56666667,Whole Year
1199,turmeric,25,60,100,4.88,1026.64,29.18636364,Kharif
33394,onion,120,60,65,6.16,810.26,29.95636364,Kharif
14305,wheat,60,30,30,6.1,70.11,25.6,Rabi
76491,horsegram,20,60,20,5.9,884.5,27.65454545,Kharif
80961,jowar,80,40,40,5.32,157.31,25.83333333,Kharif
77532,maize,80,40,20,5.64,75.32,22.676,Summer
77612,onion,120,60,65,5.9,75.32,22.676,Rabi
23948,wheat,60,30,30,6.7,75.32,22.676,Rabi
44441,tomato,100,40,90,6.0,1111.68,28.64818182,Whole Year
95099,rice,80,40,40,5.52,157.31,25.83333333,Kharif
41493,maize,80,40,20,5.34,98.98,34.92333333,Kharif
4669,barley,70,40,45,5.56,1501.98,25.81818182,Rabi
10463,sunflower,50,60,30,5.62,75.32,22.676,Whole Year
67472,potato,180,60,90,5.14,235.4251,26.64666667,Rabi
94650,rapeseed,50,40,20,5.16,41.3,21.704,Rabi
80009,banana,100,75,50,6.56,810.26,29.95636364,Whole Year
95817,turmeric,25,60,100,5.06,2817.86,27.90909091,Kharif
71477,sweetpotato,90,20,120,5.16,1026.64,29.18636364,Kharif
61964,wheat,60,30,30,6.3,145.76,21.66,Rabi
53,jowar,80,40,40,5.62,654.34,29.26666667,Kharif
80822,coriander,10,20,20,6.5,1603.2375,22.89090909,Rabi
2660,maize,80,40,20,5.62,167.38,23.56,Summer
46656,maize,80,40,20,5.44,297.66,29.56666667,Kharif
84249,garlic,50,10,60,5.44,75.32,22.676,Rabi
92292,barley,70,40,45,5.42,75.32,22.676,Rabi
62731,onion,120,60,65,6.02,689.88,29.03727273,Rabi
43300,bittergourd,60,10,20,6.32,2817.86,27.90909091,Summer
84628,onion,120,60,65,6.1,75.32,22.676,Rabi
37508,maize,80,40,20,5.68,510.05,33.37333333,Summer
59344,barley,70,40,45,5.42,73.47,23.562,Rabi
34350,maize,80,40,20,5.54,199.2125,21.3,Summer
72858,potato,180,60,90,4.84,122.42,18.58,Rabi
73349,sunflower,50,60,30,5.44,1246.715,22.6,Whole Year
14117,barley,70,40,45,5.68,73.47,23.562,Rabi
84638,barley,70,40,45,5.42,75.32,22.676,Rabi
26434,rice,80,40,40,5.58,3.94,33.76333333,Kharif
47835,moong,20,40,20,5.48,579.75,34.01,Kharif
95057,sunflower,50,60,30,5.5,199.2125,21.3,Whole Year
78778,onion,120,60,65,5.92,2169.32,23.73636364,Rabi
31888,orange,20,10,10,3.96,2169.32,23.73636364,Whole Year
63438,ragi,50,40,20,5.48,654.34,29.26666667,Kharif
54932,jowar,80,40,40,5.46,579.75,34.01,Kharif
49404,barley,70,40,45,5.6,87.2,23.106,Rabi
99128,barley,70,40,45,5.42,75.32,22.676,Rabi
45644,horsegram,20,60,20,6.18,1145.22,28.5,Kharif
82585,jute,80,40,40,5.62,207.55,26.43333333,Kharif
98076,onion,120,60,65,5.82,556.2,28.54545455,Rabi
71226,turmeric,25,60,100,5.12,2169.32,23.73636364,Kharif
6426,sweetpotato,90,20,120,5.1,421.14,28.50727273,Kharif
17551,ragi,50,40,20,5.56,1166.94,28.33333333,Kharif
15938,maize,80,40,20,5.54,510.05,33.37333333,Summer
65831,jowar,80,40,40,5.52,1246.715,22.6,Kharif
19849,soyabean,20,60,20,5.58,664.94,22.03333333,Kharif
19402,rapeseed,50,40,20,4.86,94.02,22.38,Rabi
83497,turmeric,25,60,100,5.04,556.2,28.54545455,Kharif
9138,onion,120,60,65,5.92,556.2,28.54545455,Kharif
29522,cotton,120,40,20,5.36,510.05,33.37333333,Kharif
60870,banana,100,75,50,6.36,550.1245,27.63636364,Whole Year
57145,horsegram,20,60,20,5.86,840.46,33.58333333,Rabi
63145,wheat,60,30,30,6.11,152.54,22.28,Rabi
68778,sunflower,50,60,30,5.42,884.5,27.65454545,Whole Year
95537,maize,80,40,20,5.66,199.2125,21.3,Kharif
52372,sunflower,50,60,30,5.32,607.48,26.36666667,Whole Year
96762,maize,80,40,20,5.64,70.11,25.6,Summer
4155,jowar,80,40,40,5.4,579.75,34.01,Rabi
13935,turmeric,25,60,100,5.0,1111.68,28.64818182,Kharif
17436,ragi,50,40,20,5.32,75.32,22.676,Kharif
68430,barley,70,40,45,5.42,19.38,22.766,Rabi
31053,barley,70,40,45,5.48,169.82,14.6,Rabi
6933,jowar,80,40,40,5.66,157.31,25.83333333,Rabi
38981,jowar,80,40,40,5.38,579.75,34.01,Rabi
38267,drumstick,40,20,10,6.6,884.5,27.65454545,Whole Year
94280,maize,80,40,20,5.68,1151.02,28.03333333,Summer
43287,mango,20,20,30,5.0,2817.86,27.90909091,Summer
76122,sunflower,50,60,30,5.5,884.5,27.65454545,Whole Year
48740,jowar,80,40,40,5.32,654.34,29.26666667,Rabi
2338,ragi,50,40,20,5.62,607.48,26.36666667,Kharif
82209,jowar,80,40,40,5.62,70.11,25.6,Kharif
27871,potato,180,60,90,4.86,1111.68,28.64818182,Rabi
97095,jute,80,40,40,5.38,207.55,26.43333333,Kharif
42689,sunflower,50,60,30,5.66,157.31,25.83333333,Whole Year
64739,moong,20,40,20,5.4,1151.02,28.03333333,Summer
86262,cotton,120,40,20,5.34,1543.76,27.33333333,Kharif
56225,moong,20,40,20,5.48,654.34,29.26666667,Summer
96135,rice,80,40,40,5.46,1011.49,30.43,Kharif
33008,garlic,50,10,60,5.54,1299.26,26.51818182,Rabi
73381,maize,80,40,20,5.56,199.2125,21.3,Summer
14894,moong,20,40,20,5.4,167.38,23.56,Kharif
93125,potato,180,60,90,5.02,2569.52,4.9,Rabi
52080,sunflower,50,60,30,5.46,1011.49,30.43,Whole Year
81812,rapeseed,50,40,20,4.96,73.47,23.562,Rabi
59839,sweetpotato,90,20,120,4.84,1111.68,28.64818182,Rabi
15041,garlic,50,10,60,5.32,167.38,23.56,Rabi
96988,sweetpotato,90,20,120,5.0,423.745,22.07,Kharif
80170,onion,120,60,65,5.92,421.14,28.50727273,Kharif
49524,rice,80,40,40,5.56,87.2,23.106,Kharif
47389,rice,80,40,40,5.36,579.75,34.01,Kharif
85433,rice,80,40,40,5.54,1166.94,28.33333333,Kharif
63977,rice,80,40,40,5.36,1543.76,27.33333333,Kharif
88802,garlic,50,10,60,5.66,1111.68,28.64818182,Rabi
63376,jowar,80,40,40,5.64,288.3,25.46,Kharif
96371,garlic,50,10,60,5.62,1111.68,28.64818182,Rabi
28857,horsegram,20,60,20,6.18,1145.22,28.5,Kharif
96422,rice,80,40,40,5.34,1011.49,30.43,Kharif
66765,moong,20,40,20,5.52,1011.49,30.43,Summer
616,maize,80,40,20,5.32,840.46,33.58333333,Summer
32884,banana,100,75,50,6.32,1026.64,29.18636364,Whole Year
68327,soyabean,20,60,20,5.52,510.05,33.37333333,Kharif
26701,turmeric,25,60,100,5.18,1098.26,15.5,Kharif
6491,potato,180,60,90,5.06,240.1,10.38,Rabi
7617,jowar,80,40,40,5.32,1011.49,30.43,Kharif
34933,pineapple,160,40,120,6.32,2817.86,27.90909091,Whole Year
35100,sweetpotato,90,20,120,4.98,1111.68,28.64818182,Rabi
65153,coriander,10,20,20,6.54,240.1,10.38,Rabi
76608,rice,80,40,40,5.38,770.44,28.68,Kharif
61421,ragi,50,40,20,5.5,297.66,29.56666667,Kharif
34292,sunflower,50,60,30,5.48,1246.715,22.6,Whole Year
35083,maize,80,40,20,5.68,1011.49,30.43,Kharif
63573,rice,80,40,40,5.58,1712.66,11.2,Kharif
9845,wheat,60,30,30,6.1,145.76,21.66,Rabi
65531,sunflower,50,60,30,5.36,199.2125,21.3,Whole Year
36063,jowar,80,40,40,5.52,607.48,26.36666667,Kharif
41451,maize,80,40,20,5.64,87.2,23.106,Kharif
66875,horsegram,20,60,20,5.86,1011.49,30.43,Kharif
46114,papaya,50,50,50,6.06,556.2,28.54545455,Whole Year
55252,wheat,60,30,30,6.1,75.32,22.676,Rabi
59188,banana,100,75,50,6.62,2817.86,27.90909091,Whole Year
14721,rapeseed,50,40,20,5.08,56.236,15.852,Rabi
42703,moong,20,40,20,5.36,1246.715,22.6,Kharif
21041,wheat,60,30,30,6.1,73.47,23.562,Rabi
16386,turmeric,25,60,100,4.96,884.5,27.65454545,Kharif
67757,rapeseed,50,40,20,4.86,167.38,23.56,Rabi
20196,onion,120,60,65,5.88,1603.2375,22.89090909,Kharif
12110,rice,80,40,40,5.48,98.98,34.92333333,Kharif
63168,maize,80,40,20,5.32,1166.94,28.33333333,Kharif
88449,sweetpotato,90,20,120,5.02,1111.68,28.64818182,Kharif
13396,onion,120,60,65,6.04,1603.2375,22.89090909,Kharif
30602,rice,80,40,40,5.52,579.75,34.01,Kharif
58356,rice,80,40,40,5.62,976.06,25.66666667,Kharif
65010,rapeseed,50,40,20,5.18,41.3,21.704,Rabi
93389,sweetpotato,90,20,120,5.1,2169.32,23.73636364,Kharif
69793,turmeric,25,60,100,5.04,75.32,22.676,Kharif
32633,banana,100,75,50,6.64,1026.64,29.18636364,Whole Year
35295,cotton,120,40,20,5.34,1011.49,30.43,Kharif
33137,wheat,60,30,30,7.0,94.02,22.38,Rabi
31384,moong,20,40,20,5.68,1166.94,28.33333333,Summer
24645,moong,20,40,20,5.66,1166.94,28.33333333,Summer
51067,jowar,80,40,40,5.36,199.2125,21.3,Rabi
23628,moong,20,40,20,5.62,579.75,34.01,Kharif
93145,rice,80,40,40,5.66,127.68,20.8,Kharif
68732,ragi,50,40,20,5.58,884.5,27.65454545,Kharif
41362,rice,80,40,40,5.5,87.2,23.106,Kharif
78660,potato,180,60,90,4.92,2169.32,23.73636364,Rabi
19041,barley,70,40,45,5.56,87.2,23.106,Rabi
45551,rapeseed,50,40,20,4.98,167.38,23.56,Rabi
21567,soyabean,20,60,20,5.42,607.48,26.36666667,Kharif
95837,rice,80,40,40,5.62,490.74,27.6,Kharif
85598,ragi,50,40,20,5.38,1166.94,28.33333333,Kharif
28446,sunflower,50,60,30,5.42,607.48,26.36666667,Whole Year
8115,soyabean,20,60,20,5.62,702.459,27.23333333,Kharif
25197,moong,20,40,20,5.56,127.68,20.8,Kharif
47727,rice,80,40,40,5.68,579.75,34.01,Kharif
52333,soyabean,20,60,20,5.4,1011.49,30.43,Kharif
62950,soyabean,20,60,20,5.66,1110.78,25.66666667,Kharif
59390,cotton,120,40,20,5.52,1011.49,30.43,Kharif
94674,wheat,60,30,30,7.0,41.3,21.704,Rabi
35335,sweetpotato,90,20,120,5.06,1111.68,28.64818182,Kharif
87164,wheat,60,30,30,6.6,5.274,27.016,Rabi
72034,rapeseed,50,40,20,5.0,94.02,22.38,Rabi
28322,jowar,80,40,40,5.44,70.11,25.6,Rabi
49077,sweetpotato,90,20,120,4.96,2169.32,23.73636364,Kharif
38580,sunflower,50,60,30,5.44,770.44,28.68,Whole Year
61129,wheat,60,30,30,7.0,19.38,22.766,Rabi
40432,maize,80,40,20,5.32,1543.76,27.33333333,Summer
98010,coriander,10,20,20,6.38,556.2,28.54545455,Rabi
51668,blackpepper,100,60,50,5.1,2817.86,27.90909091,Whole Year
47045,jowar,80,40,40,5.58,297.66,29.56666667,Kharif
7134,coriander,10,20,20,6.58,1603.2375,22.89090909,Rabi
2046,maize,80,40,20,5.58,1011.49,30.43,Summer
54177,coriander,10,20,20,6.5,884.5,27.65454545,Rabi
65272,wheat,60,30,30,6.8,240.1,10.38,Rabi
34410,moong,20,40,20,5.32,1246.715,22.6,Kharif
8950,coriander,10,20,20,6.4,556.2,28.54545455,Rabi
73413,maize,80,40,20,5.6,157.31,25.83333333,Kharif
47677,rice,80,40,40,5.56,579.75,34.01,Kharif
17613,turmeric,25,60,100,5.1,1501.98,25.81818182,Kharif
5354,rice,80,40,40,5.5,127.68,20.8,Kharif
86815,barley,70,40,45,5.46,87.2,23.106,Rabi
94480,onion,120,60,65,5.88,810.26,29.95636364,Rabi
94186,onion,120,60,65,6.14,1299.26,26.51818182,Kharif
89325,sunflower,50,60,30,5.62,70.11,25.6,Whole Year
64951,moong,20,40,20,5.34,790.98,30.61666667,Summer
31774,brinjal,80,15,40,6.58,1037.32,28.08181818,Whole Year
53190,moong,20,40,20,5.62,1145.22,28.5,Kharif
38612,wheat,60,30,30,6.7,145.76,21.66,Rabi
53653,maize,80,40,20,5.58,411.52,34.73,Kharif
25889,maize,80,40,20,5.44,87.2,23.106,Summer
253,rapeseed,50,40,20,4.92,241.78,1.18,Rabi
50800,wheat,60,30,30,6.8,122.42,18.58,Rabi
53862,moong,20,40,20,5.52,510.05,33.37333333,Summer
84455,wheat,60,30,30,6.8,75.32,22.676,Rabi
29885,cotton,120,40,20,5.32,297.66,29.56666667,Kharif
98285,cotton,120,40,20,5.58,297.66,29.56666667,Kharif
88013,sunflower,50,60,30,5.46,1246.715,22.6,Whole Year
63136,rice,80,40,40,5.52,152.54,22.28,Kharif
44203,soyabean,20,60,20,5.46,1011.49,30.43,Kharif
695,garlic,50,10,60,5.66,1026.64,29.18636364,Rabi
66277,maize,80,40,20,5.44,1011.49,30.43,Summer
15571,wheat,60,30,30,6.6,66.52,20.312,Rabi
27019,maize,80,40,20,5.36,1246.715,22.6,Kharif
32565,horsegram,20,60,20,5.86,840.46,33.58333333,Rabi
28791,wheat,60,30,30,6.7,70.598,18.92,Rabi
81465,sweetpotato,90,20,120,5.0,1111.68,28.64818182,Kharif
92416,horsegram,20,60,20,5.82,1110.78,25.66666667,Rabi
3254,onion,120,60,65,6.08,884.5,27.65454545,Rabi
93797,rapeseed,50,40,20,5.06,87.2,23.106,Rabi
80997,maize,80,40,20,5.56,199.2125,21.3,Summer
60076,sunflower,50,60,30,5.38,607.48,26.36666667,Whole Year
65315,wheat,60,30,30,6.7,122.42,18.58,Rabi
90074,moong,20,40,20,5.56,3.274569,29.0,Summer
53386,maize,80,40,20,5.34,167.38,23.56,Summer
16822,moong,20,40,20,5.38,579.75,34.01,Summer
60471,jute,80,40,40,5.6,1145.22,28.5,Kharif
76833,coriander,10,20,20,6.44,75.32,22.676,Rabi
72341,cotton,120,40,20,5.42,790.98,30.61666667,Kharif
36980,sweetpotato,90,20,120,5.16,1426.3,26.73636364,Rabi
74154,barley,70,40,45,5.42,73.47,23.562,Rabi
23607,maize,80,40,20,5.44,579.75,34.01,Kharif
40157,rapeseed,50,40,20,5.06,288.3,25.46,Rabi
54243,jowar,80,40,40,5.46,297.66,29.56666667,Rabi
70243,horsegram,20,60,20,6.02,1110.78,25.66666667,Rabi
87114,moong,20,40,20,5.64,94.02,22.38,Summer
97083,rapeseed,50,40,20,5.12,70.598,18.92,Rabi
83846,coriander,10,20,20,6.52,884.5,27.65454545,Rabi
1586,maize,80,40,20,5.58,1246.715,22.6,Kharif
7389,rice,80,40,40,5.6,490.74,27.6,Kharif
34222,wheat,60,30,30,6.1,199.2125,21.3,Rabi
8191,cotton,120,40,20,5.36,423.745,22.07,Kharif
29429,rice,80,40,40,5.34,510.05,33.37333333,Kharif
17788,horsegram,20,60,20,6.08,654.34,29.26666667,Rabi
69451,garlic,50,10,60,5.54,75.32,22.676,Rabi
79952,onion,120,60,65,6.06,15.34,27.276,Rabi
365,wheat,60,30,30,6.11,127.68,20.8,Rabi
10955,rice,80,40,40,5.56,182.5,29.2,Kharif
75737,wheat,60,30,30,6.1,19.38,22.766,Rabi
64493,moong,20,40,20,5.44,94.02,22.38,Summer
62386,onion,120,60,65,5.86,689.88,29.03727273,Kharif
23678,potato,180,60,90,4.94,689.88,29.03727273,Rabi
79445,maize,80,40,20,5.68,840.46,33.58333333,Kharif
23,horsegram,20,60,20,5.9,288.3,25.46,Rabi
94497,maize,80,40,20,5.54,15.34,27.276,Kharif
94078,maize,80,40,20,5.38,1151.02,28.03333333,Kharif
28966,wheat,60,30,30,6.1,167.38,23.56,Rabi
30690,wheat,60,30,30,6.3,75.32,22.676,Rabi
51010,jowar,80,40,40,5.46,1246.715,22.6,Rabi
38395,moong,20,40,20,5.54,770.44,28.68,Kharif
40011,grapes,20,125,200,3.82,1037.32,28.08181818,Whole Year
62097,banana,100,75,50,6.46,689.88,29.03727273,Whole Year
90983,turmeric,25,60,100,5.12,884.5,27.65454545,Kharif
92054,onion,120,60,65,6.16,34.81,34.66666667,Kharif
31569,maize,80,40,20,5.48,654.34,29.26666667,Summer
31610,maize,80,40,20,5.68,288.3,25.46,Kharif
84220,barley,70,40,45,5.5,75.32,22.676,Rabi
36858,turmeric,25,60,100,4.92,1426.3,26.73636364,Kharif
1146,maize,80,40,20,5.48,840.46,33.58333333,Kharif
76489,coriander,10,20,20,6.64,884.5,27.65454545,Rabi
31056,rapeseed,50,40,20,4.92,169.82,14.6,Rabi
13027,turmeric,25,60,100,4.96,1603.2375,22.89090909,Kharif
72167,moong,20,40,20,5.44,94.02,22.38,Kharif
57030,moong,20,40,20,5.38,98.98,34.92333333,Kharif
35826,potato,180,60,90,5.12,1111.68,28.64818182,Rabi
96036,jowar,80,40,40,5.32,1011.49,30.43,Rabi
83493,coriander,10,20,20,6.56,556.2,28.54545455,Rabi
6091,banana,100,75,50,6.46,1026.64,29.18636364,Whole Year
35676,brinjal,80,15,40,6.6,1111.68,28.64818182,Whole Year
89154,sunflower,50,60,30,5.48,70.11,25.6,Whole Year
47676,moong,20,40,20,5.6,579.75,34.01,Summer
43203,banana,100,75,50,6.44,1603.2375,22.89090909,Whole Year
62138,jowar,80,40,40,5.48,579.75,34.01,Kharif
94736,barley,70,40,45,5.5,41.3,21.704,Rabi
32087,papaya,50,50,50,5.94,2169.32,23.73636364,Whole Year
38615,maize,80,40,20,5.32,1220.22,27.26666667,Summer
83974,maize,80,40,20,5.32,770.44,28.68,Summer
75210,horsegram,20,60,20,5.92,167.38,23.56,Rabi
82160,maize,80,40,20,5.46,70.11,25.6,Summer
33547,sunflower,50,60,30,5.42,41.3,21.704,Whole Year
59621,maize,80,40,20,5.42,1011.49,30.43,Kharif
16130,potato,180,60,90,5.04,884.5,27.65454545,Rabi
41517,coriander,10,20,20,6.48,1026.64,29.18636364,Rabi
92208,potato,180,60,90,5.04,75.32,22.676,Rabi
29662,rapeseed,50,40,20,5.08,19.38,22.766,Rabi
1343,rapeseed,50,40,20,4.96,15.34,27.276,Rabi
61574,moong,20,40,20,5.38,297.66,29.56666667,Kharif
17277,rapeseed,50,40,20,5.02,75.32,22.676,Rabi
97667,rice,80,40,40,5.46,411.52,34.73,Kharif
13529,cardamom,75,75,150,5.14,2817.86,27.90909091,Kharif
73437,potato,180,60,90,5.02,199.2125,21.3,Rabi
39521,barley,70,40,45,5.66,169.82,14.6,Rabi
85521,potato,180,60,90,5.12,1501.98,25.81818182,Rabi
11854,wheat,60,30,30,6.9,87.2,23.106,Rabi
18641,rice,80,40,40,5.52,840.46,33.58333333,Kharif
4670,maize,80,40,20,5.48,1501.98,25.81818182,Summer
28030,garlic,50,10,60,5.5,1111.68,28.64818182,Rabi
6529,coriander,10,20,20,6.68,240.1,10.38,Rabi
28657,turmeric,25,60,100,4.98,1050.245,18.77818182,Kharif
55794,rice,80,40,40,5.68,182.5,29.2,Kharif
79550,wheat,60,30,30,6.6,87.2,23.106,Rabi
11587,banana,100,75,50,6.68,2169.32,23.73636364,Whole Year
77839,rice,80,40,40,5.48,1166.94,28.33333333,Kharif
78735,blackgram,40,60,20,5.14,127.68,20.8,Kharif
27085,moong,20,40,20,5.62,199.2125,21.3,Kharif
86254,blackpepper,100,60,50,5.04,2169.32,23.73636364,Whole Year
59568,maize,80,40,20,5.34,1011.49,30.43,Kharif
12347,jowar,80,40,40,5.36,15.34,27.276,Kharif
85284,ragi,50,40,20,5.52,1110.78,25.66666667,Kharif
43656,banana,100,75,50,6.36,1111.68,28.64818182,Whole Year
92933,jowar,80,40,40,5.66,654.34,29.26666667,Rabi
98229,sunflower,50,60,30,5.42,297.66,29.56666667,Whole Year
87622,banana,100,75,50,6.68,1603.2375,22.89090909,Whole Year
63166,cotton,120,40,20,5.64,1166.94,28.33333333,Kharif
61249,sweetpotato,90,20,120,4.94,556.2,28.54545455,Rabi
59825,potato,180,60,90,5.14,1111.68,28.64818182,Rabi
27264,rice,80,40,40,5.44,199.2125,21.3,Kharif
96856,soyabean,20,60,20,5.68,607.48,26.36666667,Kharif
65473,moong,20,40,20,5.32,1246.715,22.6,Summer
69640,rice,80,40,40,5.56,34.81,34.66666667,Kharif
92755,turmeric,25,60,100,4.82,865.94,26.6,Kharif
53340,sweetpotato,90,20,120,5.14,1426.3,26.73636364,Kharif
5558,garlic,50,10,60,5.64,1026.64,29.18636364,Rabi
72363,maize,80,40,20,5.4,790.98,30.61666667,Summer
70749,turmeric,25,60,100,5.06,2569.52,4.9,Kharif
39403,rice,80,40,40,5.36,579.75,34.01,Kharif
20985,maize,80,40,20,5.66,1011.49,30.43,Summer
59008,maize,80,40,20,5.46,1246.715,22.6,Kharif
12186,moong,20,40,20,5.48,87.2,23.106,Summer
5422,banana,100,75,50,6.66,2169.32,23.73636364,Whole Year
99655,wheat,60,30,30,6.9,152.54,22.28,Rabi
16558,moong,20,40,20,5.52,770.44,28.68,Summer
83048,rice,80,40,40,5.56,411.52,34.73,Kharif
88157,horsegram,20,60,20,5.96,199.2125,21.3,Kharif
52294,garlic,50,10,60,5.44,1111.68,28.64818182,Rabi
5488,rice,80,40,40,5.32,98.98,34.92333333,Kharif
61757,rice,80,40,40,5.62,297.66,29.56666667,Kharif
72285,cotton,120,40,20,5.38,790.98,30.61666667,Kharif
99000,jowar,80,40,40,5.36,579.75,34.01,Kharif
44193,orange,20,10,10,3.88,1111.68,28.64818182,Whole Year
12883,maize,80,40,20,5.66,1246.715,22.6,Kharif
86614,barley,70,40,45,5.66,87.2,23.106,Rabi
66304,sweetpotato,90,20,120,4.9,1111.68,28.64818182,Rabi
80384,cotton,120,40,20,5.34,664.94,22.03333333,Kharif
22364,sweetpotato,90,20,120,5.14,1426.3,26.73636364,Rabi
49505,rice,80,40,40,5.32,840.46,33.58333333,Kharif
77298,maize,80,40,20,5.68,579.75,34.01,Summer
29560,maize,80,40,20,5.48,510.05,33.37333333,Kharif
35727,sweetpotato,90,20,120,5.18,1111.68,28.64818182,Kharif
82898,rice,80,40,40,5.44,167.38,23.56,Kharif
42209,cotton,120,40,20,5.52,331.88,35.34666667,Kharif
12757,moong,20,40,20,5.66,664.94,22.03333333,Summer
91311,onion,120,60,65,5.9,34.81,34.66666667,Kharif
4549,sunflower,50,60,30,5.36,75.32,22.676,Whole Year
40697,pineapple,160,40,120,6.52,2169.32,23.73636364,Whole Year
34357,maize,80,40,20,5.64,157.31,25.83333333,Kharif
30413,rice,80,40,40,5.52,579.75,34.01,Kharif
88393,rice,80,40,40,5.52,1111.68,28.64818182,Kharif
52658,soyabean,20,60,20,5.62,70.11,25.6,Kharif
48498,rice,80,40,40,5.48,182.5,29.2,Kharif
21161,coriander,10,20,20,6.68,1111.68,28.64818182,Rabi
16929,jowar,80,40,40,5.48,579.75,34.01,Kharif
68063,cotton,120,40,20,5.44,411.52,34.73,Kharif
75989,moong,20,40,20,5.36,510.05,33.37333333,Kharif
34548,banana,100,75,50,6.56,1603.2375,22.89090909,Whole Year
81500,garlic,50,10,60,5.56,1111.68,28.64818182,Rabi
14296,cotton,120,40,20,5.56,607.48,26.36666667,Kharif
3861,barley,70,40,45,5.36,75.32,22.676,Rabi
18739,sunflower,50,60,30,5.32,840.46,33.58333333,Whole Year
32847,rice,80,40,40,5.62,87.2,23.106,Kharif
10706,maize,80,40,20,5.58,34.81,34.66666667,Kharif
2107,sunflower,50,60,30,5.58,1011.49,30.43,Whole Year
21854,cotton,120,40,20,5.68,207.55,26.43333333,Kharif
27836,soyabean,20,60,20,5.58,1011.49,30.43,Kharif
36151,cotton,120,40,20,5.6,607.48,26.36666667,Kharif
21270,soyabean,20,60,20,5.62,1011.49,30.43,Kharif
10772,moong,20,40,20,5.34,34.81,34.66666667,Summer
11622,turmeric,25,60,100,4.9,2169.32,23.73636364,Kharif
55984,maize,80,40,20,5.36,1166.94,28.33333333,Kharif
70771,potato,180,60,90,4.84,2569.52,4.9,Rabi
11753,rice,80,40,40,5.34,98.98,34.92333333,Kharif
83073,maize,80,40,20,5.52,411.52,34.73,Summer
27958,coriander,10,20,20,6.4,1111.68,28.64818182,Rabi
52824,maize,80,40,20,5.34,85.24316,21.482,Summer
35778,cauliflower,80,70,50,6.68,1111.68,28.64818182,Rabi
65844,rice,80,40,40,5.4,199.2125,21.3,Kharif
77460,soyabean,20,60,20,5.48,579.75,34.01,Kharif
46859,pumpkin,80,50,30,5.58,884.5,27.65454545,Summer
36653,horsegram,20,60,20,6.08,1145.22,28.5,Kharif
56291,jowar,80,40,40,5.58,654.34,29.26666667,Kharif
63306,onion,120,60,65,5.88,654.34,29.26666667,Rabi
92242,jowar,80,40,40,5.36,579.75,34.01,Kharif
93309,banana,100,75,50,6.38,127.68,20.8,Whole Year
48778,rice,80,40,40,5.58,288.3,25.46,Kharif
90073,cotton,120,40,20,5.68,3.274569,29.0,Kharif
91185,rapeseed,50,40,20,5.06,145.76,21.66,Rabi
61210,onion,120,60,65,5.82,556.2,28.54545455,Kharif
23378,coriander,10,20,20,6.4,942.8,28.99454545,Rabi
30470,sunflower,50,60,30,5.32,579.75,34.01,Whole Year
49566,rice,80,40,40,5.44,87.2,23.106,Kharif
31527,coriander,10,20,20,6.5,1037.32,28.08181818,Rabi
8690,rapeseed,50,40,20,5.06,167.38,23.56,Rabi
11069,jowar,80,40,40,5.52,288.3,25.46,Kharif
92589,barley,70,40,45,5.46,152.54,22.28,Rabi
94640,moong,20,40,20,5.66,331.88,35.34666667,Kharif
1390,potato,180,60,90,5.06,810.26,29.95636364,Rabi
80708,ragi,50,40,20,5.58,199.2125,21.3,Kharif
34504,ragi,50,40,20,5.6,1246.715,22.6,Kharif
18926,onion,120,60,65,5.82,1026.64,29.18636364,Kharif
64299,maize,80,40,20,5.46,98.98,34.92333333,Kharif
69709,coriander,10,20,20,6.52,689.88,29.03727273,Rabi
7836,jowar,80,40,40,5.62,70.11,25.6,Rabi
18903,onion,120,60,65,6.18,1026.64,29.18636364,Kharif
31505,maize,80,40,20,5.64,654.34,29.26666667,Summer
67921,rice,80,40,40,5.46,1145.22,28.5,Kharif
91422,sweetpotato,90,20,120,4.86,579.75,34.01,Rabi
99198,maize,80,40,20,5.58,75.32,22.676,Summer
56157,jowar,80,40,40,5.5,654.34,29.26666667,Rabi
50549,rice,80,40,40,5.68,331.88,35.34666667,Kharif
63384,coriander,10,20,20,6.66,1037.32,28.08181818,Rabi
74747,moong,20,40,20,5.38,607.48,26.36666667,Summer
94900,maize,80,40,20,5.4,664.94,22.03333333,Summer
28576,maize,80,40,20,5.4,37.09,27.96666667,Kharif
12734,barley,70,40,45,5.64,240.1,10.38,Rabi
63102,maize,80,40,20,5.66,1166.94,28.33333333,Kharif
64574,wheat,60,30,30,6.4,94.02,22.38,Rabi
28496,moong,20,40,20,5.58,607.48,26.36666667,Kharif
93946,maize,80,40,20,5.4,98.98,34.92333333,Kharif
96986,maize,80,40,20,5.62,423.745,22.07,Summer
92118,moong,20,40,20,5.48,579.75,34.01,Kharif
82075,sunflower,50,60,30,5.68,607.48,26.36666667,Whole Year
64900,moong,20,40,20,5.6,790.98,30.61666667,Summer
98282,ragi,50,40,20,5.66,297.66,29.56666667,Kharif
60689,moong,20,40,20,5.6,113.7,30.26666667,Kharif
57063,banana,100,75,50,6.64,1026.64,29.18636364,Whole Year
94742,maize,80,40,20,5.64,331.88,35.34666667,Kharif
83313,moong,20,40,20,5.64,510.05,33.37333333,Kharif
67732,rice,80,40,40,5.52,167.38,23.56,Kharif
34983,soyabean,20,60,20,5.46,1011.49,30.43,Kharif
64714,cotton,120,40,20,5.6,1151.02,28.03333333,Kharif
57215,maize,80,40,20,5.42,840.46,33.58333333,Summer
29343,rice,80,40,40,5.58,411.52,34.73,Kharif
63623,rapeseed,50,40,20,5.14,127.68,20.8,Rabi
60097,sunflower,50,60,30,5.32,607.48,26.36666667,Whole Year
88595,barley,70,40,45,5.66,1111.68,28.64818182,Rabi
91877,barley,70,40,45,5.58,75.32,22.676,Rabi
32460,sunflower,50,60,30,5.5,840.46,33.58333333,Whole Year
48705,ragi,50,40,20,5.62,288.3,25.46,Kharif
48236,onion,120,60,65,6.0,34.81,34.66666667,Rabi
67437,jute,80,40,40,5.66,56.236,15.852,Kharif
23627,maize,80,40,20,5.66,579.75,34.01,Summer
81969,potato,180,60,90,5.08,1111.68,28.64818182,Rabi
26945,horsegram,20,60,20,6.14,1246.715,22.6,Rabi
10102,maize,80,40,20,5.48,579.75,34.01,Kharif
82814,ragi,50,40,20,5.66,1145.22,28.5,Kharif
28551,rice,80,40,40,5.6,37.09,27.96666667,Kharif
19164,maize,80,40,20,5.4,1151.02,28.03333333,Kharif
89028,potato,180,60,90,5.18,1111.68,28.64818182,Rabi
71709,maize,80,40,20,5.32,840.46,33.58333333,Kharif
95689,cotton,120,40,20,5.56,1246.715,22.6,Kharif
5743,sunflower,50,60,30,5.46,840.46,33.58333333,Whole Year
24213,barley,70,40,45,5.42,75.32,22.676,Rabi
44076,mango,20,20,30,5.08,1111.68,28.64818182,Summer
30693,maize,80,40,20,5.56,579.75,34.01,Summer
52875,maize,80,40,20,5.56,85.24316,21.482,Kharif
51624,banana,100,75,50,6.34,2817.86,27.90909091,Whole Year
45016,pineapple,160,40,120,6.48,1350.025,26.01818182,Whole Year
25520,ragi,50,40,20,5.66,840.46,33.58333333,Kharif
60339,cotton,120,40,20,5.64,235.4251,26.64666667,Kharif
94391,cotton,120,40,20,5.44,790.98,30.61666667,Kharif
2546,potato,180,60,90,4.98,1426.3,26.73636364,Rabi
47712,jowar,80,40,40,5.64,579.75,34.01,Rabi
62772,potato,180,60,90,4.88,75.32,22.676,Rabi
54392,rice,80,40,40,5.32,297.66,29.56666667,Kharif
38373,jowar,80,40,40,5.34,98.94,25.574,Rabi
35639,garlic,50,10,60,5.58,1111.68,28.64818182,Rabi
89221,rapeseed,50,40,20,4.9,70.11,25.6,Rabi
44206,wheat,60,30,30,6.8,73.47,23.562,Rabi
74662,jowar,80,40,40,5.56,607.48,26.36666667,Kharif
1684,turmeric,25,60,100,5.14,1603.2375,22.89090909,Kharif
65863,maize,80,40,20,5.68,1246.715,22.6,Kharif
20268,rice,80,40,40,5.66,1246.715,22.6,Kharif
8514,maize,80,40,20,5.46,167.38,23.56,Summer
98518,maize,80,40,20,5.34,579.75,34.01,Summer
39524,wheat,60,30,30,6.8,169.82,14.6,Rabi
32405,moong,20,40,20,5.52,840.46,33.58333333,Summer
64979,jowar,80,40,40,5.46,15.34,27.276,Kharif
44582,jowar,80,40,40,5.68,607.48,26.36666667,Rabi
86916,jowar,80,40,40,5.6,1151.02,28.03333333,Kharif
38214,rapeseed,50,40,20,4.94,446.14,25.44,Rabi
70265,soyabean,20,60,20,5.5,1110.78,25.66666667,Kharif
89334,sunflower,50,60,30,5.36,607.48,26.36666667,Whole Year
81721,coriander,10,20,20,6.58,1111.68,28.64818182,Rabi
63607,rapeseed,50,40,20,5.02,127.68,20.8,Rabi
90781,ragi,50,40,20,5.32,884.5,27.65454545,Kharif
15820,jowar,80,40,40,5.68,510.05,33.37333333,Rabi
61221,wheat,60,30,30,7.0,19.38,22.766,Rabi
8306,moong,20,40,20,5.5,113.7,30.26666667,Summer
29438,potato,180,60,90,5.12,556.2,28.54545455,Rabi
26766,moong,20,40,20,5.36,664.94,22.03333333,Kharif
11175,wheat,60,30,30,7.0,288.3,25.46,Rabi
41935,rapeseed,50,40,20,5.0,15.34,27.276,Rabi
11461,maize,80,40,20,5.56,1543.76,27.33333333,Summer
66718,maize,80,40,20,5.54,1011.49,30.43,Kharif
70932,sweetpotato,90,20,120,4.84,2169.32,23.73636364,Kharif
3738,rapeseed,50,40,20,5.0,75.32,22.676,Rabi
80069,wheat,60,30,30,6.3,15.34,27.276,Rabi
27294,maize,80,40,20,5.42,157.31,25.83333333,Summer
27869,garlic,50,10,60,5.44,1111.68,28.64818182,Rabi
19425,wheat,60,30,30,6.9,15.34,27.276,Rabi
9836,wheat,60,30,30,7.0,145.76,21.66,Rabi
53541,jowar,80,40,40,5.58,1145.22,28.5,Kharif
11147,maize,80,40,20,5.42,654.34,29.26666667,Kharif
58569,sweetpotato,90,20,120,5.0,1603.2375,22.89090909,Rabi
15478,banana,100,75,50,6.66,550.1245,27.63636364,Whole Year
29781,barley,70,40,45,5.32,19.38,22.766,Rabi
15132,rice,80,40,40,5.46,113.7,30.26666667,Kharif
12825,rice,80,40,40,5.42,516.68,27.86666667,Kharif
39522,potato,180,60,90,5.04,169.82,14.6,Rabi
63104,rapeseed,50,40,20,5.04,152.54,22.28,Rabi
36785,sunflower,50,60,30,5.42,1145.22,28.5,Whole Year
97778,jowar,80,40,40,5.48,510.05,33.37333333,Kharif
64032,wheat,60,30,30,6.11,87.2,23.106,Rabi
62115,maize,80,40,20,5.4,579.75,34.01,Kharif
36739,maize,80,40,20,5.6,1145.22,28.5,Kharif
48344,rice,80,40,40,5.4,131.18,23.13333333,Kharif
32478,rapeseed,50,40,20,4.82,87.2,23.106,Rabi
40605,pineapple,160,40,120,6.34,2169.32,23.73636364,Whole Year
10010,turmeric,25,60,100,5.18,689.88,29.03727273,Kharif
86362,rice,80,40,40,5.68,127.68,20.8,Kharif
50264,coriander,10,20,20,6.48,1299.26,26.51818182,Rabi
16667,onion,120,60,65,6.12,689.88,29.03727273,Kharif
5158,rice,80,40,40,5.48,127.68,20.8,Kharif
5567,barley,70,40,45,5.38,87.2,23.106,Rabi
23538,maize,80,40,20,5.52,75.32,22.676,Kharif
29900,rice,80,40,40,5.48,297.66,29.56666667,Kharif
75113,sunflower,50,60,30,5.52,70.598,18.92,Whole Year
31633,maize,80,40,20,5.5,654.34,29.26666667,Summer
68461,maize,80,40,20,5.32,510.05,33.37333333,Summer
91738,wheat,60,30,30,6.12,75.32,22.676,Rabi
80629,maize,80,40,20,5.48,199.2125,21.3,Kharif
98652,potato,180,60,90,4.96,75.32,22.676,Rabi
29641,coriander,10,20,20,6.66,556.2,28.54545455,Rabi
14043,wheat,60,30,30,6.11,73.47,23.562,Rabi
30721,barley,70,40,45,5.58,75.32,22.676,Rabi
32288,pineapple,160,40,120,6.64,2169.32,23.73636364,Whole Year
22672,onion,120,60,65,5.98,556.2,28.54545455,Rabi
75129,rice,80,40,40,5.58,207.55,26.43333333,Kharif
85052,maize,80,40,20,5.46,579.75,34.01,Kharif
15392,moong,20,40,20,5.64,1145.22,28.5,Summer
46506,coriander,10,20,20,6.44,884.5,27.65454545,Rabi
32590,wheat,60,30,30,6.6,87.2,23.106,Rabi
58365,rice,80,40,40,5.6,976.06,25.66666667,Kharif
4253,maize,80,40,20,5.36,34.81,34.66666667,Kharif
95969,banana,100,75,50,6.44,1111.68,28.64818182,Whole Year
33115,soyabean,20,60,20,5.48,1151.02,28.03333333,Kharif
74587,cotton,120,40,20,5.48,607.48,26.36666667,Kharif
22640,rice,80,40,40,5.36,510.05,33.37333333,Kharif
13535,rice,80,40,40,5.38,330.0,29.33333333,Kharif
89652,rice,80,40,40,5.32,207.55,26.43333333,Kharif
96736,jowar,80,40,40,5.36,70.11,25.6,Kharif
161,rice,80,40,40,5.42,654.34,29.26666667,Kharif
66674,jute,80,40,40,5.32,1011.49,30.43,Kharif
44364,soyabean,20,60,20,5.34,1011.49,30.43,Kharif
99772,potato,180,60,90,5.0,152.54,22.28,Rabi
47854,onion,120,60,65,6.18,75.32,22.676,Rabi
74875,sunflower,50,60,30,5.52,607.48,26.36666667,Whole Year
92286,sunflower,50,60,30,5.46,34.81,34.66666667,Whole Year
92788,coriander,10,20,20,6.5,1037.32,28.08181818,Rabi
48663,rice,80,40,40,5.58,152.54,22.28,Kharif
39625,potato,180,60,90,5.04,169.82,14.6,Rabi
2441,turmeric,25,60,100,5.12,1050.245,18.77818182,Kharif
8641,maize,80,40,20,5.68,167.38,23.56,Kharif
74247,onion,120,60,65,6.0,1111.68,28.64818182,Rabi
11525,wheat,60,30,30,6.12,127.68,20.8,Rabi
98945,maize,80,40,20,5.54,34.81,34.66666667,Summer
40207,turmeric,25,60,100,4.88,1037.32,28.08181818,Kharif
35462,sweetpotato,90,20,120,4.88,1111.68,28.64818182,Rabi
47938,soyabean,20,60,20,5.58,579.75,34.01,Kharif
43444,rice,80,40,40,5.5,1997.12,27.0,Kharif
65043,rapeseed,50,40,20,4.92,41.3,21.704,Rabi
97270,maize,80,40,20,5.64,167.38,23.56,Kharif
88203,onion,120,60,65,5.92,199.2125,21.3,Rabi
8005,moong,20,40,20,5.36,607.48,26.36666667,Kharif
79319,wheat,60,30,30,6.3,87.2,23.106,Rabi
27923,soyabean,20,60,20,5.66,1011.49,30.43,Kharif
69417,sweetpotato,90,20,120,4.94,579.75,34.01,Kharif
48288,horsegram,20,60,20,6.06,1110.78,25.66666667,Rabi
50766,wheat,60,30,30,6.6,122.42,18.58,Rabi
63074,rice,80,40,40,5.32,1166.94,28.33333333,Kharif
14461,rice,80,40,40,5.36,607.48,26.36666667,Kharif
73261,potato,180,60,90,5.14,157.31,25.83333333,Rabi
36700,moong,20,40,20,5.44,1145.22,28.5,Kharif
30739,moong,20,40,20,5.58,579.75,34.01,Summer
71893,rapeseed,50,40,20,5.14,94.02,22.38,Rabi
58464,potato,180,60,90,4.96,122.42,18.58,Rabi
84450,garlic,50,10,60,5.36,75.32,22.676,Rabi
2391,banana,100,75,50,6.34,1050.245,18.77818182,Whole Year
86453,wheat,60,30,30,6.7,87.2,23.106,Rabi
70110,maize,80,40,20,5.6,579.75,34.01,Summer
966,ragi,50,40,20,5.44,1026.64,29.18636364,Kharif
72006,sweetpotato,90,20,120,5.12,1299.26,26.51818182,Kharif
61066,wheat,60,30,30,6.12,19.38,22.766,Rabi
56546,banana,100,75,50,6.62,2169.32,23.73636364,Whole Year
13451,cardamom,75,75,150,5.16,1603.2375,22.89090909,Kharif
35912,jowar,80,40,40,5.32,607.48,26.36666667,Rabi
62992,wheat,60,30,30,6.11,152.54,22.28,Rabi
65600,jowar,80,40,40,5.32,199.2125,21.3,Rabi
66379,banana,100,75,50,6.54,1111.68,28.64818182,Whole Year
33112,moong,20,40,20,5.66,1151.02,28.03333333,Summer
73195,onion,120,60,65,5.88,1246.715,22.6,Kharif
30053,maize,80,40,20,5.46,98.94,25.574,Kharif
82412,rice,80,40,40,5.36,56.236,15.852,Kharif
64251,maize,80,40,20,5.46,98.98,34.92333333,Kharif
24547,jute,80,40,40,5.66,1166.94,28.33333333,Kharif
22895,wheat,60,30,30,6.3,140.52,12.5,Rabi
24155,wheat,60,30,30,6.4,75.32,22.676,Rabi
60525,ragi,50,40,20,5.36,1145.22,28.5,Kharif
70311,maize,80,40,20,5.46,1110.78,25.66666667,Summer
15922,cotton,120,40,20,5.56,510.05,33.37333333,Kharif
43957,tomato,100,40,90,5.82,1111.68,28.64818182,Whole Year
10579,rapeseed,50,40,20,4.88,75.32,22.676,Rabi
42268,barley,70,40,45,5.5,240.1,10.38,Rabi
54275,cotton,120,40,20,5.44,297.66,29.56666667,Kharif
86114,sweetpotato,90,20,120,5.18,2169.32,23.73636364,Kharif
57123,horsegram,20,60,20,5.92,840.46,33.58333333,Kharif
93821,rice,80,40,40,5.64,98.98,34.92333333,Kharif
81946,jowar,80,40,40,5.48,1011.49,30.43,Kharif
49653,garlic,50,10,60,5.42,1026.64,29.18636364,Rabi
3306,sunflower,50,60,30,5.6,884.5,27.65454545,Whole Year
75689,rapeseed,50,40,20,5.1,19.38,22.766,Rabi
77549,jowar,80,40,40,5.68,579.75,34.01,Kharif
82591,sunflower,50,60,30,5.38,207.55,26.43333333,Whole Year
35235,rapeseed,50,40,20,5.12,73.47,23.562,Rabi
39545,potato,180,60,90,5.16,169.82,14.6,Rabi
84942,maize,80,40,20,5.58,34.81,34.66666667,Kharif
36829,coriander,10,20,20,6.48,1426.3,26.73636364,Rabi
21849,barley,70,40,45,5.44,70.598,18.92,Rabi
83177,wheat,60,30,30,6.9,19.38,22.766,Rabi
36196,pineapple,160,40,120,6.54,1350.025,26.01818182,Whole Year
11192,rice,80,40,40,5.44,288.3,25.46,Kharif
77037,coriander,10,20,20,6.68,75.32,22.676,Rabi
96335,jowar,80,40,40,5.44,1011.49,30.43,Rabi
48483,rice,80,40,40,5.42,182.5,29.2,Kharif
72687,rice,80,40,40,5.4,516.68,27.86666667,Kharif
53399,coriander,10,20,20,6.4,1426.3,26.73636364,Rabi
28729,rice,80,40,40,5.6,235.4251,26.64666667,Kharif
15663,sweetpotato,90,20,120,4.96,556.2,28.54545455,Kharif
83705,sunflower,50,60,30,5.52,884.5,27.65454545,Whole Year
69790,garlic,50,10,60,5.5,75.32,22.676,Rabi
57938,wheat,60,30,30,6.6,15.34,27.276,Rabi
65098,rice,80,40,40,5.6,331.88,35.34666667,Kharif
30233,rapeseed,50,40,20,5.18,75.32,22.676,Rabi
54982,cotton,120,40,20,5.34,579.75,34.01,Kharif
81877,maize,80,40,20,5.6,1011.49,30.43,Kharif
54025,wheat,60,30,30,6.3,19.38,22.766,Rabi
97276,maize,80,40,20,5.66,1145.22,28.5,Kharif
36804,horsegram,20,60,20,6.12,1145.22,28.5,Kharif
58340,potato,180,60,90,4.92,516.68,27.86666667,Rabi
82375,blackpepper,100,60,50,4.98,56.236,15.852,Whole Year
81761,wheat,60,30,30,6.9,73.47,23.562,Rabi
96043,banana,100,75,50,6.66,1111.68,28.64818182,Whole Year
90269,moong,20,40,20,5.68,510.05,33.37333333,Summer
69406,potato,180,60,90,4.82,75.32,22.676,Rabi
73841,sweetpotato,90,20,120,4.9,2817.86,27.90909091,Rabi
20847,onion,120,60,65,5.92,1111.68,28.64818182,Kharif
74480,maize,80,40,20,5.36,1011.49,30.43,Summer
48462,maize,80,40,20,5.48,1166.94,28.33333333,Kharif
97268,wheat,60,30,30,6.1,113.7,30.26666667,Rabi
35023,turmeric,25,60,100,5.12,1111.68,28.64818182,Kharif
7924,jowar,80,40,40,5.38,70.11,25.6,Rabi
46054,garlic,50,10,60,5.6,556.2,28.54545455,Rabi
26591,rapeseed,50,40,20,4.82,41.3,21.704,Rabi
44930,ladyfinger,80,10,40,6.56,1350.025,26.01818182,Kharif
56634,wheat,60,30,30,6.9,127.68,20.8,Rabi
58079,potato,180,60,90,4.92,421.14,28.50727273,Rabi
62557,rapeseed,50,40,20,4.94,75.32,22.676,Rabi
87405,potato,180,60,90,5.1,421.14,28.50727273,Rabi
49778,coriander,10,20,20,6.64,1026.64,29.18636364,Rabi
1736,rice,80,40,40,5.4,199.2125,21.3,Kharif
81128,sweetpotato,90,20,120,5.0,1603.2375,22.89090909,Kharif
34023,rice,80,40,40,5.56,157.31,25.83333333,Kharif
28256,jowar,80,40,40,5.38,1011.49,30.43,Kharif
88398,jowar,80,40,40,5.54,1011.49,30.43,Kharif
33167,barley,70,40,45,5.44,94.02,22.38,Rabi
92288,maize,80,40,20,5.44,579.75,34.01,Kharif
56679,wheat,60,30,30,6.12,127.68,20.8,Rabi
47590,wheat,60,30,30,6.1,75.32,22.676,Rabi
57921,rice,80,40,40,5.46,790.98,30.61666667,Kharif
87559,moong,20,40,20,5.56,199.2125,21.3,Summer
8822,cotton,120,40,20,5.36,411.52,34.73,Kharif
60749,rice,80,40,40,5.44,1145.22,28.5,Kharif
79610,rapeseed,50,40,20,4.98,94.02,22.38,Rabi
32072,potato,180,60,90,4.9,2169.32,23.73636364,Rabi
11060,cotton,120,40,20,5.54,654.34,29.26666667,Kharif
29245,ragi,50,40,20,5.42,1145.22,28.5,Kharif
41065,moong,20,40,20,5.42,840.46,33.58333333,Summer
58684,sunflower,50,60,30,5.32,199.2125,21.3,Whole Year
32816,maize,80,40,20,5.66,87.2,23.106,Summer
82550,rapeseed,50,40,20,4.82,70.598,18.92,Rabi
34827,brinjal,80,15,40,6.4,2817.86,27.90909091,Whole Year
1246,rapeseed,50,40,20,5.06,15.34,27.276,Rabi
11043,turmeric,25,60,100,4.82,1501.98,25.81818182,Kharif
26338,maize,80,40,20,5.46,790.98,30.61666667,Summer
80270,potato,180,60,90,4.88,240.1,10.38,Rabi
8813,barley,70,40,45,5.38,66.52,20.312,Rabi
54371,sunflower,50,60,30,5.56,297.66,29.56666667,Whole Year
65536,sunflower,50,60,30,5.66,157.31,25.83333333,Whole Year
71161,rice,80,40,40,5.52,1543.76,27.33333333,Kharif
80512,potato,180,60,90,4.84,1246.715,22.6,Rabi
7162,rice,80,40,40,5.58,1246.715,22.6,Kharif
87637,onion,120,60,65,6.1,199.2125,21.3,Rabi
54855,wheat,60,30,30,6.7,75.32,22.676,Rabi
54541,horsegram,20,60,20,6.02,297.66,29.56666667,Rabi
78276,moong,20,40,20,5.5,654.34,29.26666667,Kharif
92303,potato,180,60,90,5.1,1110.78,25.66666667,Rabi
91117,moong,20,40,20,5.64,770.44,28.68,Summer
56345,rice,80,40,40,5.48,1712.66,11.2,Kharif
97468,rice,80,40,40,5.36,167.38,23.56,Kharif
33319,maize,80,40,20,5.56,790.98,30.61666667,Kharif
88513,garlic,50,10,60,5.6,1111.68,28.64818182,Rabi
80971,maize,80,40,20,5.38,1246.715,22.6,Kharif
45184,potato,180,60,90,5.1,742.0124,24.59818182,Rabi
89908,horsegram,20,60,20,5.88,113.7,30.26666667,Rabi
31166,moong,20,40,20,5.52,1166.94,28.33333333,Kharif
56300,maize,80,40,20,5.64,288.3,25.46,Kharif
41055,maize,80,40,20,5.48,98.98,34.92333333,Summer
60290,turmeric,25,60,100,5.1,1050.245,18.77818182,Kharif
36570,horsegram,20,60,20,5.92,1145.22,28.5,Kharif
31525,cabbage,100,65,70,6.54,1037.32,28.08181818,Rabi
60082,ragi,50,40,20,5.5,607.48,26.36666667,Kharif
51873,coriander,10,20,20,6.4,1111.68,28.64818182,Rabi
32236,turmeric,25,60,100,4.94,2169.32,23.73636364,Kharif
29816,rice,80,40,40,5.42,1875.6,20.1,Kharif
820,wheat,60,30,30,6.8,87.2,23.106,Rabi
35002,jowar,80,40,40,5.68,1011.49,30.43,Rabi
14670,maize,80,40,20,5.68,423.745,22.07,Summer
27643,rice,80,40,40,5.52,330.0,29.33333333,Kharif
33571,cotton,120,40,20,5.52,331.88,35.34666667,Kharif
30946,moong,20,40,20,5.54,579.75,34.01,Summer
90731,banana,100,75,50,6.4,884.5,27.65454545,Whole Year
6301,jowar,80,40,40,5.66,15.34,27.276,Kharif
65861,horsegram,20,60,20,6.06,1246.715,22.6,Kharif
50881,maize,80,40,20,5.5,157.31,25.83333333,Kharif
30670,jowar,80,40,40,5.52,579.75,34.01,Rabi
88108,sunflower,50,60,30,5.44,1246.715,22.6,Whole Year
86509,barley,70,40,45,5.5,87.2,23.106,Rabi
67308,cotton,120,40,20,5.32,607.48,26.36666667,Kharif
15083,coriander,10,20,20,6.6,167.38,23.56,Rabi
81620,soyabean,20,60,20,5.44,1011.49,30.43,Kharif
25514,onion,120,60,65,5.92,1026.64,29.18636364,Rabi
74772,sunflower,50,60,30,5.34,37.09,27.96666667,Whole Year
46183,garlic,50,10,60,5.38,556.2,28.54545455,Rabi
50847,rapeseed,50,40,20,4.88,122.42,18.58,Rabi
10963,maize,80,40,20,5.32,1166.94,28.33333333,Summer
67599,potato,180,60,90,4.88,167.38,23.56,Rabi
28796,maize,80,40,20,5.42,207.55,26.43333333,Summer
94132,onion,120,60,65,6.04,1299.26,26.51818182,Rabi
50025,sweetpotato,90,20,120,5.1,1299.26,26.51818182,Rabi
30546,rice,80,40,40,5.68,579.75,34.01,Kharif
22988,banana,100,75,50,6.64,884.5,27.65454545,Whole Year
54365,jowar,80,40,40,5.42,297.66,29.56666667,Kharif
47256,ladyfinger,80,10,40,6.36,942.8,28.99454545,Kharif
83726,banana,100,75,50,6.62,884.5,27.65454545,Whole Year
32613,garlic,50,10,60,5.42,1026.64,29.18636364,Rabi
68171,rice,80,40,40,5.44,510.05,33.37333333,Kharif
57896,potato,180,60,90,5.06,810.26,29.95636364,Rabi
79246,onion,120,60,65,5.9,1026.64,29.18636364,Rabi
34564,sunflower,50,60,30,5.32,1246.715,22.6,Whole Year
53630,wheat,60,30,30,6.11,66.52,20.312,Rabi
42033,banana,100,75,50,6.44,810.26,29.95636364,Whole Year
95451,horsegram,20,60,20,5.9,1246.715,22.6,Kharif
11727,rice,80,40,40,5.46,840.46,33.58333333,Kharif
6981,jowar,80,40,40,5.46,199.2125,21.3,Kharif
8409,rice,80,40,40,5.58,1145.22,28.5,Kharif
24012,moong,20,40,20,5.6,75.32,22.676,Summer
67988,moong,20,40,20,5.6,1145.22,28.5,Summer
55602,jowar,80,40,40,5.56,579.75,34.01,Rabi
94813,horsegram,20,60,20,6.08,664.94,22.03333333,Kharif
84032,moong,20,40,20,5.44,770.44,28.68,Kharif
1742,horsegram,20,60,20,5.96,1246.715,22.6,Kharif
23293,sunflower,50,60,30,5.36,297.66,29.56666667,Whole Year
23077,onion,120,60,65,5.82,884.5,27.65454545,Kharif
95021,rice,80,40,40,5.64,1246.715,22.6,Kharif
76994,potato,180,60,90,5.12,75.32,22.676,Rabi
56569,cotton,120,40,20,5.62,1543.76,27.33333333,Kharif
59591,sweetpotato,90,20,120,4.86,1111.68,28.64818182,Kharif
71738,rice,80,40,40,5.64,87.2,23.106,Kharif
12368,jowar,80,40,40,5.52,15.34,27.276,Rabi
98752,rice,80,40,40,5.48,579.75,34.01,Kharif
99103,rice,80,40,40,5.42,579.75,34.01,Kharif
58307,moong,20,40,20,5.62,516.68,27.86666667,Summer
98939,sweetpotato,90,20,120,5.0,579.75,34.01,Kharif
40450,cotton,120,40,20,5.56,1543.76,27.33333333,Kharif
23939,maize,80,40,20,5.46,579.75,34.01,Kharif
47476,maize,80,40,20,5.48,579.75,34.01,Summer
52697,rice,80,40,40,5.58,423.745,22.07,Kharif
15146,garlic,50,10,60,5.64,167.38,23.56,Rabi
52110,rapeseed,50,40,20,5.14,73.47,23.562,Rabi
79317,rapeseed,50,40,20,4.84,87.2,23.106,Rabi
90366,jowar,80,40,40,5.42,510.05,33.37333333,Kharif
9368,jowar,80,40,40,5.36,297.66,29.56666667,Rabi
10855,moong,20,40,20,5.46,182.5,29.2,Kharif
6443,rice,80,40,40,5.68,331.88,35.34666667,Kharif
72470,garlic,50,10,60,5.58,421.14,28.50727273,Rabi
38945,rice,80,40,40,5.52,579.75,34.01,Kharif
44372,coriander,10,20,20,6.46,1111.68,28.64818182,Rabi
95172,sunflower,50,60,30,5.44,199.2125,21.3,Whole Year
88399,moong,20,40,20,5.42,1011.49,30.43,Kharif
14552,rice,80,40,40,5.38,607.48,26.36666667,Kharif
57046,onion,120,60,65,5.92,1026.64,29.18636364,Kharif
62073,sunflower,50,60,30,5.44,34.81,34.66666667,Whole Year
6231,jowar,80,40,40,5.42,15.34,27.276,Kharif
42375,moong,20,40,20,5.5,516.68,27.86666667,Summer
90036,rapeseed,50,40,20,4.92,167.38,23.56,Rabi
5809,rice,80,40,40,5.38,87.2,23.106,Kharif
92523,rice,80,40,40,5.64,182.5,29.2,Kharif
84747,sweetpotato,90,20,120,5.02,579.75,34.01,Kharif
37243,sweetpotato,90,20,120,4.82,556.2,28.54545455,Rabi
85355,rapeseed,50,40,20,5.1,152.54,22.28,Rabi
4256,potato,180,60,90,4.92,689.88,29.03727273,Rabi
94157,moong,20,40,20,5.46,1151.02,28.03333333,Summer
40346,ladyfinger,80,10,40,6.52,1037.32,28.08181818,Kharif
89878,potato,180,60,90,4.88,167.38,23.56,Rabi
13756,coriander,10,20,20,6.64,1111.68,28.64818182,Rabi
69947,garlic,50,10,60,5.62,75.32,22.676,Rabi
22637,jowar,80,40,40,5.56,510.05,33.37333333,Rabi
55477,rice,80,40,40,5.66,579.75,34.01,Kharif
74421,maize,80,40,20,5.4,1011.49,30.43,Kharif
44635,cotton,120,40,20,5.48,607.48,26.36666667,Kharif
50328,cotton,120,40,20,5.64,790.98,30.61666667,Kharif
72325,banana,100,75,50,6.34,810.26,29.95636364,Whole Year
16187,rice,80,40,40,5.5,297.66,29.56666667,Kharif
10765,moong,20,40,20,5.6,579.75,34.01,Kharif
42289,potato,180,60,90,4.84,1098.26,15.5,Rabi
13373,maize,80,40,20,5.42,1246.715,22.6,Kharif
92662,wheat,60,30,30,6.4,152.54,22.28,Rabi
87644,sunflower,50,60,30,5.54,157.31,25.83333333,Whole Year
21504,jowar,80,40,40,5.56,607.48,26.36666667,Rabi
63579,potato,180,60,90,5.02,2569.52,4.9,Rabi
44958,mango,20,20,30,5.08,1350.025,26.01818182,Summer
30485,rapeseed,50,40,20,5.12,75.32,22.676,Rabi
98440,ragi,50,40,20,5.44,770.44,28.68,Kharif
22056,turmeric,25,60,100,5.04,1426.3,26.73636364,Kharif
65255,rice,80,40,40,5.64,664.94,22.03333333,Kharif
94917,potato,180,60,90,4.88,240.1,10.38,Rabi
40015,potato,180,60,90,4.92,1037.32,28.08181818,Rabi
50429,moong,20,40,20,5.62,790.98,30.61666667,Summer
11098,moong,20,40,20,5.32,654.34,29.26666667,Kharif
95374,ragi,50,40,20,5.52,1246.715,22.6,Kharif
81349,rice,80,40,40,5.32,330.0,29.33333333,Kharif
93172,wheat,60,30,30,6.6,127.68,20.8,Rabi
56587,maize,80,40,20,5.46,1543.76,27.33333333,Kharif
35015,cauliflower,80,70,50,6.54,1111.68,28.64818182,Rabi
52156,coriander,10,20,20,6.46,1111.68,28.64818182,Rabi
47906,rice,80,40,40,5.42,579.75,34.01,Kharif
86550,maize,80,40,20,5.64,98.98,34.92333333,Summer
36333,tomato,100,40,90,6.02,1350.025,26.01818182,Whole Year
13247,turmeric,25,60,100,5.02,1603.2375,22.89090909,Kharif
78268,banana,100,75,50,6.62,1037.32,28.08181818,Whole Year
46411,radish,25,100,50,6.06,884.5,27.65454545,Rabi
93466,wheat,60,30,30,6.11,127.68,20.8,Rabi
43615,barley,70,40,45,5.32,73.47,23.562,Rabi
36729,rapeseed,50,40,20,4.92,167.38,23.56,Rabi
53578,potato,180,60,90,4.94,167.38,23.56,Rabi
23771,maize,80,40,20,5.38,579.75,34.01,Kharif
13915,wheat,60,30,30,6.1,73.47,23.562,Rabi
80671,potato,180,60,90,4.94,1246.715,22.6,Rabi
12256,turmeric,25,60,100,5.02,1026.64,29.18636364,Kharif
53624,rice,80,40,40,5.64,162.72,29.4,Kharif
15610,sweetpotato,90,20,120,5.02,556.2,28.54545455,Rabi
38450,cotton,120,40,20,5.36,770.44,28.68,Kharif
76210,jowar,80,40,40,5.56,884.5,27.65454545,Kharif
87104,turmeric,25,60,100,5.08,1299.26,26.51818182,Kharif
76731,moong,20,40,20,5.6,579.75,34.01,Summer
66785,banana,100,75,50,6.46,1111.68,28.64818182,Whole Year
58556,sunflower,50,60,30,5.54,199.2125,21.3,Whole Year
71183,rapeseed,50,40,20,4.84,127.68,20.8,Rabi
12222,potato,180,60,90,4.98,1026.64,29.18636364,Rabi
98381,horsegram,20,60,20,5.88,98.94,25.574,Kharif
23514,maize,80,40,20,5.32,75.32,22.676,Summer
39456,onion,120,60,65,6.06,75.32,22.676,Rabi
51930,onion,120,60,65,5.84,1111.68,28.64818182,Rabi
97226,moong,20,40,20,5.58,1145.22,28.5,Summer
27471,blackpepper,100,60,50,5.02,1603.2375,22.89090909,Whole Year
60336,rapeseed,50,40,20,5.12,85.24316,21.482,Rabi
21084,barley,70,40,45,5.4,73.47,23.562,Rabi
24542,potato,180,60,90,5.16,1501.98,25.81818182,Rabi
16957,sunflower,50,60,30,5.36,579.75,34.01,Whole Year
10563,rice,80,40,40,5.52,579.75,34.01,Kharif
7112,jowar,80,40,40,5.6,1246.715,22.6,Kharif
14964,rice,80,40,40,5.48,167.38,23.56,Kharif
61368,jowar,80,40,40,5.34,297.66,29.56666667,Rabi
98604,onion,120,60,65,6.1,75.32,22.676,Rabi
90407,wheat,60,30,30,6.6,19.38,22.766,Rabi
6299,ragi,50,40,20,5.54,790.98,30.61666667,Kharif
75573,banana,100,75,50,6.54,162.72,29.4,Whole Year
88985,onion,120,60,65,5.82,1111.68,28.64818182,Kharif
50440,rapeseed,50,40,20,5.06,15.34,27.276,Rabi
8768,wheat,60,30,30,6.5,66.52,20.312,Rabi
23680,maize,80,40,20,5.62,579.75,34.01,Summer
89778,wheat,60,30,30,6.5,113.7,30.26666667,Rabi
82039,potato,180,60,90,4.98,1111.68,28.64818182,Rabi
27079,ragi,50,40,20,5.38,1246.715,22.6,Kharif
12925,jowar,80,40,40,5.5,157.31,25.83333333,Rabi
701,maize,80,40,20,5.36,840.46,33.58333333,Summer
62569,barley,70,40,45,5.54,75.32,22.676,Rabi
35379,rice,80,40,40,5.66,1011.49,30.43,Kharif
62998,turmeric,25,60,100,4.82,1501.98,25.81818182,Kharif
49187,rice,80,40,40,5.68,1543.76,27.33333333,Kharif
55543,jowar,80,40,40,5.56,579.75,34.01,Kharif
18829,moong,20,40,20,5.62,840.46,33.58333333,Kharif
53038,rice,80,40,40,5.68,167.38,23.56,Kharif
65175,ragi,50,40,20,5.34,664.94,22.03333333,Kharif
45864,garlic,50,10,60,5.48,556.2,28.54545455,Rabi
68641,rice,80,40,40,5.46,297.66,29.56666667,Kharif
31618,ladyfinger,80,10,40,6.42,1037.32,28.08181818,Summer
24072,jowar,80,40,40,5.36,579.75,34.01,Rabi
28676,maize,80,40,20,5.34,423.745,22.07,Summer
21210,soyabean,20,60,20,5.56,1011.49,30.43,Kharif
8546,horsegram,20,60,20,5.82,167.38,23.56,Kharif
92794,horsegram,20,60,20,5.92,654.34,29.26666667,Kharif
30302,rice,80,40,40,5.44,579.75,34.01,Kharif
27489,blackpepper,100,60,50,4.98,1603.2375,22.89090909,Whole Year
30636,maize,80,40,20,5.52,579.75,34.01,Kharif
31870,rice,80,40,40,5.46,1712.66,11.2,Kharif
90543,rapeseed,50,40,20,5.12,140.52,12.5,Rabi
43456,sweetpotato,90,20,120,4.98,2817.86,27.90909091,Kharif
35376,cotton,120,40,20,5.44,1011.49,30.43,Kharif
22682,wheat,60,30,30,6.11,19.38,22.766,Rabi
5707,sweetpotato,90,20,120,4.92,1026.64,29.18636364,Rabi
79639,potato,180,60,90,5.14,94.02,22.38,Rabi
6809,sunflower,50,60,30,5.56,199.2125,21.3,Whole Year
36825,ragi,50,40,20,5.62,1145.22,28.5,Kharif
22048,rapeseed,50,40,20,5.12,167.38,23.56,Rabi
80313,maize,80,40,20,5.58,664.94,22.03333333,Summer
44011,rapeseed,50,40,20,5.02,73.47,23.562,Rabi
55135,barley,70,40,45,5.44,75.32,22.676,Rabi
10049,wheat,60,30,30,6.4,75.32,22.676,Rabi
90723,cotton,120,40,20,5.6,884.5,27.65454545,Kharif
94720,horsegram,20,60,20,5.9,331.88,35.34666667,Rabi
24661,moong,20,40,20,5.58,1166.94,28.33333333,Kharif
16440,banana,100,75,50,6.4,884.5,27.65454545,Whole Year
30363,potato,180,60,90,4.94,689.88,29.03727273,Rabi
69256,sweetpotato,90,20,120,5.02,579.75,34.01,Kharif
44170,orange,20,10,10,3.84,1111.68,28.64818182,Whole Year
22877,jowar,80,40,40,5.42,510.05,33.37333333,Kharif
43330,turmeric,25,60,100,5.08,2817.86,27.90909091,Kharif
95113,ragi,50,40,20,5.42,1246.715,22.6,Kharif
71401,rice,80,40,40,5.58,98.98,34.92333333,Kharif
41032,rice,80,40,40,5.52,87.2,23.106,Kharif
23414,jowar,80,40,40,5.42,98.94,25.574,Rabi
94445,maize,80,40,20,5.58,15.34,27.276,Summer
46426,banana,100,75,50,6.64,884.5,27.65454545,Whole Year
67031,sunflower,50,60,30,5.56,37.09,27.96666667,Whole Year
35248,maize,80,40,20,5.6,1011.49,30.43,Kharif
56038,turmeric,25,60,100,4.82,3322.06,27.03636364,Kharif
19737,rapeseed,50,40,20,5.0,41.3,21.704,Rabi
64957,cotton,120,40,20,5.62,790.98,30.61666667,Kharif
27239,wheat,60,30,30,6.7,199.2125,21.3,Rabi
41797,sunflower,50,60,30,5.36,1151.02,28.03333333,Whole Year
1599,maize,80,40,20,5.6,1246.715,22.6,Summer
48977,rice,80,40,40,5.46,654.34,29.26666667,Kharif
11803,ragi,50,40,20,5.32,840.46,33.58333333,Kharif
78738,wheat,60,30,30,6.11,127.68,20.8,Rabi
68441,rapeseed,50,40,20,4.92,19.38,22.766,Rabi
30407,moong,20,40,20,5.64,75.32,22.676,Kharif
80474,rapeseed,50,40,20,4.96,293.36,14.7,Rabi
45368,wheat,60,30,30,6.9,167.38,23.56,Rabi
36457,rice,80,40,40,5.48,235.4251,26.64666667,Kharif
11832,potato,180,60,90,4.92,1026.64,29.18636364,Rabi
6177,maize,80,40,20,5.38,790.98,30.61666667,Kharif
25965,rapeseed,50,40,20,5.06,87.2,23.106,Rabi
78554,banana,100,75,50,6.46,2169.32,23.73636364,Whole Year
7862,sunflower,50,60,30,5.5,70.11,25.6,Whole Year
96232,wheat,60,30,30,7.0,73.47,23.562,Rabi
5052,sunflower,50,60,30,5.5,1712.66,11.2,Whole Year
79425,moong,20,40,20,5.44,98.98,34.92333333,Summer
1575,maize,80,40,20,5.54,199.2125,21.3,Kharif
33517,wheat,60,30,30,6.7,41.3,21.704,Rabi
9093,barley,70,40,45,5.56,19.38,22.766,Rabi
39014,onion,120,60,65,6.06,75.32,22.676,Kharif
65998,maize,80,40,20,5.52,1246.715,22.6,Kharif
23034,banana,100,75,50,6.6,884.5,27.65454545,Whole Year
47776,onion,120,60,65,5.94,75.32,22.676,Kharif
32865,rice,80,40,40,5.48,87.2,23.106,Kharif
82605,potato,180,60,90,4.88,70.598,18.92,Rabi
35463,tomato,100,40,90,6.02,1111.68,28.64818182,Whole Year
45781,mango,20,20,30,5.1,550.1245,27.63636364,Summer
21950,rice,80,40,40,5.44,1145.22,28.5,Kharif
53361,turmeric,25,60,100,5.12,1426.3,26.73636364,Kharif
16879,turmeric,25,60,100,5.06,689.88,29.03727273,Kharif
73105,jowar,80,40,40,5.38,157.31,25.83333333,Rabi
69391,potato,180,60,90,4.84,75.32,22.676,Rabi
886,rapeseed,50,40,20,4.88,87.2,23.106,Rabi
8805,moong,20,40,20,5.44,411.52,34.73,Summer
21254,ragi,50,40,20,5.54,1011.49,30.43,Kharif
57478,maize,80,40,20,5.52,87.2,23.106,Kharif
26666,barley,70,40,45,5.62,41.3,21.704,Rabi
61227,jowar,80,40,40,5.36,510.05,33.37333333,Kharif
86086,banana,100,75,50,6.5,127.68,20.8,Whole Year
15279,jute,80,40,40,5.54,1145.22,28.5,Kharif
47483,maize,80,40,20,5.56,34.81,34.66666667,Summer
97756,jowar,80,40,40,5.4,510.05,33.37333333,Rabi
26746,potato,180,60,90,5.14,1098.26,15.5,Rabi
32464,wheat,60,30,30,6.6,87.2,23.106,Rabi
96963,rapeseed,50,40,20,4.86,56.236,15.852,Rabi
69026,ragi,50,40,20,5.32,770.44,28.68,Kharif
69799,coriander,10,20,20,6.34,689.88,29.03727273,Rabi
97418,horsegram,20,60,20,5.92,113.7,30.26666667,Kharif
87112,sunflower,50,60,30,5.4,1151.02,28.03333333,Whole Year
32394,rapeseed,50,40,20,5.06,87.2,23.106,Rabi
34071,rice,80,40,40,5.54,1246.715,22.6,Kharif
18652,maize,80,40,20,5.36,98.98,34.92333333,Kharif
84663,maize,80,40,20,5.62,34.81,34.66666667,Kharif
68465,barley,70,40,45,5.6,19.38,22.766,Rabi
50826,maize,80,40,20,5.5,976.06,25.66666667,Summer
52370,moong,20,40,20,5.64,607.48,26.36666667,Kharif
53727,onion,120,60,65,6.0,556.2,28.54545455,Rabi
83272,wheat,60,30,30,6.3,19.38,22.766,Rabi
70945,banana,100,75,50,6.36,2169.32,23.73636364,Whole Year
32362,onion,120,60,65,6.06,1026.64,29.18636364,Kharif
88690,garlic,50,10,60,5.68,1111.68,28.64818182,Rabi
67348,potato,180,60,90,4.84,1350.025,26.01818182,Rabi
1478,wheat,60,30,30,6.3,41.3,21.704,Rabi
46879,radish,25,100,50,5.86,884.5,27.65454545,Rabi
84313,moong,20,40,20,5.6,34.81,34.66666667,Kharif
52640,rice,80,40,40,5.66,607.48,26.36666667,Kharif
7255,rice,80,40,40,5.46,1997.12,27.0,Kharif
79074,rice,80,40,40,5.42,840.46,33.58333333,Kharif
20597,banana,100,75,50,6.38,2817.86,27.90909091,Whole Year
59109,cardamom,75,75,150,4.82,1603.2375,22.89090909,Kharif
11687,coriander,10,20,20,6.56,1026.64,29.18636364,Rabi
96142,banana,100,75,50,6.58,1111.68,28.64818182,Whole Year
94664,barley,70,40,45,5.58,41.3,21.704,Rabi
48490,jute,80,40,40,5.68,1166.94,28.33333333,Kharif
20306,sunflower,50,60,30,5.46,157.31,25.83333333,Whole Year
13053,turmeric,25,60,100,5.08,1603.2375,22.89090909,Kharif
82950,rice,80,40,40,5.46,167.38,23.56,Kharif
38486,moong,20,40,20,5.32,770.44,28.68,Kharif
74349,rice,80,40,40,5.66,1011.49,30.43,Kharif
47500,rice,80,40,40,5.64,579.75,34.01,Kharif
47667,onion,120,60,65,5.98,75.32,22.676,Kharif
5718,rapeseed,50,40,20,4.9,87.2,23.106,Rabi
54955,sunflower,50,60,30,5.36,34.81,34.66666667,Whole Year
35850,tomato,100,40,90,5.88,1111.68,28.64818182,Whole Year
82827,moong,20,40,20,5.62,113.7,30.26666667,Summer
88783,moong,20,40,20,5.38,1011.49,30.43,Summer
70083,onion,120,60,65,5.88,75.32,22.676,Kharif
20086,banana,100,75,50,6.36,1603.2375,22.89090909,Whole Year
31650,wheat,60,30,30,6.11,288.3,25.46,Rabi
9456,maize,80,40,20,5.36,297.66,29.56666667,Summer
44742,jowar,80,40,40,5.44,70.11,25.6,Rabi
44102,soyabean,20,60,20,5.5,1011.49,30.43,Kharif
35121,potato,180,60,90,4.86,1111.68,28.64818182,Rabi
9122,wheat,60,30,30,6.12,19.38,22.766,Rabi
28297,garlic,50,10,60,5.48,1111.68,28.64818182,Rabi
9789,maize,80,40,20,5.46,770.44,28.68,Summer
73179,onion,120,60,65,5.86,199.2125,21.3,Rabi
24187,jute,80,40,40,5.56,579.75,34.01,Kharif
50162,sweetpotato,90,20,120,5.18,1299.26,26.51818182,Kharif
35442,tomato,100,40,90,5.98,1111.68,28.64818182,Whole Year
70675,cotton,120,40,20,5.46,654.34,29.26666667,Kharif
58960,maize,80,40,20,5.48,1246.715,22.6,Summer
5510,jute,80,40,40,5.48,840.46,33.58333333,Kharif
12728,rice,80,40,40,5.56,664.94,22.03333333,Kharif
73593,rice,80,40,40,5.44,157.31,25.83333333,Kharif
79476,moong,20,40,20,5.56,98.98,34.92333333,Kharif
27165,jowar,80,40,40,5.64,199.2125,21.3,Kharif
45383,sunflower,50,60,30,5.64,167.38,23.56,Whole Year
80622,onion,120,60,65,6.06,1246.715,22.6,Kharif
48015,rice,80,40,40,5.42,579.75,34.01,Kharif
81996,potato,180,60,90,4.96,1111.68,28.64818182,Rabi
80215,onion,120,60,65,5.98,421.14,28.50727273,Rabi
70852,rice,80,40,40,5.44,1543.76,27.33333333,Kharif
4446,rapeseed,50,40,20,4.84,75.32,22.676,Rabi
22363,potato,180,60,90,5.0,1426.3,26.73636364,Rabi
7515,wheat,60,30,30,6.12,73.47,23.562,Rabi
92520,wheat,60,30,30,6.4,152.54,22.28,Rabi
98457,sweetpotato,90,20,120,4.86,942.8,28.99454545,Kharif
74925,moong,20,40,20,5.36,607.48,26.36666667,Kharif
29183,sweetpotato,90,20,120,5.02,1426.3,26.73636364,Kharif
51121,sweetpotato,90,20,120,4.94,1603.2375,22.89090909,Kharif
28913,sweetpotato,90,20,120,4.96,1426.3,26.73636364,Rabi
37032,rapeseed,50,40,20,4.9,66.52,20.312,Rabi
4081,barley,70,40,45,5.36,75.32,22.676,Rabi
53197,rice,80,40,40,5.56,113.7,30.26666667,Kharif
83120,wheat,60,30,30,6.5,19.38,22.766,Rabi
20992,coriander,10,20,20,6.38,1111.68,28.64818182,Rabi
38388,orange,20,10,10,4.12,942.8,28.99454545,Whole Year
68413,rice,80,40,40,5.34,510.05,33.37333333,Kharif
97215,jute,80,40,40,5.58,1145.22,28.5,Kharif
91220,sweetpotato,90,20,120,5.04,579.75,34.01,Rabi
3955,sunflower,50,60,30,5.48,75.32,22.676,Whole Year
41533,ragi,50,40,20,5.36,1151.02,28.03333333,Kharif
51208,rice,80,40,40,5.36,1246.715,22.6,Kharif
51156,maize,80,40,20,5.34,1246.715,22.6,Summer
69029,horsegram,20,60,20,6.06,98.94,25.574,Kharif
18845,rice,80,40,40,5.52,840.46,33.58333333,Kharif
13881,barley,70,40,45,5.6,73.47,23.562,Rabi
18838,wheat,60,30,30,6.8,87.2,23.106,Rabi
71079,rice,80,40,40,5.34,127.68,20.8,Kharif
10205,maize,80,40,20,5.38,579.75,34.01,Summer
88749,moong,20,40,20,5.38,73.47,23.562,Kharif
53423,garlic,50,10,60,5.64,1426.3,26.73636364,Rabi
61774,horsegram,20,60,20,5.96,98.94,25.574,Kharif
91352,rapeseed,50,40,20,4.84,75.32,22.676,Rabi
68114,barley,70,40,45,5.5,19.38,22.766,Rabi
1256,jowar,80,40,40,5.66,15.34,27.276,Kharif
72250,jowar,80,40,40,5.58,790.98,30.61666667,Kharif
24075,rice,80,40,40,5.62,579.75,34.01,Kharif
24364,rice,80,40,40,5.52,1110.78,25.66666667,Kharif
39036,rice,80,40,40,5.66,579.75,34.01,Kharif
19354,horsegram,20,60,20,6.18,1151.02,28.03333333,Rabi
57047,potato,180,60,90,5.04,1026.64,29.18636364,Rabi
2493,soyabean,20,60,20,5.66,235.4251,26.64666667,Kharif
44141,rapeseed,50,40,20,5.02,73.47,23.562,Rabi
8289,ragi,50,40,20,5.54,1145.22,28.5,Kharif
12557,maize,80,40,20,5.66,331.88,35.34666667,Summer
49743,potato,180,60,90,4.88,1026.64,29.18636364,Rabi
64724,sunflower,50,60,30,5.64,1151.02,28.03333333,Whole Year
36205,soyabean,20,60,20,5.68,702.459,27.23333333,Kharif
57040,ragi,50,40,20,5.6,840.46,33.58333333,Kharif
10645,wheat,60,30,30,6.9,75.32,22.676,Rabi
9489,maize,80,40,20,5.6,297.66,29.56666667,Kharif
56431,moong,20,40,20,5.48,127.68,20.8,Summer
92850,onion,120,60,65,6.12,288.3,25.46,Rabi
9724,jowar,80,40,40,5.46,770.44,28.68,Rabi
73068,ragi,50,40,20,5.6,199.2125,21.3,Kharif
21609,wheat,60,30,30,6.11,70.11,25.6,Rabi
59458,sunflower,50,60,30,5.4,1011.49,30.43,Whole Year
80523,sunflower,50,60,30,5.54,199.2125,21.3,Whole Year
71685,onion,120,60,65,5.98,1026.64,29.18636364,Kharif
41691,rapeseed,50,40,20,5.0,94.02,22.38,Rabi
27698,potato,180,60,90,4.98,1111.68,28.64818182,Rabi
91014,banana,100,75,50,6.62,942.8,28.99454545,Whole Year
94435,rice,80,40,40,5.54,790.98,30.61666667,Kharif
8764,moong,20,40,20,5.44,411.52,34.73,Kharif
34104,wheat,60,30,30,6.5,199.2125,21.3,Rabi
39409,onion,120,60,65,6.14,75.32,22.676,Kharif
46496,ragi,50,40,20,5.68,297.66,29.56666667,Kharif
9562,sweetpotato,90,20,120,4.84,884.5,27.65454545,Kharif
97004,soyabean,20,60,20,5.44,423.745,22.07,Kharif
44593,moong,20,40,20,5.44,607.48,26.36666667,Summer
15495,onion,120,60,65,5.88,550.1245,27.63636364,Rabi
52043,coriander,10,20,20,6.62,1111.68,28.64818182,Rabi
49898,garlic,50,10,60,5.48,1026.64,29.18636364,Rabi
54468,banana,100,75,50,6.6,884.5,27.65454545,Whole Year
19905,garlic,50,10,60,5.58,1089.6,20.70909091,Rabi
75315,rice,80,40,40,5.48,167.38,23.56,Kharif
62136,onion,120,60,65,5.88,689.88,29.03727273,Rabi
88942,sweetpotato,90,20,120,4.98,1111.68,28.64818182,Rabi
9666,maize,80,40,20,5.52,297.66,29.56666667,Summer
64907,jowar,80,40,40,5.48,790.98,30.61666667,Kharif
60073,rice,80,40,40,5.48,607.48,26.36666667,Kharif
647,rice,80,40,40,5.52,840.46,33.58333333,Kharif
47627,onion,120,60,65,6.16,75.32,22.676,Kharif
6459,garlic,50,10,60,5.58,1098.26,15.5,Rabi
33438,rice,80,40,40,5.32,331.88,35.34666667,Kharif
88417,moong,20,40,20,5.48,73.47,23.562,Summer
71963,rapeseed,50,40,20,4.86,94.02,22.38,Rabi
77919,maize,80,40,20,5.62,182.5,29.2,Kharif
5134,wheat,60,30,30,6.8,127.68,20.8,Rabi
36682,turmeric,25,60,100,5.12,1426.3,26.73636364,Kharif
31532,sweetpotato,90,20,120,5.14,1037.32,28.08181818,Kharif
64518,coriander,10,20,20,6.38,1299.26,26.51818182,Rabi
55115,rapeseed,50,40,20,4.98,75.32,22.676,Rabi
95330,blackpepper,100,60,50,5.1,1603.2375,22.89090909,Whole Year
80405,onion,120,60,65,5.96,240.1,10.38,Kharif
69940,rice,80,40,40,5.48,34.81,34.66666667,Kharif
64825,moong,20,40,20,5.68,790.98,30.61666667,Kharif
80657,wheat,60,30,30,6.5,199.2125,21.3,Rabi
4593,rice,80,40,40,5.48,152.54,22.28,Kharif
37593,papaya,50,50,50,6.14,884.5,27.65454545,Whole Year
97590,banana,100,75,50,6.36,162.72,29.4,Whole Year
53876,rice,80,40,40,5.38,510.05,33.37333333,Kharif
77496,turmeric,25,60,100,5.0,75.32,22.676,Kharif
89237,maize,80,40,20,5.32,607.48,26.36666667,Kharif
60122,rice,80,40,40,5.46,607.48,26.36666667,Kharif
31215,rapeseed,50,40,20,5.04,152.54,22.28,Rabi
95809,rice,80,40,40,5.64,490.74,27.6,Kharif
62923,potato,180,60,90,4.96,1411.78,19.94545455,Rabi
71568,maize,80,40,20,5.54,840.46,33.58333333,Kharif
16990,potato,180,60,90,5.12,689.88,29.03727273,Rabi
11583,rapeseed,50,40,20,5.14,127.68,20.8,Rabi
1169,rapeseed,50,40,20,5.12,87.2,23.106,Rabi
58111,wheat,60,30,30,6.3,41.3,21.704,Rabi
76214,ragi,50,40,20,5.46,884.5,27.65454545,Kharif
54876,rice,80,40,40,5.54,579.75,34.01,Kharif
99567,rapeseed,50,40,20,5.14,169.82,14.6,Rabi
89843,rice,80,40,40,5.46,167.38,23.56,Kharif
72612,maize,80,40,20,5.66,664.94,22.03333333,Summer
91480,rice,80,40,40,5.38,34.81,34.66666667,Kharif
27145,onion,120,60,65,6.02,1603.2375,22.89090909,Kharif
23598,barley,70,40,45,5.52,75.32,22.676,Rabi
81374,cardamom,75,75,150,4.86,2817.86,27.90909091,Kharif
88085,rice,80,40,40,5.52,1246.715,22.6,Kharif
62190,rice,80,40,40,5.66,579.75,34.01,Kharif
2744,wheat,60,30,30,6.7,167.38,23.56,Rabi
22610,onion,120,60,65,5.88,556.2,28.54545455,Rabi
28955,potato,180,60,90,4.88,1426.3,26.73636364,Rabi
97850,moong,20,40,20,5.36,510.05,33.37333333,Summer
63512,ragi,50,40,20,5.66,288.3,25.46,Kharif
66895,maize,80,40,20,5.46,1011.49,30.43,Kharif
42168,cotton,120,40,20,5.38,331.88,35.34666667,Kharif
83579,garlic,50,10,60,5.36,884.5,27.65454545,Rabi
11888,rapeseed,50,40,20,5.1,87.2,23.106,Rabi
32184,sweetpotato,90,20,120,4.84,2169.32,23.73636364,Rabi
83438,moong,20,40,20,5.54,510.05,33.37333333,Kharif
19294,rapeseed,50,40,20,5.08,94.02,22.38,Rabi
95109,jowar,80,40,40,5.62,1246.715,22.6,Kharif
20228,maize,80,40,20,5.58,157.31,25.83333333,Summer
15114,onion,120,60,65,6.1,1426.3,26.73636364,Rabi
71797,potato,180,60,90,4.96,1026.64,29.18636364,Rabi
34507,soyabean,20,60,20,5.38,1246.715,22.6,Kharif
15975,garlic,50,10,60,5.64,556.2,28.54545455,Rabi
45044,cabbage,100,65,70,6.62,1350.025,26.01818182,Rabi
13073,maize,80,40,20,5.58,157.31,25.83333333,Summer
3944,wheat,60,30,30,6.8,75.32,22.676,Rabi
979,onion,120,60,65,5.86,1026.64,29.18636364,Kharif
97926,sweetpotato,90,20,120,4.9,556.2,28.54545455,Kharif
53761,rapeseed,50,40,20,4.94,19.38,22.766,Rabi
9922,rice,80,40,40,5.66,579.75,34.01,Kharif
86764,rice,80,40,40,5.46,98.98,34.92333333,Kharif
78428,maize,80,40,20,5.64,654.34,29.26666667,Kharif
83003,wheat,60,30,30,6.1,113.7,30.26666667,Rabi
87776,jowar,80,40,40,5.38,157.31,25.83333333,Rabi
84540,sunflower,50,60,30,5.56,34.81,34.66666667,Whole Year
87184,garlic,50,10,60,5.66,810.26,29.95636364,Rabi
76437,blackpepper,100,60,50,4.84,884.5,27.65454545,Whole Year
10218,turmeric,25,60,100,5.18,689.88,29.03727273,Kharif
72773,wheat,60,30,30,6.11,293.36,14.7,Rabi
31494,coriander,10,20,20,6.44,1037.32,28.08181818,Rabi
56853,horsegram,20,60,20,6.04,840.46,33.58333333,Kharif
72086,horsegram,20,60,20,6.12,1151.02,28.03333333,Kharif
7395,cardamom,75,75,150,4.84,2817.86,27.90909091,Kharif
83590,sweetpotato,90,20,120,5.06,884.5,27.65454545,Kharif
34628,sunflower,50,60,30,5.32,199.2125,21.3,Whole Year
99264,moong,20,40,20,5.32,34.81,34.66666667,Kharif
90831,cardamom,75,75,150,5.1,884.5,27.65454545,Kharif
34063,onion,120,60,65,6.16,1603.2375,22.89090909,Rabi
62329,jowar,80,40,40,5.6,579.75,34.01,Rabi
63050,maize,80,40,20,5.36,1166.94,28.33333333,Summer
79293,rice,80,40,40,5.54,87.2,23.106,Kharif
1387,cotton,120,40,20,5.6,810.26,29.95636364,Kharif
63744,rice,80,40,40,5.52,127.68,20.8,Kharif
63807,rapeseed,50,40,20,5.06,127.68,20.8,Rabi
16528,jowar,80,40,40,5.54,770.44,28.68,Kharif
68630,horsegram,20,60,20,6.16,884.5,27.65454545,Kharif
34060,coriander,10,20,20,6.62,1603.2375,22.89090909,Rabi
88367,rice,80,40,40,5.36,490.74,27.6,Kharif
32511,maize,80,40,20,5.64,87.2,23.106,Kharif
74606,maize,80,40,20,5.52,607.48,26.36666667,Summer
55095,rice,80,40,40,5.64,579.75,34.01,Kharif
32892,moong,20,40,20,5.46,840.46,33.58333333,Kharif
27887,onion,120,60,65,6.1,1111.68,28.64818182,Kharif
62739,rapeseed,50,40,20,4.88,75.32,22.676,Rabi
182,maize,80,40,20,5.68,1712.66,11.2,Summer
73204,sunflower,50,60,30,5.56,199.2125,21.3,Whole Year
10399,cotton,120,40,20,5.62,579.75,34.01,Kharif
81757,maize,80,40,20,5.5,1011.49,30.43,Summer
91929,moong,20,40,20,5.56,579.75,34.01,Kharif
96616,rice,80,40,40,5.66,1011.49,30.43,Kharif
78503,potato,180,60,90,5.08,2569.52,4.9,Rabi
25321,maize,80,40,20,5.62,1543.76,27.33333333,Summer
68716,moong,20,40,20,5.6,884.5,27.65454545,Kharif
56204,onion,120,60,65,6.16,654.34,29.26666667,Kharif
10912,moong,20,40,20,5.52,152.54,22.28,Kharif
79197,maize,80,40,20,5.62,87.2,23.106,Summer
76810,maize,80,40,20,5.56,34.81,34.66666667,Kharif
89287,jowar,80,40,40,5.6,607.48,26.36666667,Rabi
39376,onion,120,60,65,5.84,689.88,29.03727273,Rabi
93988,maize,80,40,20,5.34,87.2,23.106,Kharif
20454,maize,80,40,20,5.6,1246.715,22.6,Kharif
55975,moong,20,40,20,5.4,182.5,29.2,Kharif
36857,sweetpotato,90,20,120,5.1,1426.3,26.73636364,Rabi
39639,rapeseed,50,40,20,4.86,169.82,14.6,Rabi
64215,wheat,60,30,30,7.0,87.2,23.106,Rabi
55348,sweetpotato,90,20,120,5.14,689.88,29.03727273,Rabi
26537,sweetpotato,90,20,120,5.08,421.14,28.50727273,Kharif
84560,barley,70,40,45,5.36,75.32,22.676,Rabi
81920,jowar,80,40,40,5.34,1011.49,30.43,Rabi
44967,banana,100,75,50,6.62,1350.025,26.01818182,Whole Year
84054,maize,80,40,20,5.54,770.44,28.68,Kharif
75933,garlic,50,10,60,5.62,556.2,28.54545455,Rabi
46450,pumpkin,80,50,30,5.52,884.5,27.65454545,Kharif
25374,potato,180,60,90,4.96,2169.32,23.73636364,Rabi
19496,banana,100,75,50,6.56,810.26,29.95636364,Whole Year
65676,wheat,60,30,30,6.8,199.2125,21.3,Rabi
71390,jute,80,40,40,5.54,840.46,33.58333333,Kharif
61283,wheat,60,30,30,6.6,19.38,22.766,Rabi
31564,sweetpotato,90,20,120,4.96,1037.32,28.08181818,Rabi
50851,rice,80,40,40,5.36,976.06,25.66666667,Kharif
98107,rice,80,40,40,5.64,297.66,29.56666667,Kharif
94703,wheat,60,30,30,6.6,41.3,21.704,Rabi
80400,potato,180,60,90,4.96,664.94,22.03333333,Rabi
93553,banana,100,75,50,6.38,2169.32,23.73636364,Whole Year
66215,cardamom,75,75,150,5.18,2817.86,27.90909091,Kharif
32495,maize,80,40,20,5.4,98.98,34.92333333,Kharif
25219,potato,180,60,90,5.16,2169.32,23.73636364,Rabi
77416,onion,120,60,65,5.9,34.81,34.66666667,Rabi
41016,moong,20,40,20,5.62,840.46,33.58333333,Summer
28679,rapeseed,50,40,20,4.92,56.236,15.852,Rabi
73731,maize,80,40,20,5.48,157.31,25.83333333,Kharif
46018,maize,80,40,20,5.38,510.05,33.37333333,Kharif
61011,rice,80,40,40,5.62,510.05,33.37333333,Kharif
23727,maize,80,40,20,5.66,579.75,34.01,Kharif
53477,rice,80,40,40,5.46,1145.22,28.5,Kharif
3221,sunflower,50,60,30,5.36,884.5,27.65454545,Whole Year
8311,ragi,50,40,20,5.6,167.38,23.56,Kharif
34950,papaya,50,50,50,5.82,2817.86,27.90909091,Whole Year
86910,moong,20,40,20,5.58,94.02,22.38,Kharif
62462,rice,80,40,40,5.36,579.75,34.01,Kharif
4543,moong,20,40,20,5.66,579.75,34.01,Summer
74430,potato,180,60,90,5.18,1111.68,28.64818182,Rabi
4724,moong,20,40,20,5.52,152.54,22.28,Summer
69203,garlic,50,10,60,5.52,75.32,22.676,Rabi
78869,turmeric,25,60,100,4.9,2169.32,23.73636364,Kharif
852,rice,80,40,40,5.48,840.46,33.58333333,Kharif
72970,wheat,60,30,30,6.7,122.42,18.58,Rabi
15403,rapeseed,50,40,20,5.0,167.38,23.56,Rabi
40590,papaya,50,50,50,5.96,2169.32,23.73636364,Whole Year
13043,wheat,60,30,30,6.8,199.2125,21.3,Rabi
77825,turmeric,25,60,100,5.14,1411.78,19.94545455,Kharif
83262,potato,180,60,90,4.82,556.2,28.54545455,Rabi
84273,maize,80,40,20,5.54,579.75,34.01,Summer
29929,cotton,120,40,20,5.48,297.66,29.56666667,Kharif
76299,banana,100,75,50,6.42,884.5,27.65454545,Whole Year
77250,jowar,80,40,40,5.64,579.75,34.01,Kharif
53172,maize,80,40,20,5.54,113.7,30.26666667,Kharif
40336,sunflower,50,60,30,5.6,654.34,29.26666667,Whole Year
4519,potato,180,60,90,4.92,689.88,29.03727273,Rabi
2072,rapeseed,50,40,20,5.16,73.47,23.562,Rabi
83577,coriander,10,20,20,6.46,884.5,27.65454545,Rabi
98032,rapeseed,50,40,20,4.88,19.38,22.766,Rabi
61693,horsegram,20,60,20,5.86,297.66,29.56666667,Rabi
61569,coriander,10,20,20,6.52,884.5,27.65454545,Rabi
92265,wheat,60,30,30,6.5,75.32,22.676,Rabi
64239,rice,80,40,40,5.46,98.98,34.92333333,Kharif
8028,jowar,80,40,40,5.46,70.11,25.6,Kharif
92123,coriander,10,20,20,6.62,75.32,22.676,Rabi
43512,garlic,50,10,60,5.6,1111.68,28.64818182,Rabi
32645,maize,80,40,20,5.62,87.2,23.106,Kharif
51945,garlic,50,10,60,5.44,1111.68,28.64818182,Rabi
81971,cotton,120,40,20,5.48,1011.49,30.43,Kharif
61820,moong,20,40,20,5.48,98.94,25.574,Kharif
26769,soyabean,20,60,20,5.32,664.94,22.03333333,Kharif
70802,jute,80,40,40,5.44,1543.76,27.33333333,Kharif
68518,maize,80,40,20,5.6,884.5,27.65454545,Kharif
15752,moong,20,40,20,5.6,510.05,33.37333333,Summer
36591,rapeseed,50,40,20,4.86,167.38,23.56,Rabi
16231,ragi,50,40,20,5.44,297.66,29.56666667,Kharif
60909,maize,80,40,20,5.52,411.52,34.73,Summer
83997,jowar,80,40,40,5.46,98.94,25.574,Rabi
99236,maize,80,40,20,5.62,34.81,34.66666667,Kharif
80358,ragi,50,40,20,5.42,664.94,22.03333333,Kharif
65335,rice,80,40,40,5.42,122.42,18.58,Kharif
75765,wheat,60,30,30,6.5,19.38,22.766,Rabi
53628,rice,80,40,40,5.48,411.52,34.73,Kharif
67322,rice,80,40,40,5.64,702.459,27.23333333,Kharif
95780,sweetpotato,90,20,120,4.94,1603.2375,22.89090909,Rabi
80926,rapeseed,50,40,20,4.88,199.2125,21.3,Rabi
49211,rice,80,40,40,5.44,127.68,20.8,Kharif
86212,rapeseed,50,40,20,4.98,127.68,20.8,Rabi
40389,rice,80,40,40,5.36,1712.66,11.2,Kharif
35836,rapeseed,50,40,20,5.1,73.47,23.562,Rabi
18567,rice,80,40,40,5.34,840.46,33.58333333,Kharif
95582,horsegram,20,60,20,5.9,199.2125,21.3,Rabi
22018,sweetpotato,90,20,120,4.98,1426.3,26.73636364,Kharif
57096,ragi,50,40,20,5.48,840.46,33.58333333,Kharif
7316,blackpepper,100,60,50,4.98,2817.86,27.90909091,Whole Year
96292,moong,20,40,20,5.58,73.47,23.562,Kharif
81708,potato,180,60,90,4.86,1111.68,28.64818182,Rabi
31375,rice,80,40,40,5.6,182.5,29.2,Kharif
10817,jute,80,40,40,5.38,1166.94,28.33333333,Kharif
42250,wheat,60,30,30,6.6,240.1,10.38,Rabi
9659,onion,120,60,65,6.18,884.5,27.65454545,Kharif
31429,grapes,20,125,200,4.12,1037.32,28.08181818,Whole Year
74562,soyabean,20,60,20,5.34,1011.49,30.43,Kharif
78125,garlic,50,10,60,5.64,1166.94,28.33333333,Rabi
37356,rapeseed,50,40,20,5.12,19.38,22.766,Rabi
14001,wheat,60,30,30,6.5,73.47,23.562,Rabi
75289,moong,20,40,20,5.48,1145.22,28.5,Summer
84402,wheat,60,30,30,6.12,75.32,22.676,Rabi
34230,coriander,10,20,20,6.56,1603.2375,22.89090909,Rabi
96769,maize,80,40,20,5.4,607.48,26.36666667,Summer
58510,maize,80,40,20,5.46,1246.715,22.6,Summer
20034,jowar,80,40,40,5.44,199.2125,21.3,Kharif
77778,soyabean,20,60,20,5.66,1110.78,25.66666667,Kharif
5005,cotton,120,40,20,5.32,654.34,29.26666667,Kharif
73183,wheat,60,30,30,6.12,199.2125,21.3,Rabi
34499,tomato,100,40,90,5.94,1603.2375,22.89090909,Whole Year
18844,sweetpotato,90,20,120,5.16,1026.64,29.18636364,Rabi
30559,soyabean,20,60,20,5.54,579.75,34.01,Kharif
39578,maize,80,40,20,5.46,1110.78,25.66666667,Summer
52309,onion,120,60,65,6.16,1111.68,28.64818182,Rabi
47209,papaya,50,50,50,6.16,942.8,28.99454545,Whole Year
60819,maize,80,40,20,5.58,1145.22,28.5,Summer
15951,jowar,80,40,40,5.6,510.05,33.37333333,Kharif
28726,potato,180,60,90,4.82,742.0124,24.59818182,Rabi
82200,wheat,60,30,30,6.7,70.11,25.6,Rabi
88436,jowar,80,40,40,5.44,73.47,23.562,Kharif
81847,cotton,120,40,20,5.46,1011.49,30.43,Kharif
54425,sunflower,50,60,30,5.46,297.66,29.56666667,Whole Year
44756,jowar,80,40,40,5.42,70.11,25.6,Kharif
5705,onion,120,60,65,6.16,1026.64,29.18636364,Kharif
10098,potato,180,60,90,5.0,689.88,29.03727273,Rabi
28944,maize,80,40,20,5.64,1145.22,28.5,Summer
24033,barley,70,40,45,5.36,75.32,22.676,Rabi
48449,sunflower,50,60,30,5.6,1166.94,28.33333333,Whole Year
16431,cotton,120,40,20,5.54,297.66,29.56666667,Kharif
90945,onion,120,60,65,5.88,884.5,27.65454545,Rabi
68120,sweetpotato,90,20,120,5.04,556.2,28.54545455,Rabi
9263,barley,70,40,45,5.32,19.38,22.766,Rabi
74589,maize,80,40,20,5.36,607.48,26.36666667,Summer
93563,maize,80,40,20,5.44,1543.76,27.33333333,Kharif
88261,banana,100,75,50,6.36,2817.86,27.90909091,Whole Year
96916,soyabean,20,60,20,5.5,607.48,26.36666667,Kharif
81280,turmeric,25,60,100,4.98,2817.86,27.90909091,Kharif
76258,cotton,120,40,20,5.32,884.5,27.65454545,Kharif
16930,maize,80,40,20,5.38,579.75,34.01,Kharif
79150,garlic,50,10,60,5.32,1026.64,29.18636364,Rabi
43811,sunflower,50,60,30,5.58,1011.49,30.43,Whole Year
19794,maize,80,40,20,5.5,664.94,22.03333333,Summer
51291,maize,80,40,20,5.62,199.2125,21.3,Kharif
58298,maize,80,40,20,5.5,516.68,27.86666667,Summer
22914,moong,20,40,20,5.6,297.66,29.56666667,Summer
25195,jute,80,40,40,5.44,1543.76,27.33333333,Kharif
55369,sunflower,50,60,30,5.36,34.81,34.66666667,Whole Year
53085,rice,80,40,40,5.38,113.7,30.26666667,Kharif
5928,maize,80,40,20,5.64,98.98,34.92333333,Summer
40515,papaya,50,50,50,6.12,2169.32,23.73636364,Whole Year
14298,maize,80,40,20,5.66,607.48,26.36666667,Summer
19957,maize,80,40,20,5.52,199.2125,21.3,Kharif
33987,rice,80,40,40,5.38,199.2125,21.3,Kharif
28339,jowar,80,40,40,5.42,607.48,26.36666667,Kharif
48941,rice,80,40,40,5.66,288.3,25.46,Kharif
89378,cotton,120,40,20,5.48,607.48,26.36666667,Kharif
26213,coriander,10,20,20,6.66,1299.26,26.51818182,Rabi
37072,maize,80,40,20,5.64,411.52,34.73,Kharif
73520,rice,80,40,40,5.5,199.2125,21.3,Kharif
27816,potato,180,60,90,4.88,1111.68,28.64818182,Rabi
80585,ragi,50,40,20,5.5,199.2125,21.3,Kharif
74937,soyabean,20,60,20,5.66,607.48,26.36666667,Kharif
4811,barley,70,40,45,5.68,1501.98,25.81818182,Rabi
80613,ragi,50,40,20,5.32,157.31,25.83333333,Kharif
57180,moong,20,40,20,5.44,840.46,33.58333333,Kharif
8842,jowar,80,40,40,5.32,510.05,33.37333333,Rabi
18106,wheat,60,30,30,7.0,127.68,20.8,Rabi
77385,sweetpotato,90,20,120,5.0,579.75,34.01,Rabi
52473,moong,20,40,20,5.6,607.48,26.36666667,Kharif
81682,onion,120,60,65,6.0,1111.68,28.64818182,Kharif
19966,onion,120,60,65,6.16,1603.2375,22.89090909,Kharif
77202,jowar,80,40,40,5.5,579.75,34.01,Rabi
28744,potato,180,60,90,5.06,742.0124,24.59818182,Rabi
71364,maize,80,40,20,5.38,98.98,34.92333333,Kharif
48549,rapeseed,50,40,20,4.84,152.54,22.28,Rabi
56374,rice,80,40,40,5.5,1712.66,11.2,Kharif
65236,wheat,60,30,30,6.11,240.1,10.38,Rabi
91616,coriander,10,20,20,6.48,75.32,22.676,Rabi
29279,wheat,60,30,30,6.1,167.38,23.56,Rabi
89556,rice,80,40,40,5.48,207.55,26.43333333,Kharif
55834,soyabean,20,60,20,5.66,1166.94,28.33333333,Kharif
64884,wheat,60,30,30,6.6,15.34,27.276,Rabi
71253,ragi,50,40,20,5.4,840.46,33.58333333,Kharif
24675,maize,80,40,20,5.46,1166.94,28.33333333,Kharif
32370,moong,20,40,20,5.5,840.46,33.58333333,Kharif
78833,potato,180,60,90,4.86,2169.32,23.73636364,Rabi
1424,jowar,80,40,40,5.62,790.98,30.61666667,Rabi
67195,rapeseed,50,40,20,4.88,70.11,25.6,Rabi
5046,potato,180,60,90,5.0,2569.52,4.9,Rabi
16554,cotton,120,40,20,5.64,770.44,28.68,Kharif
92702,rice,80,40,40,5.62,152.54,22.28,Kharif
34988,ladyfinger,80,10,40,6.46,1111.68,28.64818182,Kharif
71231,moong,20,40,20,5.48,840.46,33.58333333,Kharif
47546,onion,120,60,65,6.18,75.32,22.676,Rabi
33640,rapeseed,50,40,20,5.12,240.1,10.38,Rabi
76528,onion,120,60,65,5.96,884.5,27.65454545,Rabi
19443,potato,180,60,90,5.02,810.26,29.95636364,Rabi
68409,cotton,120,40,20,5.36,510.05,33.37333333,Kharif
33968,garlic,50,10,60,5.6,1603.2375,22.89090909,Rabi
84824,barley,70,40,45,5.36,75.32,22.676,Rabi
69356,onion,120,60,65,5.96,75.32,22.676,Rabi
61266,maize,80,40,20,5.68,510.05,33.37333333,Kharif
56415,moong,20,40,20,5.66,127.68,20.8,Summer
34645,rice,80,40,40,5.44,1246.715,22.6,Kharif
25155,rice,80,40,40,5.58,497.88,25.03333333,Kharif
85265,garlic,50,10,60,5.48,1411.78,19.94545455,Rabi
84188,rice,80,40,40,5.54,579.75,34.01,Kharif
33229,garlic,50,10,60,5.32,1299.26,26.51818182,Rabi
83515,wheat,60,30,30,6.1,140.52,12.5,Rabi
36193,jackfruit,75,40,50,4.88,1350.025,26.01818182,Whole Year
77860,rapeseed,50,40,20,5.12,152.54,22.28,Rabi
97815,cotton,120,40,20,5.44,510.05,33.37333333,Kharif
79256,maize,80,40,20,5.58,840.46,33.58333333,Summer
36162,ragi,50,40,20,5.38,607.48,26.36666667,Kharif
84038,horsegram,20,60,20,5.94,98.94,25.574,Kharif
87824,sunflower,50,60,30,5.68,157.31,25.83333333,Whole Year
41414,maize,80,40,20,5.52,98.98,34.92333333,Kharif
12432,onion,120,60,65,5.86,810.26,29.95636364,Kharif
26135,moong,20,40,20,5.38,1151.02,28.03333333,Summer
85912,rice,80,40,40,5.5,1712.66,11.2,Kharif
44856,banana,100,75,50,6.6,714.68,26.45454545,Whole Year
88718,barley,70,40,45,5.62,1111.68,28.64818182,Rabi
98214,horsegram,20,60,20,6.12,297.66,29.56666667,Kharif
43236,turmeric,25,60,100,5.04,1603.2375,22.89090909,Kharif
17095,rice,80,40,40,5.4,579.75,34.01,Kharif
45845,rice,80,40,40,5.46,411.52,34.73,Kharif
31442,rice,80,40,40,5.42,654.34,29.26666667,Kharif
92767,banana,100,75,50,6.42,3322.06,27.03636364,Whole Year
59835,rapeseed,50,40,20,5.14,73.47,23.562,Rabi
1162,rice,80,40,40,5.64,87.2,23.106,Kharif
22200,ragi,50,40,20,5.64,1145.22,28.5,Kharif
57657,jowar,80,40,40,5.34,1151.02,28.03333333,Kharif
95112,onion,120,60,65,6.14,1246.715,22.6,Rabi
96316,potato,180,60,90,4.84,1111.68,28.64818182,Rabi
34900,turmeric,25,60,100,4.84,2817.86,27.90909091,Kharif
49162,turmeric,25,60,100,4.88,2169.32,23.73636364,Kharif
21862,rapeseed,50,40,20,5.06,70.598,18.92,Rabi
89517,cotton,120,40,20,5.38,235.4251,26.64666667,Kharif
3137,onion,120,60,65,5.94,884.5,27.65454545,Rabi
37609,sunflower,50,60,30,5.52,297.66,29.56666667,Whole Year
80940,garlic,50,10,60,5.54,1603.2375,22.89090909,Rabi
86935,ragi,50,40,20,5.52,1151.02,28.03333333,Kharif
77047,jowar,80,40,40,5.48,579.75,34.01,Rabi
66939,wheat,60,30,30,7.0,73.47,23.562,Rabi
97037,soyabean,20,60,20,5.46,423.745,22.07,Kharif
28487,soyabean,20,60,20,5.46,607.48,26.36666667,Kharif
60882,rice,80,40,40,5.34,10.265748,25.76,Kharif
4282,jowar,80,40,40,5.4,579.75,34.01,Kharif
17983,moong,20,40,20,5.66,288.3,25.46,Kharif
26462,garlic,50,10,60,5.68,810.26,29.95636364,Rabi
49468,moong,20,40,20,5.36,840.46,33.58333333,Kharif
90515,cotton,120,40,20,5.44,510.05,33.37333333,Kharif
86355,rice,80,40,40,5.44,497.88,25.03333333,Kharif
79321,moong,20,40,20,5.46,98.98,34.92333333,Kharif
80386,maize,80,40,20,5.66,664.94,22.03333333,Summer
6016,sweetpotato,90,20,120,4.86,1026.64,29.18636364,Rabi
66667,onion,120,60,65,6.04,1111.68,28.64818182,Kharif
98056,barley,70,40,45,5.56,19.38,22.766,Rabi
27291,sunflower,50,60,30,5.44,199.2125,21.3,Whole Year
72318,cotton,120,40,20,5.46,790.98,30.61666667,Kharif
47263,tomato,100,40,90,6.0,942.8,28.99454545,Whole Year
55774,rice,80,40,40,5.64,1166.94,28.33333333,Kharif
16420,moong,20,40,20,5.6,297.66,29.56666667,Kharif
29828,jowar,80,40,40,5.56,297.66,29.56666667,Kharif
65247,garlic,50,10,60,5.44,240.1,10.38,Rabi
24359,turmeric,25,60,100,4.86,1411.78,19.94545455,Kharif
4422,rapeseed,50,40,20,5.04,75.32,22.676,Rabi
99686,rice,80,40,40,5.6,182.5,29.2,Kharif
37008,coriander,10,20,20,6.38,550.1245,27.63636364,Rabi
90290,moong,20,40,20,5.38,510.05,33.37333333,Summer
60670,jute,80,40,40,5.54,1145.22,28.5,Kharif
72904,rice,80,40,40,5.56,976.06,25.66666667,Kharif
34965,banana,100,75,50,6.64,1111.68,28.64818182,Whole Year
93822,rice,80,40,40,5.44,87.2,23.106,Kharif
29463,cotton,120,40,20,5.58,510.05,33.37333333,Kharif
94561,maize,80,40,20,5.4,790.98,30.61666667,Kharif
58907,coriander,10,20,20,6.56,1603.2375,22.89090909,Rabi
15267,sweetpotato,90,20,120,5.04,1145.22,28.5,Kharif
43972,onion,120,60,65,6.02,1111.68,28.64818182,Kharif
19981,rice,80,40,40,5.58,199.2125,21.3,Kharif
63260,onion,120,60,65,5.82,654.34,29.26666667,Kharif
93314,banana,100,75,50,6.34,2169.32,23.73636364,Whole Year
88610,barley,70,40,45,5.58,1111.68,28.64818182,Rabi
68953,sunflower,50,60,30,5.36,884.5,27.65454545,Whole Year
86413,rice,80,40,40,5.38,127.68,20.8,Kharif
16400,sweetpotato,90,20,120,5.06,884.5,27.65454545,Rabi
25043,rapeseed,50,40,20,5.16,127.68,20.8,Rabi
5317,wheat,60,30,30,6.9,127.68,20.8,Rabi
62159,rapeseed,50,40,20,4.88,75.32,22.676,Rabi
76664,rice,80,40,40,5.6,1220.22,27.26666667,Kharif
48313,ragi,50,40,20,5.48,1110.78,25.66666667,Kharif
26587,maize,80,40,20,5.62,331.88,35.34666667,Summer
84594,maize,80,40,20,5.68,579.75,34.01,Kharif
54960,maize,80,40,20,5.58,579.75,34.01,Kharif
7726,soyabean,20,60,20,5.5,607.48,26.36666667,Kharif
88225,rice,80,40,40,5.6,1997.12,27.0,Kharif
62530,rice,80,40,40,5.62,579.75,34.01,Kharif
97319,moong,20,40,20,5.54,1145.22,28.5,Summer
57406,onion,120,60,65,5.94,1026.64,29.18636364,Rabi
35039,papaya,50,50,50,5.88,1111.68,28.64818182,Whole Year
27797,coriander,10,20,20,6.6,1111.68,28.64818182,Rabi
27721,coriander,10,20,20,6.48,1111.68,28.64818182,Rabi
98039,jowar,80,40,40,5.46,510.05,33.37333333,Rabi
83932,onion,120,60,65,5.94,884.5,27.65454545,Kharif
98882,wheat,60,30,30,6.9,75.32,22.676,Rabi
77229,moong,20,40,20,5.48,34.81,34.66666667,Kharif
17233,moong,20,40,20,5.66,34.81,34.66666667,Summer
45326,barley,70,40,45,5.6,70.598,18.92,Rabi
39784,rice,80,40,40,5.68,1166.94,28.33333333,Kharif
98125,maize,80,40,20,5.42,297.66,29.56666667,Kharif
35478,mango,20,20,30,4.9,1111.68,28.64818182,Summer
52041,rapeseed,50,40,20,5.16,73.47,23.562,Rabi
37954,turmeric,25,60,100,5.16,884.5,27.65454545,Kharif
69063,potato,180,60,90,4.98,942.8,28.99454545,Rabi
85735,onion,120,60,65,5.98,654.34,29.26666667,Rabi
1692,jowar,80,40,40,5.52,199.2125,21.3,Kharif
87337,banana,100,75,50,6.5,810.26,29.95636364,Whole Year
40439,banana,100,75,50,6.64,2169.32,23.73636364,Whole Year
83243,cotton,120,40,20,5.54,510.05,33.37333333,Kharif
55666,wheat,60,30,30,6.5,169.82,14.6,Rabi
53101,maize,80,40,20,5.34,1145.22,28.5,Kharif
87094,soyabean,20,60,20,5.38,1151.02,28.03333333,Kharif
39571,maize,80,40,20,5.68,169.82,14.6,Summer
83699,maize,80,40,20,5.6,884.5,27.65454545,Kharif
33162,maize,80,40,20,5.54,1151.02,28.03333333,Summer
86061,potato,180,60,90,5.12,2169.32,23.73636364,Rabi
44849,moong,20,40,20,5.42,607.48,26.36666667,Summer
53047,moong,20,40,20,5.48,113.7,30.26666667,Summer
49169,wheat,60,30,30,6.6,127.68,20.8,Rabi
95145,maize,80,40,20,5.32,199.2125,21.3,Summer
83275,cotton,120,40,20,5.62,510.05,33.37333333,Kharif
35795,wheat,60,30,30,6.9,73.47,23.562,Rabi
63955,banana,100,75,50,6.46,2169.32,23.73636364,Whole Year
60640,potato,180,60,90,5.18,167.38,23.56,Rabi
45451,wheat,60,30,30,6.6,167.38,23.56,Rabi
53405,maize,80,40,20,5.62,167.38,23.56,Kharif
28872,jowar,80,40,40,5.66,1145.22,28.5,Kharif
20787,coriander,10,20,20,6.4,1111.68,28.64818182,Rabi
80571,horsegram,20,60,20,5.88,1246.715,22.6,Rabi
86189,rice,80,40,40,5.58,1543.76,27.33333333,Kharif
6456,rapeseed,50,40,20,5.02,240.1,10.38,Rabi
63697,rice,80,40,40,5.54,127.68,20.8,Kharif
219,soyabean,20,60,20,5.62,1712.66,11.2,Kharif
69721,onion,120,60,65,5.96,34.81,34.66666667,Kharif
69657,sweetpotato,90,20,120,5.04,579.75,34.01,Kharif
93513,jute,80,40,40,5.46,1543.76,27.33333333,Kharif
53835,jowar,80,40,40,5.66,510.05,33.37333333,Rabi
41056,moong,20,40,20,5.52,98.98,34.92333333,Kharif
53671,wheat,60,30,30,6.12,66.52,20.312,Rabi
45083,papaya,50,50,50,6.14,1050.245,18.77818182,Whole Year
52312,turmeric,25,60,100,5.18,1111.68,28.64818182,Kharif
66232,rice,80,40,40,5.44,330.0,29.33333333,Kharif
36061,sunflower,50,60,30,5.44,37.09,27.96666667,Whole Year
12995,sunflower,50,60,30,5.6,157.31,25.83333333,Whole Year
87674,horsegram,20,60,20,6.06,1246.715,22.6,Rabi
23546,barley,70,40,45,5.56,75.32,22.676,Rabi
19777,moong,20,40,20,5.46,664.94,22.03333333,Kharif
49610,moong,20,40,20,5.34,840.46,33.58333333,Summer
47722,onion,120,60,65,6.08,34.81,34.66666667,Kharif
29958,rice,80,40,40,5.42,297.66,29.56666667,Kharif
72736,barley,70,40,45,5.42,293.36,14.7,Rabi
26501,moong,20,40,20,5.44,790.98,30.61666667,Kharif
63255,cotton,120,40,20,5.48,654.34,29.26666667,Kharif
44058,garlic,50,10,60,5.38,1111.68,28.64818182,Rabi
75950,maize,80,40,20,5.42,510.05,33.37333333,Summer
97133,horsegram,20,60,20,5.9,207.55,26.43333333,Rabi
50504,onion,120,60,65,6.04,421.14,28.50727273,Rabi
13896,barley,70,40,45,5.42,73.47,23.562,Rabi
52897,jowar,80,40,40,5.52,207.55,26.43333333,Rabi
33772,maize,80,40,20,5.38,516.68,27.86666667,Kharif
53518,maize,80,40,20,5.44,113.7,30.26666667,Kharif
6509,soyabean,20,60,20,5.4,664.94,22.03333333,Kharif
95280,wheat,60,30,30,6.11,199.2125,21.3,Rabi
920,barley,70,40,45,5.64,87.2,23.106,Rabi
91127,rice,80,40,40,5.6,98.94,25.574,Kharif
40467,rice,80,40,40,5.64,1543.76,27.33333333,Kharif
25355,rice,80,40,40,5.58,497.88,25.03333333,Kharif
54864,maize,80,40,20,5.46,75.32,22.676,Summer
44030,soyabean,20,60,20,5.32,1011.49,30.43,Kharif
70681,sunflower,50,60,30,5.42,288.3,25.46,Whole Year
949,potato,180,60,90,4.98,1026.64,29.18636364,Rabi
90295,onion,120,60,65,6.18,556.2,28.54545455,Kharif
12085,rice,80,40,40,5.58,840.46,33.58333333,Kharif
93160,sweetpotato,90,20,120,5.0,2169.32,23.73636364,Rabi
74010,horsegram,20,60,20,6.06,1011.49,30.43,Rabi
45131,rapeseed,50,40,20,4.86,56.236,15.852,Rabi
55373,maize,80,40,20,5.34,579.75,34.01,Summer
22964,rice,80,40,40,5.46,297.66,29.56666667,Kharif
15985,barley,70,40,45,5.62,19.38,22.766,Rabi
34236,rice,80,40,40,5.6,1246.715,22.6,Kharif
68308,cotton,120,40,20,5.36,510.05,33.37333333,Kharif
8180,maize,80,40,20,5.54,423.745,22.07,Summer
96161,potato,180,60,90,5.12,1111.68,28.64818182,Rabi
53339,onion,120,60,65,5.98,1426.3,26.73636364,Kharif
37715,moong,20,40,20,5.38,297.66,29.56666667,Kharif
61674,turmeric,25,60,100,5.14,884.5,27.65454545,Kharif
95178,banana,100,75,50,6.6,1603.2375,22.89090909,Whole Year
35245,tomato,100,40,90,5.9,1111.68,28.64818182,Whole Year
59419,soyabean,20,60,20,5.38,1011.49,30.43,Kharif
94634,sunflower,50,60,30,5.34,331.88,35.34666667,Whole Year
63413,moong,20,40,20,5.46,654.34,29.26666667,Summer
47658,onion,120,60,65,5.92,34.81,34.66666667,Rabi
6779,rice,80,40,40,5.56,199.2125,21.3,Kharif
23090,banana,100,75,50,6.36,884.5,27.65454545,Whole Year
61458,horsegram,20,60,20,5.9,297.66,29.56666667,Rabi
86847,ragi,50,40,20,5.38,840.46,33.58333333,Kharif
89119,wheat,60,30,30,6.4,1111.68,28.64818182,Rabi
60060,sunflower,50,60,30,5.56,70.11,25.6,Whole Year
18783,moong,20,40,20,5.32,87.2,23.106,Summer
32062,jute,80,40,40,5.6,1543.76,27.33333333,Kharif
18346,potato,180,60,90,5.14,2169.32,23.73636364,Rabi
51770,wheat,60,30,30,6.4,73.47,23.562,Rabi
64369,rice,80,40,40,5.62,87.2,23.106,Kharif
13039,jowar,80,40,40,5.48,199.2125,21.3,Kharif
64811,banana,100,75,50,6.62,810.26,29.95636364,Whole Year
51909,soyabean,20,60,20,5.48,1011.49,30.43,Kharif
38978,wheat,60,30,30,6.7,75.32,22.676,Rabi
43387,banana,100,75,50,6.54,2817.86,27.90909091,Whole Year
51189,jowar,80,40,40,5.42,199.2125,21.3,Rabi
23337,sweetpotato,90,20,120,5.18,942.8,28.99454545,Rabi
8235,maize,80,40,20,5.34,235.4251,26.64666667,Kharif
65358,potato,180,60,90,5.18,122.42,18.58,Rabi
59569,moong,20,40,20,5.5,1011.49,30.43,Summer
96172,coriander,10,20,20,6.56,1111.68,28.64818182,Rabi
13974,coriander,10,20,20,6.32,1111.68,28.64818182,Rabi
83236,jowar,80,40,40,5.32,510.05,33.37333333,Rabi
62971,rice,80,40,40,5.32,1166.94,28.33333333,Kharif
47262,orange,20,10,10,3.94,942.8,28.99454545,Whole Year
23974,maize,80,40,20,5.48,579.75,34.01,Summer
5981,maize,80,40,20,5.52,87.2,23.106,Kharif
98068,rice,80,40,40,5.68,510.05,33.37333333,Kharif
36810,rice,80,40,40,5.66,1145.22,28.5,Kharif
51469,maize,80,40,20,5.54,157.31,25.83333333,Summer
26142,wheat,60,30,30,6.9,94.02,22.38,Rabi
49197,turmeric,25,60,100,5.16,2169.32,23.73636364,Kharif
9830,maize,80,40,20,5.66,1220.22,27.26666667,Summer
34659,turmeric,25,60,100,5.1,1603.2375,22.89090909,Kharif
71773,garlic,50,10,60,5.46,1026.64,29.18636364,Rabi
12579,rice,80,40,40,5.54,331.88,35.34666667,Kharif
81714,maize,80,40,20,5.46,1011.49,30.43,Summer
19418,cotton,120,40,20,5.34,790.98,30.61666667,Kharif
88788,onion,120,60,65,5.98,1111.68,28.64818182,Kharif
41527,potato,180,60,90,5.1,35.214,22.70909091,Rabi
76953,rapeseed,50,40,20,4.82,75.32,22.676,Rabi
94250,sweetpotato,90,20,120,4.9,1299.26,26.51818182,Kharif
2630,maize,80,40,20,5.5,1145.22,28.5,Kharif
89032,soyabean,20,60,20,5.42,1111.68,28.64818182,Kharif
23146,turmeric,25,60,100,5.18,884.5,27.65454545,Kharif
6323,rice,80,40,40,5.56,331.88,35.34666667,Kharif
40307,horsegram,20,60,20,6.12,288.3,25.46,Rabi
79805,onion,120,60,65,6.08,1299.26,26.51818182,Kharif
85345,maize,80,40,20,5.52,1166.94,28.33333333,Kharif
38063,cauliflower,80,70,50,6.4,884.5,27.65454545,Rabi
26593,wheat,60,30,30,6.9,41.3,21.704,Rabi
24865,maize,80,40,20,5.56,288.3,25.46,Kharif
21921,ragi,50,40,20,5.6,1145.22,28.5,Kharif
195,wheat,60,30,30,6.8,241.78,1.18,Rabi
21105,rice,80,40,40,5.4,1011.49,30.43,Kharif
43172,horsegram,20,60,20,5.86,199.2125,21.3,Rabi
93217,rice,80,40,40,5.32,1543.76,27.33333333,Kharif
98077,potato,180,60,90,4.96,556.2,28.54545455,Rabi
52230,horsegram,20,60,20,6.16,1011.49,30.43,Kharif
14529,rice,80,40,40,5.56,607.48,26.36666667,Kharif
18045,wheat,60,30,30,6.3,241.78,1.18,Rabi
12106,moong,20,40,20,5.48,87.2,23.106,Summer
49022,rice,80,40,40,5.68,1712.66,11.2,Kharif
47551,rice,80,40,40,5.4,34.81,34.66666667,Kharif
7701,maize,80,40,20,5.44,1011.49,30.43,Kharif
46061,barley,70,40,45,5.52,19.38,22.766,Rabi
95519,maize,80,40,20,5.44,157.31,25.83333333,Kharif
95823,blackpepper,100,60,50,4.86,2817.86,27.90909091,Whole Year
19274,sunflower,50,60,30,5.66,1151.02,28.03333333,Whole Year
8035,rice,80,40,40,5.36,607.48,26.36666667,Kharif
69038,coriander,10,20,20,6.5,942.8,28.99454545,Rabi
75336,rapeseed,50,40,20,5.0,167.38,23.56,Rabi
84026,coriander,10,20,20,6.48,942.8,28.99454545,Rabi
54727,turmeric,25,60,100,5.12,942.8,28.99454545,Kharif
16726,wheat,60,30,30,6.1,75.32,22.676,Rabi
38602,wheat,60,30,30,6.11,145.76,21.66,Rabi
10676,barley,70,40,45,5.46,75.32,22.676,Rabi
25535,maize,80,40,20,5.66,840.46,33.58333333,Kharif
54023,barley,70,40,45,5.54,19.38,22.766,Rabi
91191,rice,80,40,40,5.54,1220.22,27.26666667,Kharif
74401,potato,180,60,90,4.92,1111.68,28.64818182,Rabi
33474,onion,120,60,65,6.08,421.14,28.50727273,Rabi
73710,sunflower,50,60,30,5.52,199.2125,21.3,Whole Year
87000,soyabean,20,60,20,5.64,1151.02,28.03333333,Kharif
17109,barley,70,40,45,5.44,75.32,22.676,Rabi
1309,jowar,80,40,40,5.62,790.98,30.61666667,Rabi
82647,rapeseed,50,40,20,5.12,167.38,23.56,Rabi
96511,jowar,80,40,40,5.42,1011.49,30.43,Kharif
78870,rice,80,40,40,5.44,127.68,20.8,Kharif
14180,wheat,60,30,30,6.11,73.47,23.562,Rabi
93573,onion,120,60,65,5.9,2169.32,23.73636364,Rabi
78962,maize,80,40,20,5.58,1543.76,27.33333333,Summer
84400,potato,180,60,90,4.9,75.32,22.676,Rabi
44000,sweetpotato,90,20,120,4.98,1111.68,28.64818182,Kharif
7863,wheat,60,30,30,6.4,70.11,25.6,Rabi
90658,moong,20,40,20,5.42,884.5,27.65454545,Kharif
76496,ragi,50,40,20,5.58,884.5,27.65454545,Kharif
47270,onion,120,60,65,5.92,770.44,28.68,Kharif
34201,potato,180,60,90,4.92,1603.2375,22.89090909,Rabi
32004,sweetpotato,90,20,120,4.94,2169.32,23.73636364,Kharif
34199,mango,20,20,30,4.88,1603.2375,22.89090909,Summer
13726,coriander,10,20,20,6.54,1111.68,28.64818182,Rabi
56041,jowar,80,40,40,5.34,654.34,29.26666667,Rabi
16249,sunflower,50,60,30,5.34,297.66,29.56666667,Whole Year
98236,moong,20,40,20,5.56,297.66,29.56666667,Summer
75855,soyabean,20,60,20,5.64,510.05,33.37333333,Kharif
34596,moong,20,40,20,5.34,199.2125,21.3,Summer
300,rice,80,40,40,5.58,1543.76,27.33333333,Kharif
55845,rice,80,40,40,5.46,152.54,22.28,Kharif
78998,moong,20,40,20,5.38,840.46,33.58333333,Summer
4656,potato,180,60,90,5.16,1501.98,25.81818182,Rabi
25971,garlic,50,10,60,5.56,1026.64,29.18636364,Rabi
99556,onion,120,60,65,6.18,1411.78,19.94545455,Rabi
91580,coriander,10,20,20,6.42,75.32,22.676,Rabi
9814,sunflower,50,60,30,5.42,98.94,25.574,Whole Year
71336,sweetpotato,90,20,120,4.9,1026.64,29.18636364,Rabi
88076,cotton,120,40,20,5.5,1603.2375,22.89090909,Kharif
38628,rapeseed,50,40,20,5.12,75.32,22.676,Rabi
6105,potato,180,60,90,4.82,35.214,22.70909091,Rabi
54461,maize,80,40,20,5.66,297.66,29.56666667,Kharif
26122,sunflower,50,60,30,5.36,1151.02,28.03333333,Whole Year
28358,maize,80,40,20,5.36,607.48,26.36666667,Kharif
11114,maize,80,40,20,5.46,654.34,29.26666667,Kharif
64494,potato,180,60,90,4.94,94.02,22.38,Rabi
34665,ragi,50,40,20,5.62,1246.715,22.6,Kharif
98519,moong,20,40,20,5.4,579.75,34.01,Kharif
57542,wheat,60,30,30,6.8,94.02,22.38,Rabi
3635,cotton,120,40,20,5.48,770.44,28.68,Kharif
63424,ragi,50,40,20,5.58,288.3,25.46,Kharif
37060,barley,70,40,45,5.62,66.52,20.312,Rabi
50247,sweetpotato,90,20,120,4.96,1299.26,26.51818182,Kharif
89503,rice,80,40,40,5.46,235.4251,26.64666667,Kharif
43378,sweetpotato,90,20,120,4.9,2817.86,27.90909091,Kharif
25529,coriander,10,20,20,6.44,1026.64,29.18636364,Rabi
91713,rice,80,40,40,5.32,34.81,34.66666667,Kharif
758,rapeseed,50,40,20,4.92,87.2,23.106,Rabi
21779,sunflower,50,60,30,5.66,70.598,18.92,Whole Year
91688,barley,70,40,45,5.66,75.32,22.676,Rabi
38791,rice,80,40,40,5.38,34.81,34.66666667,Kharif
70954,maize,80,40,20,5.52,1543.76,27.33333333,Kharif
30500,potato,180,60,90,5.18,689.88,29.03727273,Rabi
14900,rice,80,40,40,5.34,113.7,30.26666667,Kharif
32452,potato,180,60,90,4.86,1026.64,29.18636364,Rabi
14771,maize,80,40,20,5.58,207.55,26.43333333,Kharif
16512,maize,80,40,20,5.5,770.44,28.68,Kharif
14521,soyabean,20,60,20,5.58,607.48,26.36666667,Kharif
90090,ragi,50,40,20,5.52,10.265748,25.76,Kharif
21196,soyabean,20,60,20,5.32,1011.49,30.43,Kharif
87309,wheat,60,30,30,6.4,15.34,27.276,Rabi
92259,barley,70,40,45,5.66,75.32,22.676,Rabi
38987,onion,120,60,65,5.92,75.32,22.676,Rabi
76951,onion,120,60,65,5.88,75.32,22.676,Kharif
87392,jowar,80,40,40,5.52,331.88,35.34666667,Rabi
18734,jute,80,40,40,5.38,840.46,33.58333333,Kharif
6213,onion,120,60,65,6.1,810.26,29.95636364,Kharif
25783,onion,120,60,65,5.88,1026.64,29.18636364,Rabi
96862,cotton,120,40,20,5.62,607.48,26.36666667,Kharif
4513,rapeseed,50,40,20,5.06,75.32,22.676,Rabi
84820,moong,20,40,20,5.36,579.75,34.01,Summer
92264,rapeseed,50,40,20,4.92,75.32,22.676,Rabi
62779,onion,120,60,65,6.02,689.88,29.03727273,Kharif
50598,rapeseed,50,40,20,5.16,41.3,21.704,Rabi
98830,barley,70,40,45,5.62,75.32,22.676,Rabi
6455,potato,180,60,90,4.94,240.1,10.38,Rabi
6700,rice,80,40,40,5.5,1246.715,22.6,Kharif
1824,turmeric,25,60,100,5.16,1603.2375,22.89090909,Kharif
55358,banana,100,75,50,6.32,689.88,29.03727273,Whole Year
18702,horsegram,20,60,20,5.96,840.46,33.58333333,Rabi
83430,barley,70,40,45,5.6,19.38,22.766,Rabi
83405,barley,70,40,45,5.48,19.38,22.766,Rabi
31627,potato,180,60,90,5.04,1037.32,28.08181818,Rabi
61834,onion,120,60,65,5.86,770.44,28.68,Rabi
31847,maize,80,40,20,5.42,1712.66,11.2,Kharif
45559,jute,80,40,40,5.32,1145.22,28.5,Kharif
48463,sunflower,50,60,30,5.56,1166.94,28.33333333,Whole Year
25580,onion,120,60,65,6.04,1026.64,29.18636364,Rabi
40842,barley,70,40,45,5.4,87.2,23.106,Rabi
76800,maize,80,40,20,5.68,579.75,34.01,Kharif
52651,soyabean,20,60,20,5.58,70.11,25.6,Kharif
61003,rapeseed,50,40,20,5.14,19.38,22.766,Rabi
6423,wheat,60,30,30,6.5,41.3,21.704,Rabi
80744,coriander,10,20,20,6.4,1603.2375,22.89090909,Rabi
2309,maize,80,40,20,5.64,70.11,25.6,Summer
24355,rice,80,40,40,5.54,169.82,14.6,Kharif
69576,maize,80,40,20,5.54,579.75,34.01,Summer
2267,rice,80,40,40,5.64,607.48,26.36666667,Kharif
8866,wheat,60,30,30,6.1,19.38,22.766,Rabi
82416,maize,80,40,20,5.34,423.745,22.07,Summer
41724,banana,100,75,50,6.4,1299.26,26.51818182,Whole Year
57490,turmeric,25,60,100,4.92,1026.64,29.18636364,Kharif
47294,sweetpotato,90,20,120,5.18,942.8,28.99454545,Rabi
40859,maize,80,40,20,5.42,840.46,33.58333333,Kharif
20546,maize,80,40,20,5.4,157.31,25.83333333,Kharif
18331,rice,80,40,40,5.44,497.88,25.03333333,Kharif
5348,banana,100,75,50,6.36,2169.32,23.73636364,Whole Year
13688,rice,80,40,40,5.34,1011.49,30.43,Kharif
73850,banana,100,75,50,6.48,2817.86,27.90909091,Whole Year
12724,wheat,60,30,30,6.4,240.1,10.38,Rabi
78760,blackpepper,100,60,50,5.18,2169.32,23.73636364,Whole Year
93502,wheat,60,30,30,6.9,127.68,20.8,Rabi
57618,sweetpotato,90,20,120,5.16,1299.26,26.51818182,Kharif
61927,ragi,50,40,20,5.36,98.94,25.574,Kharif
89124,garlic,50,10,60,5.36,1111.68,28.64818182,Rabi
47919,turmeric,25,60,100,4.92,689.88,29.03727273,Kharif
41195,rice,80,40,40,5.38,87.2,23.106,Kharif
28792,potato,180,60,90,4.92,700.241,22.19090909,Rabi
88582,onion,120,60,65,5.86,1111.68,28.64818182,Kharif
31072,garlic,50,10,60,5.54,1411.78,19.94545455,Rabi
87815,onion,120,60,65,5.84,199.2125,21.3,Rabi
97922,wheat,60,30,30,6.4,19.38,22.766,Rabi
18815,sunflower,50,60,30,5.64,840.46,33.58333333,Whole Year
51634,rice,80,40,40,5.38,330.0,29.33333333,Kharif
7646,maize,80,40,20,5.34,1011.49,30.43,Kharif
39372,rapeseed,50,40,20,4.86,75.32,22.676,Rabi
31680,rice,80,40,40,5.58,288.3,25.46,Kharif
76375,potato,180,60,90,5.08,884.5,27.65454545,Rabi
86748,wheat,60,30,30,6.7,87.2,23.106,Rabi
77536,wheat,60,30,30,6.11,75.32,22.676,Rabi
80225,rice,80,40,40,5.68,331.88,35.34666667,Kharif
6347,moong,20,40,20,5.68,331.88,35.34666667,Summer
75951,moong,20,40,20,5.6,510.05,33.37333333,Summer
70756,rice,80,40,40,5.66,1712.66,11.2,Kharif
12450,banana,100,75,50,6.52,810.26,29.95636364,Whole Year
66283,coriander,10,20,20,6.32,1111.68,28.64818182,Rabi
37501,garlic,50,10,60,5.64,556.2,28.54545455,Rabi
3725,sunflower,50,60,30,5.48,75.32,22.676,Whole Year
56090,moong,20,40,20,5.46,654.34,29.26666667,Kharif
11056,potato,180,60,90,4.94,1501.98,25.81818182,Rabi
63971,banana,100,75,50,6.5,2169.32,23.73636364,Whole Year
36433,moong,20,40,20,5.58,85.24316,21.482,Kharif
96237,turmeric,25,60,100,5.08,1111.68,28.64818182,Kharif
13380,jowar,80,40,40,5.68,199.2125,21.3,Kharif
12385,rice,80,40,40,5.42,790.98,30.61666667,Kharif
12298,horsegram,20,60,20,6.18,840.46,33.58333333,Kharif
7911,rapeseed,50,40,20,4.88,70.11,25.6,Rabi
87587,jowar,80,40,40,5.32,199.2125,21.3,Kharif
24627,maize,80,40,20,5.34,1166.94,28.33333333,Kharif
28637,onion,120,60,65,6.02,1350.025,26.01818182,Kharif
6108,ragi,50,40,20,5.4,168.257,28.22333333,Kharif
88072,banana,100,75,50,6.44,1603.2375,22.89090909,Whole Year
90180,rice,80,40,40,5.44,510.05,33.37333333,Kharif
58468,wheat,60,30,30,6.11,122.42,18.58,Rabi
77749,rice,80,40,40,5.32,1110.78,25.66666667,Kharif
63358,onion,120,60,65,5.88,288.3,25.46,Kharif
37245,jowar,80,40,40,5.38,510.05,33.37333333,Rabi
78767,rice,80,40,40,5.58,1543.76,27.33333333,Kharif
12387,cotton,120,40,20,5.32,790.98,30.61666667,Kharif
10536,maize,80,40,20,5.34,579.75,34.01,Kharif
3027,maize,80,40,20,5.5,510.05,33.37333333,Summer
81694,garlic,50,10,60,5.48,1111.68,28.64818182,Rabi
11402,maize,80,40,20,5.42,1543.76,27.33333333,Kharif
26191,moong,20,40,20,5.44,94.02,22.38,Kharif
12658,wheat,60,30,30,6.6,41.3,21.704,Rabi
41966,moong,20,40,20,5.48,790.98,30.61666667,Summer
42214,barley,70,40,45,5.62,41.3,21.704,Rabi
99760,rapeseed,50,40,20,5.04,152.54,22.28,Rabi
30922,turmeric,25,60,100,4.98,689.88,29.03727273,Kharif
17911,horsegram,20,60,20,5.82,288.3,25.46,Kharif
94083,horsegram,20,60,20,5.94,94.02,22.38,Kharif
6767,moong,20,40,20,5.5,1246.715,22.6,Summer
74342,onion,120,60,65,5.9,1111.68,28.64818182,Kharif
52139,rapeseed,50,40,20,5.1,73.47,23.562,Rabi
51215,rapeseed,50,40,20,5.0,199.2125,21.3,Rabi
5353,turmeric,25,60,100,5.06,2169.32,23.73636364,Kharif
18475,coriander,10,20,20,6.6,1026.64,29.18636364,Rabi
72386,wheat,60,30,30,6.5,15.34,27.276,Rabi
60627,rice,80,40,40,5.56,167.38,23.56,Kharif
45049,onion,120,60,65,5.92,1350.025,26.01818182,Kharif
6851,horsegram,20,60,20,5.84,199.2125,21.3,Kharif
1032,coriander,10,20,20,6.36,1026.64,29.18636364,Rabi
53107,maize,80,40,20,5.56,113.7,30.26666667,Summer
78813,banana,100,75,50,6.48,2169.32,23.73636364,Whole Year
87447,maize,80,40,20,5.44,331.88,35.34666667,Summer
7128,jowar,80,40,40,5.68,157.31,25.83333333,Kharif
8525,moong,20,40,20,5.4,113.7,30.26666667,Summer
22285,jowar,80,40,40,5.36,1145.22,28.5,Rabi
86933,maize,80,40,20,5.32,1151.02,28.03333333,Summer
19931,turmeric,25,60,100,5.16,1089.6,20.70909091,Kharif
81610,rapeseed,50,40,20,4.88,73.47,23.562,Rabi
62896,soyabean,20,60,20,5.66,1110.78,25.66666667,Kharif
65758,ragi,50,40,20,5.62,1246.715,22.6,Kharif
454,wheat,60,30,30,6.12,127.68,20.8,Rabi
88528,moong,20,40,20,5.46,73.47,23.562,Kharif
60671,maize,80,40,20,5.5,1145.22,28.5,Kharif
87730,horsegram,20,60,20,6.12,1246.715,22.6,Kharif
71320,rice,80,40,40,5.6,840.46,33.58333333,Kharif
64159,moong,20,40,20,5.54,840.46,33.58333333,Kharif
46593,cabbage,100,65,70,6.58,884.5,27.65454545,Rabi
20796,rapeseed,50,40,20,4.88,73.47,23.562,Rabi
46134,sweetpotato,90,20,120,4.82,556.2,28.54545455,Rabi
30156,wheat,60,30,30,7.0,98.94,25.574,Rabi
30686,sunflower,50,60,30,5.38,579.75,34.01,Whole Year
50722,wheat,60,30,30,6.3,293.36,14.7,Rabi
7298,sweetpotato,90,20,120,5.12,2817.86,27.90909091,Kharif
50704,jowar,80,40,40,5.32,516.68,27.86666667,Kharif
33636,rice,80,40,40,5.62,664.94,22.03333333,Kharif
72256,maize,80,40,20,5.38,790.98,30.61666667,Summer
23644,rapeseed,50,40,20,5.1,75.32,22.676,Rabi
81774,wheat,60,30,30,6.8,73.47,23.562,Rabi
29556,potato,180,60,90,5.0,556.2,28.54545455,Rabi
22199,moong,20,40,20,5.4,1145.22,28.5,Summer
73093,rice,80,40,40,5.48,1246.715,22.6,Kharif
48349,ragi,50,40,20,5.66,1110.78,25.66666667,Kharif
91988,rice,80,40,40,5.48,579.75,34.01,Kharif
76542,moong,20,40,20,5.46,98.94,25.574,Summer
55291,garlic,50,10,60,5.44,689.88,29.03727273,Rabi
89129,rice,80,40,40,5.4,1111.68,28.64818182,Kharif
61436,turmeric,25,60,100,4.82,884.5,27.65454545,Kharif
71864,rapeseed,50,40,20,5.18,87.2,23.106,Rabi
85346,rice,80,40,40,5.52,1166.94,28.33333333,Kharif
21489,rice,80,40,40,5.34,607.48,26.36666667,Kharif
4654,jowar,80,40,40,5.58,1501.98,25.81818182,Kharif
11861,sweetpotato,90,20,120,4.92,1026.64,29.18636364,Kharif
23879,turmeric,25,60,100,4.88,689.88,29.03727273,Kharif
29260,ragi,50,40,20,5.64,1145.22,28.5,Kharif
55950,rice,80,40,40,5.36,182.5,29.2,Kharif
36542,wheat,60,30,30,6.9,70.598,18.92,Rabi
10762,potato,180,60,90,4.86,689.88,29.03727273,Rabi
2468,rapeseed,50,40,20,4.98,235.4251,26.64666667,Rabi
48272,barley,70,40,45,5.56,169.82,14.6,Rabi
76730,maize,80,40,20,5.32,579.75,34.01,Kharif
74963,rapeseed,50,40,20,4.86,40.023,23.14,Rabi
4580,potato,180,60,90,4.94,689.88,29.03727273,Rabi
5938,maize,80,40,20,5.54,840.46,33.58333333,Summer
15824,rapeseed,50,40,20,4.98,19.38,22.766,Rabi
79032,maize,80,40,20,5.58,87.2,23.106,Summer
74243,wheat,60,30,30,6.4,73.47,23.562,Rabi
10639,ragi,50,40,20,5.68,579.75,34.01,Kharif
15968,moong,20,40,20,5.4,510.05,33.37333333,Kharif
88024,sunflower,50,60,30,5.5,157.31,25.83333333,Whole Year
40918,rice,80,40,40,5.54,98.98,34.92333333,Kharif
7117,ragi,50,40,20,5.66,1246.715,22.6,Kharif
90790,cotton,120,40,20,5.5,884.5,27.65454545,Kharif
52405,wheat,60,30,30,6.4,70.11,25.6,Rabi
47828,wheat,60,30,30,6.12,75.32,22.676,Rabi
47255,banana,100,75,50,6.52,942.8,28.99454545,Whole Year
57833,rice,80,40,40,5.44,790.98,30.61666667,Kharif
95677,sunflower,50,60,30,5.68,199.2125,21.3,Whole Year
69383,maize,80,40,20,5.6,579.75,34.01,Summer
13812,coriander,10,20,20,6.58,1111.68,28.64818182,Rabi
56338,maize,80,40,20,5.56,1712.66,11.2,Summer
66548,banana,100,75,50,6.34,1111.68,28.64818182,Whole Year
80899,jowar,80,40,40,5.34,157.31,25.83333333,Rabi
80120,moong,20,40,20,5.46,331.88,35.34666667,Kharif
98073,wheat,60,30,30,6.7,19.38,22.766,Rabi
27234,horsegram,20,60,20,6.04,199.2125,21.3,Rabi
41669,rice,80,40,40,5.44,1151.02,28.03333333,Kharif
59755,soyabean,20,60,20,5.36,1011.49,30.43,Kharif
35184,coriander,10,20,20,6.56,1111.68,28.64818182,Rabi
45155,sweetpotato,90,20,120,4.92,1050.245,18.77818182,Rabi
76602,maize,80,40,20,5.58,98.94,25.574,Kharif
53543,maize,80,40,20,5.64,113.7,30.26666667,Kharif
1003,rice,80,40,40,5.52,840.46,33.58333333,Kharif
55139,sunflower,50,60,30,5.62,34.81,34.66666667,Whole Year
43072,onion,120,60,65,5.92,1603.2375,22.89090909,Kharif
50829,wheat,60,30,30,7.0,122.42,18.58,Rabi
65493,horsegram,20,60,20,6.1,1246.715,22.6,Rabi
35217,wheat,60,30,30,6.11,73.47,23.562,Rabi
75114,wheat,60,30,30,6.3,70.598,18.92,Rabi
16046,cotton,120,40,20,5.68,297.66,29.56666667,Kharif
44224,barley,70,40,45,5.64,73.47,23.562,Rabi
32824,onion,120,60,65,6.06,1026.64,29.18636364,Rabi
89540,moong,20,40,20,5.34,207.55,26.43333333,Kharif
23335,wheat,60,30,30,6.3,98.94,25.574,Rabi
56418,rice,80,40,40,5.66,497.88,25.03333333,Kharif
31671,rice,80,40,40,5.4,654.34,29.26666667,Kharif
35124,jowar,80,40,40,5.62,1011.49,30.43,Rabi
35267,sweetpotato,90,20,120,4.92,1111.68,28.64818182,Rabi
36089,sunflower,50,60,30,5.64,607.48,26.36666667,Whole Year
6569,potato,180,60,90,5.02,240.1,10.38,Rabi
75171,wheat,60,30,30,6.11,113.7,30.26666667,Rabi
44988,bittergourd,60,10,20,6.68,1350.025,26.01818182,Kharif
16730,turmeric,25,60,100,4.86,689.88,29.03727273,Kharif
39461,onion,120,60,65,5.82,34.81,34.66666667,Kharif
52867,maize,80,40,20,5.38,85.24316,21.482,Kharif
20014,jowar,80,40,40,5.66,157.31,25.83333333,Rabi
40111,horsegram,20,60,20,6.1,654.34,29.26666667,Rabi
76754,moong,20,40,20,5.6,34.81,34.66666667,Kharif
45403,maize,80,40,20,5.58,1145.22,28.5,Summer
74350,soyabean,20,60,20,5.68,1011.49,30.43,Kharif
55846,rice,80,40,40,5.44,1166.94,28.33333333,Kharif
4243,maize,80,40,20,5.48,579.75,34.01,Kharif
16435,moong,20,40,20,5.66,297.66,29.56666667,Summer
7200,onion,120,60,65,5.94,157.31,25.83333333,Kharif
11922,moong,20,40,20,5.32,840.46,33.58333333,Kharif
98497,wheat,60,30,30,6.7,145.76,21.66,Rabi
44218,turmeric,25,60,100,5.1,1111.68,28.64818182,Kharif
51207,moong,20,40,20,5.36,1246.715,22.6,Kharif
55389,barley,70,40,45,5.34,75.32,22.676,Rabi
34652,blackpepper,100,60,50,4.92,1603.2375,22.89090909,Whole Year
35681,mango,20,20,30,4.84,1111.68,28.64818182,Summer
59990,soyabean,20,60,20,5.32,607.48,26.36666667,Kharif
40598,moong,20,40,20,5.5,127.68,20.8,Summer
43850,barley,70,40,45,5.42,73.47,23.562,Rabi
71866,maize,80,40,20,5.62,98.98,34.92333333,Summer
16644,moong,20,40,20,5.44,34.81,34.66666667,Summer
56242,sweetpotato,90,20,120,5.18,1037.32,28.08181818,Kharif
94295,sweetpotato,90,20,120,4.86,1299.26,26.51818182,Rabi
2605,horsegram,20,60,20,5.88,167.38,23.56,Kharif
4413,moong,20,40,20,5.48,34.81,34.66666667,Kharif
87594,jowar,80,40,40,5.42,157.31,25.83333333,Rabi
70654,maize,80,40,20,5.68,654.34,29.26666667,Kharif
62615,rice,80,40,40,5.32,579.75,34.01,Kharif
63997,rapeseed,50,40,20,4.88,127.68,20.8,Rabi
85285,rice,80,40,40,5.5,1110.78,25.66666667,Kharif
22961,maize,80,40,20,5.38,297.66,29.56666667,Summer
92404,maize,80,40,20,5.6,1110.78,25.66666667,Summer
20942,wheat,60,30,30,6.5,73.47,23.562,Rabi
6835,sunflower,50,60,30,5.56,199.2125,21.3,Whole Year
20423,rice,80,40,40,5.64,157.31,25.83333333,Kharif
73538,onion,120,60,65,6.14,199.2125,21.3,Kharif
11000,rice,80,40,40,5.52,152.54,22.28,Kharif
62095,turmeric,25,60,100,4.82,75.32,22.676,Kharif
26729,maize,80,40,20,5.64,664.94,22.03333333,Summer
23211,cotton,120,40,20,5.68,297.66,29.56666667,Kharif
81564,barley,70,40,45,5.6,73.47,23.562,Rabi
56155,turmeric,25,60,100,4.92,1037.32,28.08181818,Kharif
15113,rice,80,40,40,5.4,113.7,30.26666667,Kharif
29636,soyabean,20,60,20,5.4,510.05,33.37333333,Kharif
72647,barley,70,40,45,5.36,240.1,10.38,Rabi
36585,jowar,80,40,40,5.58,1145.22,28.5,Rabi
27695,coriander,10,20,20,6.36,1111.68,28.64818182,Rabi
60835,rice,80,40,40,5.42,1145.22,28.5,Kharif
94877,barley,70,40,45,5.34,240.1,10.38,Rabi
86919,rice,80,40,40,5.66,1151.02,28.03333333,Kharif
41332,wheat,60,30,30,6.5,87.2,23.106,Rabi
55463,sweetpotato,90,20,120,4.82,689.88,29.03727273,Kharif
41217,maize,80,40,20,5.34,87.2,23.106,Kharif
62296,sunflower,50,60,30,5.62,34.81,34.66666667,Whole Year
17200,potato,180,60,90,5.12,689.88,29.03727273,Rabi
93241,rapeseed,50,40,20,4.84,127.68,20.8,Rabi
9965,maize,80,40,20,5.52,34.81,34.66666667,Summer
63684,maize,80,40,20,5.6,1543.76,27.33333333,Summer
49005,maize,80,40,20,5.56,1712.66,11.2,Kharif
5146,maize,80,40,20,5.42,1543.76,27.33333333,Kharif
34200,onion,120,60,65,6.14,1603.2375,22.89090909,Rabi
43864,turmeric,25,60,100,5.08,1111.68,28.64818182,Kharif
84100,maize,80,40,20,5.48,98.94,25.574,Kharif
16958,barley,70,40,45,5.56,75.32,22.676,Rabi
86538,rice,80,40,40,5.5,98.98,34.92333333,Kharif
91759,jowar,80,40,40,5.5,579.75,34.01,Rabi
34667,sunflower,50,60,30,5.4,1246.715,22.6,Whole Year
75894,onion,120,60,65,6.12,556.2,28.54545455,Kharif
64901,rice,80,40,40,5.38,790.98,30.61666667,Kharif
43510,cauliflower,80,70,50,6.58,1111.68,28.64818182,Rabi
2322,rice,80,40,40,5.32,607.48,26.36666667,Kharif
63574,wheat,60,30,30,6.12,241.78,1.18,Rabi
55574,banana,100,75,50,6.68,689.88,29.03727273,Whole Year
88113,maize,80,40,20,5.4,157.31,25.83333333,Kharif
70887,jute,80,40,40,5.58,1543.76,27.33333333,Kharif
83110,wheat,60,30,30,6.8,66.52,20.312,Rabi
3699,rice,80,40,40,5.52,98.94,25.574,Kharif
84223,maize,80,40,20,5.66,75.32,22.676,Summer
53663,wheat,60,30,30,6.7,66.52,20.312,Rabi
1807,coriander,10,20,20,6.5,1603.2375,22.89090909,Rabi
57356,rapeseed,50,40,20,5.1,87.2,23.106,Rabi
698,ragi,50,40,20,5.34,1026.64,29.18636364,Kharif
28890,rice,80,40,40,5.48,1145.22,28.5,Kharif
28740,soyabean,20,60,20,5.38,235.4251,26.64666667,Kharif
51854,wheat,60,30,30,6.8,73.47,23.562,Rabi
74659,soyabean,20,60,20,5.32,607.48,26.36666667,Kharif
52688,banana,100,75,50,6.44,1350.025,26.01818182,Whole Year
68302,moong,20,40,20,5.4,510.05,33.37333333,Kharif
96997,rice,80,40,40,5.46,56.236,15.852,Kharif
21908,rice,80,40,40,5.62,113.7,30.26666667,Kharif
77977,rice,80,40,40,5.54,152.54,22.28,Kharif
965,potato,180,60,90,4.82,1026.64,29.18636364,Rabi
21272,barley,70,40,45,5.5,73.47,23.562,Rabi
76205,rice,80,40,40,5.64,297.66,29.56666667,Kharif
61962,moong,20,40,20,5.48,145.76,21.66,Summer
21731,rapeseed,50,40,20,5.16,56.236,15.852,Rabi
29674,rapeseed,50,40,20,5.18,19.38,22.766,Rabi
71538,wheat,60,30,30,6.3,87.2,23.106,Rabi
51043,rice,80,40,40,5.36,199.2125,21.3,Kharif
68016,rice,80,40,40,5.4,10.265748,25.76,Kharif
92409,soyabean,20,60,20,5.34,1110.78,25.66666667,Kharif
11946,rapeseed,50,40,20,4.84,87.2,23.106,Rabi
52351,coriander,10,20,20,6.56,1111.68,28.64818182,Rabi
81657,potato,180,60,90,5.16,1111.68,28.64818182,Rabi
92648,rapeseed,50,40,20,5.04,152.54,22.28,Rabi
15514,cotton,120,40,20,5.52,411.52,34.73,Kharif
79742,coriander,10,20,20,6.4,1299.26,26.51818182,Rabi
30784,maize,80,40,20,5.68,75.32,22.676,Kharif
74730,sunflower,50,60,30,5.34,70.11,25.6,Whole Year
2099,soyabean,20,60,20,5.32,1011.49,30.43,Kharif
81863,maize,80,40,20,5.38,1011.49,30.43,Summer
52069,rapeseed,50,40,20,4.86,73.47,23.562,Rabi
84852,potato,180,60,90,5.16,75.32,22.676,Rabi
78949,rapeseed,50,40,20,5.02,127.68,20.8,Rabi
75342,rice,80,40,40,5.5,1145.22,28.5,Kharif
40979,barley,70,40,45,5.6,87.2,23.106,Rabi
66071,horsegram,20,60,20,5.98,199.2125,21.3,Kharif
25997,moong,20,40,20,5.68,840.46,33.58333333,Kharif
99012,moong,20,40,20,5.46,34.81,34.66666667,Summer
58707,sunflower,50,60,30,5.46,1246.715,22.6,Whole Year
68043,rapeseed,50,40,20,5.18,66.52,20.312,Rabi
19263,potato,180,60,90,4.98,1299.26,26.51818182,Rabi
82876,ragi,50,40,20,5.36,1145.22,28.5,Kharif
32809,horsegram,20,60,20,6.16,840.46,33.58333333,Kharif
8169,maize,80,40,20,5.42,423.745,22.07,Summer
26698,wheat,60,30,30,6.9,240.1,10.38,Rabi
33233,sweetpotato,90,20,120,5.12,1299.26,26.51818182,Rabi
32384,sweetpotato,90,20,120,5.04,1026.64,29.18636364,Kharif
84203,moong,20,40,20,5.52,579.75,34.01,Summer
3791,moong,20,40,20,5.46,34.81,34.66666667,Summer
29199,turmeric,25,60,100,4.88,1426.3,26.73636364,Kharif
55688,wheat,60,30,30,6.7,169.82,14.6,Rabi
78831,blackpepper,100,60,50,4.98,2169.32,23.73636364,Whole Year
19845,maize,80,40,20,5.44,664.94,22.03333333,Summer
79288,maize,80,40,20,5.54,98.98,34.92333333,Summer
35594,cauliflower,80,70,50,6.6,1111.68,28.64818182,Rabi
68611,potato,180,60,90,4.98,884.5,27.65454545,Rabi
16670,maize,80,40,20,5.32,579.75,34.01,Summer
8880,coriander,10,20,20,6.48,556.2,28.54545455,Rabi
14346,sunflower,50,60,30,5.48,607.48,26.36666667,Whole Year
12896,wheat,60,30,30,6.11,199.2125,21.3,Rabi
60310,moong,20,40,20,5.52,235.4251,26.64666667,Kharif
58193,wheat,60,30,30,6.3,240.1,10.38,Rabi
43455,pineapple,160,40,120,6.54,2817.86,27.90909091,Whole Year
24494,jowar,80,40,40,5.44,1166.94,28.33333333,Rabi
29823,soyabean,20,60,20,5.52,1875.6,20.1,Kharif
73884,rice,80,40,40,5.6,330.0,29.33333333,Kharif
33106,potato,180,60,90,4.9,1299.26,26.51818182,Rabi
32373,maize,80,40,20,5.68,87.2,23.106,Summer
59692,soyabean,20,60,20,5.54,1011.49,30.43,Kharif
24397,wheat,60,30,30,6.8,169.82,14.6,Rabi
79093,potato,180,60,90,4.82,840.46,33.58333333,Rabi
66528,rapeseed,50,40,20,5.16,73.47,23.562,Rabi
78457,turmeric,25,60,100,4.96,2569.52,4.9,Kharif
69279,onion,120,60,65,6.08,34.81,34.66666667,Kharif
84903,wheat,60,30,30,6.4,75.32,22.676,Rabi
60950,barley,70,40,45,5.62,19.38,22.766,Rabi
49293,turmeric,25,60,100,5.1,2169.32,23.73636364,Kharif
16069,rice,80,40,40,5.64,297.66,29.56666667,Kharif
45826,moong,20,40,20,5.4,411.52,34.73,Summer
31846,turmeric,25,60,100,5.18,2569.52,4.9,Kharif
14792,moong,20,40,20,5.5,207.55,26.43333333,Summer
18145,rice,80,40,40,5.4,1543.76,27.33333333,Kharif
34384,moong,20,40,20,5.68,199.2125,21.3,Kharif
12959,rice,80,40,40,5.4,1246.715,22.6,Kharif
92157,moong,20,40,20,5.52,34.81,34.66666667,Summer
4498,maize,80,40,20,5.6,579.75,34.01,Kharif
27393,horsegram,20,60,20,5.86,1246.715,22.6,Kharif
62760,potato,180,60,90,5.08,75.32,22.676,Rabi
5157,turmeric,25,60,100,5.0,2169.32,23.73636364,Kharif
60338,rice,80,40,40,5.68,742.0124,24.59818182,Kharif
99337,wheat,60,30,30,6.9,75.32,22.676,Rabi
22039,rice,80,40,40,5.32,167.38,23.56,Kharif
46985,cotton,120,40,20,5.36,297.66,29.56666667,Kharif
69474,sweetpotato,90,20,120,4.86,579.75,34.01,Kharif
78184,cotton,120,40,20,5.42,654.34,29.26666667,Kharif
61632,cardamom,75,75,150,5.06,884.5,27.65454545,Kharif
78174,maize,80,40,20,5.34,288.3,25.46,Kharif
4246,rice,80,40,40,5.44,579.75,34.01,Kharif
11051,horsegram,20,60,20,6.16,152.54,22.28,Rabi
8835,wheat,60,30,30,6.1,19.38,22.766,Rabi
1583,turmeric,25,60,100,4.88,1603.2375,22.89090909,Kharif
47555,moong,20,40,20,5.38,579.75,34.01,Kharif
52539,cotton,120,40,20,5.46,714.68,26.45454545,Kharif
31906,orange,20,10,10,3.94,2169.32,23.73636364,Whole Year
34131,jowar,80,40,40,5.44,157.31,25.83333333,Kharif
47214,jowar,80,40,40,5.52,770.44,28.68,Rabi
81487,potato,180,60,90,5.14,1111.68,28.64818182,Rabi
40265,tomato,100,40,90,5.94,1037.32,28.08181818,Whole Year
51271,jowar,80,40,40,5.4,199.2125,21.3,Rabi
2349,cotton,120,40,20,5.58,714.68,26.45454545,Kharif
89252,sunflower,50,60,30,5.48,607.48,26.36666667,Whole Year
25142,banana,100,75,50,6.38,2169.32,23.73636364,Whole Year
38730,jowar,80,40,40,5.66,579.75,34.01,Rabi
72396,onion,120,60,65,5.92,810.26,29.95636364,Rabi
35549,ladyfinger,80,10,40,6.42,1111.68,28.64818182,Summer
11838,ragi,50,40,20,5.56,840.46,33.58333333,Kharif
27261,moong,20,40,20,5.52,199.2125,21.3,Summer
97549,rice,80,40,40,5.5,167.38,23.56,Kharif
91636,potato,180,60,90,4.82,75.32,22.676,Rabi
62682,rapeseed,50,40,20,5.02,75.32,22.676,Rabi
98020,rapeseed,50,40,20,5.14,19.38,22.766,Rabi
13364,maize,80,40,20,5.62,157.31,25.83333333,Kharif
84098,horsegram,20,60,20,5.84,98.94,25.574,Rabi
62339,rice,80,40,40,5.34,579.75,34.01,Kharif
19899,maize,80,40,20,5.64,516.68,27.86666667,Summer
82487,soyabean,20,60,20,5.64,207.55,26.43333333,Kharif
61258,rapeseed,50,40,20,5.18,19.38,22.766,Rabi
69883,jowar,80,40,40,5.42,579.75,34.01,Rabi
77780,potato,180,60,90,5.0,169.82,14.6,Rabi
48488,rice,80,40,40,5.46,152.54,22.28,Kharif
75126,maize,80,40,20,5.48,207.55,26.43333333,Summer
93349,wheat,60,30,30,6.4,127.68,20.8,Rabi
49842,onion,120,60,65,5.96,1026.64,29.18636364,Rabi
66091,soyabean,20,60,20,5.36,1246.715,22.6,Kharif
15724,turmeric,25,60,100,4.9,556.2,28.54545455,Kharif
76085,maize,80,40,20,5.44,1875.6,20.1,Summer
50638,wheat,60,30,30,6.7,240.1,10.38,Rabi
36627,turmeric,25,60,100,4.86,1426.3,26.73636364,Kharif
50349,onion,120,60,65,6.0,810.26,29.95636364,Kharif
63596,potato,180,60,90,5.14,2569.52,4.9,Rabi
99340,maize,80,40,20,5.58,579.75,34.01,Kharif
96445,potato,180,60,90,4.82,1111.68,28.64818182,Rabi
17090,barley,70,40,45,5.44,75.32,22.676,Rabi
57997,wheat,60,30,30,6.3,15.34,27.276,Rabi
52941,jowar,80,40,40,5.64,207.55,26.43333333,Rabi
77997,garlic,50,10,60,5.5,1166.94,28.33333333,Rabi
37400,wheat,60,30,30,6.5,19.38,22.766,Rabi
67698,maize,80,40,20,5.4,167.38,23.56,Kharif
26748,maize,80,40,20,5.58,664.94,22.03333333,Summer
79195,sweetpotato,90,20,120,4.84,840.46,33.58333333,Kharif
93928,horsegram,20,60,20,6.02,840.46,33.58333333,Kharif
72585,garlic,50,10,60,5.44,240.1,10.38,Rabi
88277,turmeric,25,60,100,5.0,2817.86,27.90909091,Kharif
83128,rice,80,40,40,5.54,510.05,33.37333333,Kharif
73879,sweetpotato,90,20,120,5.1,2817.86,27.90909091,Kharif
75825,onion,120,60,65,6.16,556.2,28.54545455,Rabi
41223,banana,100,75,50,6.5,1026.64,29.18636364,Whole Year
1175,coriander,10,20,20,6.64,1026.64,29.18636364,Rabi
70894,banana,100,75,50,6.38,2169.32,23.73636364,Whole Year
26100,ragi,50,40,20,5.5,1151.02,28.03333333,Kharif
52891,maize,80,40,20,5.46,70.598,18.92,Summer
42076,wheat,60,30,30,7.0,41.3,21.704,Rabi
97933,rapeseed,50,40,20,5.0,19.38,22.766,Rabi
101,ragi,50,40,20,5.68,288.3,25.46,Kharif
86997,ragi,50,40,20,5.62,1151.02,28.03333333,Kharif
73021,rice,80,40,40,5.6,122.42,18.58,Kharif
24049,wheat,60,30,30,6.12,75.32,22.676,Rabi
5034,soyabean,20,60,20,5.46,1712.66,11.2,Kharif
69009,jowar,80,40,40,5.66,98.94,25.574,Kharif
17584,wheat,60,30,30,6.7,152.54,22.28,Rabi
37159,rice,80,40,40,5.66,510.05,33.37333333,Kharif
63786,potato,180,60,90,4.9,2169.32,23.73636364,Rabi
68714,jowar,80,40,40,5.34,884.5,27.65454545,Rabi
38764,moong,20,40,20,5.58,34.81,34.66666667,Kharif
63504,ragi,50,40,20,5.62,654.34,29.26666667,Kharif
48357,potato,180,60,90,5.18,1411.78,19.94545455,Rabi
18822,coriander,10,20,20,6.46,1026.64,29.18636364,Rabi
65503,ragi,50,40,20,5.56,199.2125,21.3,Kharif
9101,sweetpotato,90,20,120,5.16,556.2,28.54545455,Kharif
78316,maize,80,40,20,5.48,654.34,29.26666667,Kharif
38685,onion,120,60,65,5.98,34.81,34.66666667,Kharif
34231,grapes,20,125,200,4.08,1603.2375,22.89090909,Whole Year
85723,rice,80,40,40,5.64,288.3,25.46,Kharif
96113,sweetpotato,90,20,120,5.02,1111.68,28.64818182,Kharif
7217,rice,80,40,40,5.36,157.31,25.83333333,Kharif
31502,turmeric,25,60,100,5.04,1037.32,28.08181818,Kharif
83140,rice,80,40,40,5.36,510.05,33.37333333,Kharif
45945,rice,80,40,40,5.66,510.05,33.37333333,Kharif
8745,rice,80,40,40,5.52,10.265748,25.76,Kharif
13928,rapeseed,50,40,20,5.18,73.47,23.562,Rabi
33619,mango,20,20,30,5.12,421.14,28.50727273,Summer
32890,rice,80,40,40,5.54,840.46,33.58333333,Kharif
45438,coriander,10,20,20,6.34,1426.3,26.73636364,Rabi
72507,rapeseed,50,40,20,5.08,41.3,21.704,Rabi
68492,wheat,60,30,30,7.0,140.52,12.5,Rabi
81323,rice,80,40,40,5.48,1997.12,27.0,Kharif
26677,onion,120,60,65,5.88,421.14,28.50727273,Kharif
60987,soyabean,20,60,20,5.36,510.05,33.37333333,Kharif
4009,maize,80,40,20,5.56,34.81,34.66666667,Summer
2997,wheat,60,30,30,6.4,19.38,22.766,Rabi
86498,sunflower,50,60,30,5.56,87.2,23.106,Whole Year
43443,rice,80,40,40,5.6,490.74,27.6,Kharif
88500,maize,80,40,20,5.56,1111.68,28.64818182,Summer
30423,soyabean,20,60,20,5.42,579.75,34.01,Kharif
40175,cotton,120,40,20,5.6,654.34,29.26666667,Kharif
29188,moong,20,40,20,5.44,1145.22,28.5,Summer
56996,maize,80,40,20,5.38,87.2,23.106,Summer
10597,cotton,120,40,20,5.64,579.75,34.01,Kharif
53115,sweetpotato,90,20,120,4.92,1426.3,26.73636364,Rabi
51565,rice,80,40,40,5.6,330.0,29.33333333,Kharif
63218,jowar,80,40,40,5.34,1166.94,28.33333333,Rabi
21808,jowar,80,40,40,5.38,207.55,26.43333333,Rabi
26522,barley,70,40,45,5.64,41.3,21.704,Rabi
82046,barley,70,40,45,5.68,73.47,23.562,Rabi
56504,rice,80,40,40,5.54,127.68,20.8,Kharif
72693,maize,80,40,20,5.52,516.68,27.86666667,Summer
82105,soyabean,20,60,20,5.38,607.48,26.36666667,Kharif
68142,garlic,50,10,60,5.62,556.2,28.54545455,Rabi
3136,moong,20,40,20,5.66,884.5,27.65454545,Kharif
67522,soyabean,20,60,20,5.52,207.55,26.43333333,Kharif
99319,maize,80,40,20,5.5,34.81,34.66666667,Kharif
60169,rapeseed,50,40,20,4.92,40.023,23.14,Rabi
18949,turmeric,25,60,100,5.02,1026.64,29.18636364,Kharif
25487,potato,180,60,90,4.84,1026.64,29.18636364,Rabi
7108,blackpepper,100,60,50,4.96,1603.2375,22.89090909,Whole Year
24096,rice,80,40,40,5.54,579.75,34.01,Kharif
37753,rice,80,40,40,5.34,297.66,29.56666667,Kharif
54042,potato,180,60,90,5.04,556.2,28.54545455,Rabi
68138,barley,70,40,45,5.42,19.38,22.766,Rabi
31955,moong,20,40,20,5.48,127.68,20.8,Kharif
23062,sweetpotato,90,20,120,4.82,884.5,27.65454545,Kharif
10550,ragi,50,40,20,5.62,579.75,34.01,Kharif
27717,soyabean,20,60,20,5.34,1011.49,30.43,Kharif
16522,rapeseed,50,40,20,5.16,98.94,25.574,Rabi
23330,maize,80,40,20,5.6,98.94,25.574,Kharif
3229,banana,100,75,50,6.46,884.5,27.65454545,Whole Year
97886,barley,70,40,45,5.62,19.38,22.766,Rabi
65418,ragi,50,40,20,5.6,976.06,25.66666667,Kharif
25264,wheat,60,30,30,6.7,127.68,20.8,Rabi
72910,maize,80,40,20,5.44,976.06,25.66666667,Summer
64617,potato,180,60,90,4.9,1151.02,28.03333333,Rabi
55901,rice,80,40,40,5.4,152.54,22.28,Kharif
19349,garlic,50,10,60,5.5,1299.26,26.51818182,Rabi
91244,wheat,60,30,30,6.9,75.32,22.676,Rabi
96938,wheat,60,30,30,6.7,70.11,25.6,Rabi
17437,rapeseed,50,40,20,5.0,75.32,22.676,Rabi
47571,moong,20,40,20,5.5,579.75,34.01,Summer
18500,horsegram,20,60,20,5.96,840.46,33.58333333,Rabi
4505,moong,20,40,20,5.34,34.81,34.66666667,Summer
2644,jute,80,40,40,5.68,1145.22,28.5,Kharif
99806,potato,180,60,90,4.96,152.54,22.28,Rabi
78918,blackpepper,100,60,50,4.92,2169.32,23.73636364,Whole Year
8093,soyabean,20,60,20,5.52,40.023,23.14,Kharif
72642,ragi,50,40,20,5.36,664.94,22.03333333,Kharif
69230,sweetpotato,90,20,120,5.18,579.75,34.01,Rabi
54750,cotton,120,40,20,5.34,1220.22,27.26666667,Kharif
98634,sunflower,50,60,30,5.6,34.81,34.66666667,Whole Year
33032,horsegram,20,60,20,5.86,1151.02,28.03333333,Rabi
59519,maize,80,40,20,5.4,1011.49,30.43,Summer
50905,banana,100,75,50,6.44,1603.2375,22.89090909,Whole Year
68862,cardamom,75,75,150,5.02,884.5,27.65454545,Kharif
46773,tomato,100,40,90,6.06,884.5,27.65454545,Whole Year
29826,wheat,60,30,30,7.0,140.52,12.5,Rabi
98781,rapeseed,50,40,20,4.84,75.32,22.676,Rabi
72471,onion,120,60,65,6.0,421.14,28.50727273,Rabi
30483,barley,70,40,45,5.6,75.32,22.676,Rabi
56773,rice,80,40,40,5.56,497.88,25.03333333,Kharif
84923,coriander,10,20,20,6.48,75.32,22.676,Rabi
11833,sweetpotato,90,20,120,5.02,1026.64,29.18636364,Kharif
6836,wheat,60,30,30,6.6,199.2125,21.3,Rabi
48129,rice,80,40,40,5.64,34.81,34.66666667,Kharif
73156,maize,80,40,20,5.44,199.2125,21.3,Kharif
68205,garlic,50,10,60,5.6,556.2,28.54545455,Rabi
15465,rapeseed,50,40,20,4.86,167.38,23.56,Rabi
6235,potato,180,60,90,5.08,810.26,29.95636364,Rabi
40807,orange,20,10,10,3.86,2169.32,23.73636364,Whole Year
25969,banana,100,75,50,6.38,1026.64,29.18636364,Whole Year
74075,potato,180,60,90,5.1,1111.68,28.64818182,Rabi
66158,banana,100,75,50,6.32,2817.86,27.90909091,Whole Year
28068,rapeseed,50,40,20,5.12,73.47,23.562,Rabi
2542,jute,80,40,40,5.5,1145.22,28.5,Kharif
79028,maize,80,40,20,5.54,840.46,33.58333333,Kharif
27671,maize,80,40,20,5.32,1011.49,30.43,Summer
43901,ladyfinger,80,10,40,6.36,1111.68,28.64818182,Summer
29608,cotton,120,40,20,5.5,510.05,33.37333333,Kharif
47149,cotton,120,40,20,5.56,770.44,28.68,Kharif
39473,wheat,60,30,30,6.8,75.32,22.676,Rabi
74357,onion,120,60,65,6.16,1111.68,28.64818182,Kharif
59689,moong,20,40,20,5.54,1011.49,30.43,Kharif
89114,rice,80,40,40,5.52,1111.68,28.64818182,Kharif
22714,barley,70,40,45,5.66,19.38,22.766,Rabi
45141,cotton,120,40,20,5.48,423.745,22.07,Kharif
68985,rice,80,40,40,5.4,770.44,28.68,Kharif
93489,sweetpotato,90,20,120,5.06,2169.32,23.73636364,Rabi
41356,rice,80,40,40,5.56,98.98,34.92333333,Kharif
15159,maize,80,40,20,5.6,1145.22,28.5,Summer
67614,moong,20,40,20,5.66,167.38,23.56,Summer
39078,barley,70,40,45,5.6,75.32,22.676,Rabi
24872,wheat,60,30,30,6.1,288.3,25.46,Rabi
25087,moong,20,40,20,5.46,127.68,20.8,Kharif
27038,maize,80,40,20,5.64,1246.715,22.6,Summer
58858,soyabean,20,60,20,5.44,1246.715,22.6,Kharif
46173,maize,80,40,20,5.44,510.05,33.37333333,Kharif
80607,horsegram,20,60,20,5.84,199.2125,21.3,Kharif
45549,sunflower,50,60,30,5.36,1145.22,28.5,Whole Year
32571,maize,80,40,20,5.68,87.2,23.106,Kharif
65721,banana,100,75,50,6.5,1603.2375,22.89090909,Whole Year
23921,rapeseed,50,40,20,4.82,75.32,22.676,Rabi
61165,jowar,80,40,40,5.6,510.05,33.37333333,Kharif
81773,rapeseed,50,40,20,5.16,73.47,23.562,Rabi
14667,sweetpotato,90,20,120,4.86,1050.245,18.77818182,Rabi
34694,blackpepper,100,60,50,4.84,2817.86,27.90909091,Whole Year
45148,wheat,60,30,30,6.6,56.236,15.852,Rabi
21077,garlic,50,10,60,5.58,1111.68,28.64818182,Rabi
38164,coriander,10,20,20,6.36,884.5,27.65454545,Rabi
76492,jowar,80,40,40,5.48,884.5,27.65454545,Kharif
85423,wheat,60,30,30,6.1,152.54,22.28,Rabi
98796,maize,80,40,20,5.44,34.81,34.66666667,Kharif
78031,sunflower,50,60,30,5.34,1166.94,28.33333333,Whole Year
28431,jowar,80,40,40,5.5,607.48,26.36666667,Rabi
47151,jowar,80,40,40,5.4,770.44,28.68,Rabi
72813,rapeseed,50,40,20,5.0,293.36,14.7,Rabi
83372,wheat,60,30,30,6.5,19.38,22.766,Rabi
87733,moong,20,40,20,5.38,1246.715,22.6,Kharif
12053,maize,80,40,20,5.62,98.98,34.92333333,Summer
6741,jowar,80,40,40,5.56,1246.715,22.6,Kharif
35659,mango,20,20,30,4.98,1111.68,28.64818182,Summer
60025,cotton,120,40,20,5.48,607.48,26.36666667,Kharif
27903,sweetpotato,90,20,120,5.0,1111.68,28.64818182,Kharif
92141,wheat,60,30,30,6.7,75.32,22.676,Rabi
50171,barley,70,40,45,5.34,94.02,22.38,Rabi
91099,turmeric,25,60,100,5.18,942.8,28.99454545,Kharif
90148,maize,80,40,20,5.36,411.52,34.73,Kharif
76378,turmeric,25,60,100,4.92,884.5,27.65454545,Kharif
52431,rice,80,40,40,5.62,607.48,26.36666667,Kharif
18670,wheat,60,30,30,6.1,87.2,23.106,Rabi
85682,sunflower,50,60,30,5.64,1037.32,28.08181818,Whole Year
21929,garlic,50,10,60,5.52,1426.3,26.73636364,Rabi
72451,barley,70,40,45,5.4,41.3,21.704,Rabi
32533,rice,80,40,40,5.58,98.98,34.92333333,Kharif
2522,maize,80,40,20,5.4,113.7,30.26666667,Kharif
82997,moong,20,40,20,5.58,1145.22,28.5,Summer
21564,moong,20,40,20,5.68,607.48,26.36666667,Kharif
58837,onion,120,60,65,5.82,199.2125,21.3,Kharif
13619,barley,70,40,45,5.38,73.47,23.562,Rabi
13228,rice,80,40,40,5.54,1246.715,22.6,Kharif
41637,moong,20,40,20,5.58,94.02,22.38,Summer
46394,ragi,50,40,20,5.44,297.66,29.56666667,Kharif
25179,jute,80,40,40,5.5,1543.76,27.33333333,Kharif
77980,garlic,50,10,60,5.38,1166.94,28.33333333,Rabi
7423,jowar,80,40,40,5.36,1011.49,30.43,Rabi
74304,sweetpotato,90,20,120,5.0,1111.68,28.64818182,Rabi
99565,barley,70,40,45,5.56,169.82,14.6,Rabi
73881,turmeric,25,60,100,5.08,2817.86,27.90909091,Kharif
61986,moong,20,40,20,5.5,1220.22,27.26666667,Kharif
61060,moong,20,40,20,5.62,510.05,33.37333333,Summer
18485,sunflower,50,60,30,5.56,840.46,33.58333333,Whole Year
61211,potato,180,60,90,4.92,556.2,28.54545455,Rabi
84973,rice,80,40,40,5.42,579.75,34.01,Kharif
30818,sunflower,50,60,30,5.52,579.75,34.01,Whole Year
8325,potato,180,60,90,5.1,167.38,23.56,Rabi
18078,maize,80,40,20,5.36,1712.66,11.2,Kharif
32490,sunflower,50,60,30,5.46,840.46,33.58333333,Whole Year
94630,banana,100,75,50,6.32,810.26,29.95636364,Whole Year
17620,barley,70,40,45,5.56,152.54,22.28,Rabi
3761,rapeseed,50,40,20,5.02,75.32,22.676,Rabi
52827,maize,80,40,20,5.52,235.4251,26.64666667,Summer
33796,wheat,60,30,30,6.1,293.36,14.7,Rabi
54402,cotton,120,40,20,5.32,297.66,29.56666667,Kharif
84564,wheat,60,30,30,7.0,75.32,22.676,Rabi
47583,maize,80,40,20,5.6,579.75,34.01,Summer
10216,onion,120,60,65,6.18,689.88,29.03727273,Rabi
99204,jowar,80,40,40,5.64,579.75,34.01,Kharif
12478,wheat,60,30,30,6.1,15.34,27.276,Rabi
49382,sweetpotato,90,20,120,4.84,1026.64,29.18636364,Kharif
85370,sunflower,50,60,30,5.52,1166.94,28.33333333,Whole Year
7881,moong,20,40,20,5.32,607.48,26.36666667,Summer
49760,banana,100,75,50,6.66,1026.64,29.18636364,Whole Year
21805,wheat,60,30,30,6.3,70.598,18.92,Rabi
15736,maize,80,40,20,5.42,510.05,33.37333333,Summer
21981,potato,180,60,90,4.98,1426.3,26.73636364,Rabi
49852,sunflower,50,60,30,5.32,840.46,33.58333333,Whole Year
67702,rapeseed,50,40,20,5.1,167.38,23.56,Rabi
12067,sunflower,50,60,30,5.44,840.46,33.58333333,Whole Year
41536,soyabean,20,60,20,5.52,1151.02,28.03333333,Kharif
60588,moong,20,40,20,5.44,167.38,23.56,Kharif
2442,cotton,120,40,20,5.64,423.745,22.07,Kharif
83321,maize,80,40,20,5.46,510.05,33.37333333,Kharif
13564,cardamom,75,75,150,4.9,2817.86,27.90909091,Kharif
76705,rice,80,40,40,5.4,579.75,34.01,Kharif
22496,barley,70,40,45,5.32,19.38,22.766,Rabi
5069,soyabean,20,60,20,5.38,1712.66,11.2,Kharif
44542,maize,80,40,20,5.52,607.48,26.36666667,Kharif
6804,sunflower,50,60,30,5.54,1246.715,22.6,Whole Year
15742,wheat,60,30,30,6.3,19.38,22.766,Rabi
82698,moong,20,40,20,5.6,113.7,30.26666667,Kharif
30510,rapeseed,50,40,20,5.06,75.32,22.676,Rabi
9924,rapeseed,50,40,20,5.0,75.32,22.676,Rabi
347,jute,80,40,40,5.52,1543.76,27.33333333,Kharif
46937,maize,80,40,20,5.64,297.66,29.56666667,Summer
17329,moong,20,40,20,5.4,34.81,34.66666667,Kharif
36134,sunflower,50,60,30,5.48,70.11,25.6,Whole Year
65601,maize,80,40,20,5.48,199.2125,21.3,Kharif
77013,onion,120,60,65,6.1,34.81,34.66666667,Rabi
94833,maize,80,40,20,5.58,664.94,22.03333333,Kharif
19997,cotton,120,40,20,5.58,1246.715,22.6,Kharif
61375,banana,100,75,50,6.54,884.5,27.65454545,Whole Year
17405,maize,80,40,20,5.54,579.75,34.01,Summer
5979,sunflower,50,60,30,5.62,840.46,33.58333333,Whole Year
69887,sweetpotato,90,20,120,5.18,579.75,34.01,Kharif
80558,wheat,60,30,30,6.6,199.2125,21.3,Rabi
98780,potato,180,60,90,5.0,75.32,22.676,Rabi
48589,jute,80,40,40,5.38,1166.94,28.33333333,Kharif
98858,potato,180,60,90,4.96,75.32,22.676,Rabi
84789,jowar,80,40,40,5.68,579.75,34.01,Rabi
74158,banana,100,75,50,6.38,1111.68,28.64818182,Whole Year
10835,soyabean,20,60,20,5.66,1166.94,28.33333333,Kharif
41183,rapeseed,50,40,20,4.82,87.2,23.106,Rabi
33029,potato,180,60,90,5.02,1299.26,26.51818182,Rabi
70387,moong,20,40,20,5.52,182.5,29.2,Kharif
50495,wheat,60,30,30,7.0,15.34,27.276,Rabi
24867,onion,120,60,65,6.0,288.3,25.46,Rabi
18168,banana,100,75,50,6.38,2169.32,23.73636364,Whole Year
54011,rapeseed,50,40,20,5.18,19.38,22.766,Rabi
7968,maize,80,40,20,5.54,607.48,26.36666667,Summer
40448,rice,80,40,40,5.32,127.68,20.8,Kharif
67307,wheat,60,30,30,6.8,70.11,25.6,Rabi
46598,drumstick,40,20,10,6.54,884.5,27.65454545,Whole Year
46044,jowar,80,40,40,5.56,510.05,33.37333333,Kharif
28079,soyabean,20,60,20,5.5,1011.49,30.43,Kharif
65703,wheat,60,30,30,7.0,199.2125,21.3,Rabi
22089,turmeric,25,60,100,5.14,1426.3,26.73636364,Kharif
54494,maize,80,40,20,5.38,297.66,29.56666667,Summer
67399,rice,80,40,40,5.42,56.236,15.852,Kharif
86897,banana,100,75,50,6.36,1299.26,26.51818182,Whole Year
80561,onion,120,60,65,6.06,157.31,25.83333333,Kharif
47846,potato,180,60,90,4.82,689.88,29.03727273,Rabi
40889,rice,80,40,40,5.38,87.2,23.106,Kharif
73700,rapeseed,50,40,20,5.12,1246.715,22.6,Rabi
32025,rice,80,40,40,5.32,1543.76,27.33333333,Kharif
56222,cotton,120,40,20,5.36,654.34,29.26666667,Kharif
49601,coriander,10,20,20,6.38,1026.64,29.18636364,Rabi
22723,maize,80,40,20,5.56,510.05,33.37333333,Kharif
22384,cotton,120,40,20,5.52,162.72,29.4,Kharif
29551,barley,70,40,45,5.68,19.38,22.766,Rabi
52231,jowar,80,40,40,5.66,1011.49,30.43,Rabi
69465,onion,120,60,65,5.98,75.32,22.676,Kharif
23220,banana,100,75,50,6.48,884.5,27.65454545,Whole Year
5464,barley,70,40,45,5.46,87.2,23.106,Rabi
52058,coriander,10,20,20,6.68,1111.68,28.64818182,Rabi
35429,soyabean,20,60,20,5.5,1011.49,30.43,Kharif
78730,rice,80,40,40,5.36,127.68,20.8,Kharif
23468,cotton,120,40,20,5.62,770.44,28.68,Kharif
20190,ragi,50,40,20,5.52,157.31,25.83333333,Kharif
89472,potato,180,60,90,5.16,1050.245,18.77818182,Rabi
97560,moong,20,40,20,5.6,167.38,23.56,Summer
63527,rice,80,40,40,5.52,654.34,29.26666667,Kharif
12357,rapeseed,50,40,20,4.98,15.34,27.276,Rabi
84389,rice,80,40,40,5.32,34.81,34.66666667,Kharif
53044,jowar,80,40,40,5.36,1145.22,28.5,Rabi
92030,moong,20,40,20,5.58,579.75,34.01,Summer
7055,rice,80,40,40,5.36,199.2125,21.3,Kharif
39817,rice,80,40,40,5.46,182.5,29.2,Kharif
93098,turmeric,25,60,100,4.84,2569.52,4.9,Kharif
53126,rice,80,40,40,5.64,1145.22,28.5,Kharif
72714,potato,180,60,90,4.86,516.68,27.86666667,Rabi
66582,garlic,50,10,60,5.56,1111.68,28.64818182,Rabi
3235,rice,80,40,40,5.42,884.5,27.65454545,Kharif
89769,rice,80,40,40,5.36,167.38,23.56,Kharif
42100,cotton,120,40,20,5.46,331.88,35.34666667,Kharif
68565,blackpepper,100,60,50,5.16,884.5,27.65454545,Whole Year
78528,maize,80,40,20,5.52,1543.76,27.33333333,Summer
11968,potato,180,60,90,4.94,1026.64,29.18636364,Rabi
29762,jowar,80,40,40,5.38,510.05,33.37333333,Rabi
708,rice,80,40,40,5.6,98.98,34.92333333,Kharif
87879,sunflower,50,60,30,5.5,157.31,25.83333333,Whole Year
8710,rice,80,40,40,5.56,1145.22,28.5,Kharif
8022,jowar,80,40,40,5.34,607.48,26.36666667,Rabi
99423,soyabean,20,60,20,5.58,1110.78,25.66666667,Kharif
3278,banana,100,75,50,6.54,297.66,29.56666667,Whole Year
75251,wheat,60,30,30,6.5,113.7,30.26666667,Rabi
15099,ragi,50,40,20,5.34,1145.22,28.5,Kharif
74895,ragi,50,40,20,5.46,607.48,26.36666667,Kharif
87745,sunflower,50,60,30,5.58,199.2125,21.3,Whole Year
37747,turmeric,25,60,100,4.96,884.5,27.65454545,Kharif
41079,horsegram,20,60,20,5.94,840.46,33.58333333,Kharif
92439,wheat,60,30,30,6.12,169.82,14.6,Rabi
59130,rapeseed,50,40,20,5.18,199.2125,21.3,Rabi
67010,moong,20,40,20,5.36,607.48,26.36666667,Kharif
48379,horsegram,20,60,20,5.96,1110.78,25.66666667,Rabi
98412,cotton,120,40,20,5.56,770.44,28.68,Kharif
37169,sweetpotato,90,20,120,4.96,556.2,28.54545455,Kharif
98987,jowar,80,40,40,5.32,579.75,34.01,Rabi
23768,wheat,60,30,30,7.0,75.32,22.676,Rabi
88859,maize,80,40,20,5.42,1111.68,28.64818182,Summer
68467,wheat,60,30,30,6.3,19.38,22.766,Rabi
12479,banana,100,75,50,6.52,810.26,29.95636364,Whole Year
18804,coriander,10,20,20,6.66,1026.64,29.18636364,Rabi
25635,turmeric,25,60,100,4.94,1026.64,29.18636364,Kharif
98690,potato,180,60,90,4.96,75.32,22.676,Rabi
38483,cotton,120,40,20,5.5,770.44,28.68,Kharif
70203,garlic,50,10,60,5.32,1411.78,19.94545455,Rabi
5431,maize,80,40,20,5.46,1543.76,27.33333333,Kharif
10618,moong,20,40,20,5.42,34.81,34.66666667,Summer
88401,barley,70,40,45,5.46,1111.68,28.64818182,Rabi
27233,sunflower,50,60,30,5.42,1246.715,22.6,Whole Year
99525,soyabean,20,60,20,5.6,1110.78,25.66666667,Kharif
33024,moong,20,40,20,5.42,94.02,22.38,Summer
18893,barley,70,40,45,5.6,87.2,23.106,Rabi
16305,potato,180,60,90,4.82,884.5,27.65454545,Rabi
39624,barley,70,40,45,5.54,169.82,14.6,Rabi
65297,rapeseed,50,40,20,4.92,122.42,18.58,Rabi
95343,ragi,50,40,20,5.68,1246.715,22.6,Kharif
74660,rapeseed,50,40,20,5.0,70.11,25.6,Rabi
81094,rice,80,40,40,5.58,1246.715,22.6,Kharif
30724,potato,180,60,90,4.96,689.88,29.03727273,Rabi
54092,coriander,10,20,20,6.66,556.2,28.54545455,Rabi
22160,cotton,120,40,20,5.5,1145.22,28.5,Kharif
3357,banana,100,75,50,6.6,297.66,29.56666667,Whole Year
45361,turmeric,25,60,100,4.86,1426.3,26.73636364,Kharif
97169,potato,180,60,90,4.82,70.598,18.92,Rabi
26753,rapeseed,50,40,20,4.96,240.1,10.38,Rabi
79334,maize,80,40,20,5.64,87.2,23.106,Summer
13800,garlic,50,10,60,5.36,1111.68,28.64818182,Rabi
64007,jute,80,40,40,5.48,1543.76,27.33333333,Kharif
32426,moong,20,40,20,5.36,98.98,34.92333333,Summer
16842,onion,120,60,65,5.98,689.88,29.03727273,Rabi
76248,onion,120,60,65,6.12,884.5,27.65454545,Kharif
6411,rice,80,40,40,5.38,331.88,35.34666667,Kharif
64391,sunflower,50,60,30,5.5,87.2,23.106,Whole Year
67925,moong,20,40,20,5.68,167.38,23.56,Summer
11118,sunflower,50,60,30,5.4,654.34,29.26666667,Whole Year
5070,sunflower,50,60,30,5.4,1712.66,11.2,Whole Year
84130,sweetpotato,90,20,120,4.96,942.8,28.99454545,Rabi
64185,maize,80,40,20,5.52,87.2,23.106,Kharif
36117,ragi,50,40,20,5.54,607.48,26.36666667,Kharif
76053,jowar,80,40,40,5.5,510.05,33.37333333,Rabi
47394,rapeseed,50,40,20,5.04,75.32,22.676,Rabi
1070,maize,80,40,20,5.58,98.98,34.92333333,Kharif
96647,rice,80,40,40,5.44,1011.49,30.43,Kharif
37578,ladyfinger,80,10,40,6.48,884.5,27.65454545,Kharif
84122,maize,80,40,20,5.36,98.94,25.574,Summer
43979,jowar,80,40,40,5.34,1011.49,30.43,Rabi
35805,potato,180,60,90,4.9,1111.68,28.64818182,Rabi
73819,blackpepper,100,60,50,5.04,2817.86,27.90909091,Whole Year
74337,barley,70,40,45,5.58,73.47,23.562,Rabi
32114,rice,80,40,40,5.48,1543.76,27.33333333,Kharif
88525,jowar,80,40,40,5.42,1011.49,30.43,Kharif
53300,sweetpotato,90,20,120,5.12,1426.3,26.73636364,Rabi
65996,horsegram,20,60,20,6.08,1246.715,22.6,Kharif
76467,sweetpotato,90,20,120,5.02,884.5,27.65454545,Kharif
71481,moong,20,40,20,5.4,840.46,33.58333333,Summer
31197,jute,80,40,40,5.54,1166.94,28.33333333,Kharif
79466,ragi,50,40,20,5.66,840.46,33.58333333,Kharif
10020,wheat,60,30,30,6.8,75.32,22.676,Rabi
61801,rice,80,40,40,5.58,98.94,25.574,Kharif
41487,sunflower,50,60,30,5.34,840.46,33.58333333,Whole Year
57634,onion,120,60,65,5.82,1299.26,26.51818182,Kharif
79173,wheat,60,30,30,6.12,87.2,23.106,Rabi
12229,rapeseed,50,40,20,4.94,87.2,23.106,Rabi
6272,ragi,50,40,20,5.54,790.98,30.61666667,Kharif
28267,garlic,50,10,60,5.62,1111.68,28.64818182,Rabi
12172,banana,100,75,50,6.5,1026.64,29.18636364,Whole Year
14882,potato,180,60,90,5.08,1426.3,26.73636364,Rabi
22239,rice,80,40,40,5.38,113.7,30.26666667,Kharif
72316,wheat,60,30,30,7.0,15.34,27.276,Rabi
14625,banana,100,75,50,6.44,1350.025,26.01818182,Whole Year
74680,jowar,80,40,40,5.54,70.11,25.6,Kharif
90594,sweetpotato,90,20,120,4.92,884.5,27.65454545,Kharif
53774,rapeseed,50,40,20,5.08,19.38,22.766,Rabi
29887,rice,80,40,40,5.66,297.66,29.56666667,Kharif
90008,maize,80,40,20,5.54,1145.22,28.5,Kharif
96078,garlic,50,10,60,5.32,1111.68,28.64818182,Rabi
55445,barley,70,40,45,5.34,75.32,22.676,Rabi
29693,sweetpotato,90,20,120,4.96,556.2,28.54545455,Kharif
19212,coriander,10,20,20,6.42,1299.26,26.51818182,Rabi
10899,moong,20,40,20,5.36,182.5,29.2,Summer
14009,rice,80,40,40,5.5,1011.49,30.43,Kharif
13391,sunflower,50,60,30,5.52,157.31,25.83333333,Whole Year
52698,cotton,120,40,20,5.6,423.745,22.07,Kharif
89555,ragi,50,40,20,5.62,207.55,26.43333333,Kharif
56913,rice,80,40,40,5.5,98.98,34.92333333,Kharif
29772,potato,180,60,90,5.0,556.2,28.54545455,Rabi
19974,soyabean,20,60,20,5.52,1246.715,22.6,Kharif
19293,moong,20,40,20,5.5,94.02,22.38,Summer
91037,cotton,120,40,20,5.46,770.44,28.68,Kharif
21885,horsegram,20,60,20,5.88,1145.22,28.5,Rabi
5970,garlic,50,10,60,5.62,1026.64,29.18636364,Rabi
67049,rapeseed,50,40,20,5.14,70.11,25.6,Rabi
23156,cardamom,75,75,150,5.04,884.5,27.65454545,Kharif
52382,wheat,60,30,30,6.12,70.11,25.6,Rabi
89161,sunflower,50,60,30,5.48,607.48,26.36666667,Whole Year
75370,rice,80,40,40,5.32,113.7,30.26666667,Kharif
68124,moong,20,40,20,5.6,510.05,33.37333333,Summer
2220,moong,20,40,20,5.52,607.48,26.36666667,Summer
67279,ragi,50,40,20,5.52,607.48,26.36666667,Kharif
65003,rapeseed,50,40,20,4.9,41.3,21.704,Rabi
34095,rice,80,40,40,5.48,1246.715,22.6,Kharif
43325,mango,20,20,30,4.86,2817.86,27.90909091,Summer
34893,drumstick,40,20,10,6.66,2817.86,27.90909091,Whole Year
72019,rapeseed,50,40,20,4.84,94.02,22.38,Rabi
62152,jowar,80,40,40,5.68,579.75,34.01,Kharif
63352,rice,80,40,40,5.58,654.34,29.26666667,Kharif
64188,wheat,60,30,30,6.4,87.2,23.106,Rabi
18412,rapeseed,50,40,20,5.02,127.68,20.8,Rabi
1139,wheat,60,30,30,6.4,87.2,23.106,Rabi
70371,rice,80,40,40,5.4,182.5,29.2,Kharif
13674,rice,80,40,40,5.54,1011.49,30.43,Kharif
91622,wheat,60,30,30,6.4,75.32,22.676,Rabi
88135,jowar,80,40,40,5.5,157.31,25.83333333,Rabi
34995,onion,120,60,65,6.02,1111.68,28.64818182,Kharif
78986,potato,180,60,90,5.12,87.2,23.106,Rabi
39160,onion,120,60,65,6.04,75.32,22.676,Kharif
61730,banana,100,75,50,6.68,884.5,27.65454545,Whole Year
61651,moong,20,40,20,5.48,297.66,29.56666667,Summer
71280,coriander,10,20,20,6.54,1026.64,29.18636364,Rabi
72371,jowar,80,40,40,5.36,790.98,30.61666667,Rabi
60668,rapeseed,50,40,20,4.82,167.38,23.56,Rabi
13694,coriander,10,20,20,6.52,1111.68,28.64818182,Rabi
28456,soyabean,20,60,20,5.54,607.48,26.36666667,Kharif
64402,barley,70,40,45,5.32,87.2,23.106,Rabi
85758,horsegram,20,60,20,6.04,288.3,25.46,Kharif
45498,horsegram,20,60,20,6.06,1145.22,28.5,Kharif
73171,potato,180,60,90,4.84,1246.715,22.6,Rabi
79050,moong,20,40,20,5.64,98.98,34.92333333,Kharif
92911,maize,80,40,20,5.52,654.34,29.26666667,Summer
62793,maize,80,40,20,5.34,579.75,34.01,Kharif
64475,wheat,60,30,30,6.7,87.2,23.106,Rabi
14401,soyabean,20,60,20,5.34,607.48,26.36666667,Kharif
58155,wheat,60,30,30,6.5,240.1,10.38,Rabi
56877,rice,80,40,40,5.48,87.2,23.106,Kharif
69712,rice,80,40,40,5.4,579.75,34.01,Kharif
59878,moong,20,40,20,5.46,1011.49,30.43,Kharif
13041,rapeseed,50,40,20,5.14,199.2125,21.3,Rabi
30046,maize,80,40,20,5.36,770.44,28.68,Summer
68796,banana,100,75,50,6.38,884.5,27.65454545,Whole Year
59971,sunflower,50,60,30,5.42,70.11,25.6,Whole Year
6812,sunflower,50,60,30,5.58,157.31,25.83333333,Whole Year
97891,jowar,80,40,40,5.34,510.05,33.37333333,Rabi
14479,jowar,80,40,40,5.54,607.48,26.36666667,Rabi
8663,rice,80,40,40,5.5,1145.22,28.5,Kharif
11846,potato,180,60,90,4.94,1026.64,29.18636364,Rabi
84637,sweetpotato,90,20,120,5.14,579.75,34.01,Kharif
46417,horsegram,20,60,20,5.92,297.66,29.56666667,Kharif
33471,rapeseed,50,40,20,4.98,41.3,21.704,Rabi
75234,horsegram,20,60,20,6.1,113.7,30.26666667,Rabi
65849,sunflower,50,60,30,5.48,157.31,25.83333333,Whole Year
33898,maize,80,40,20,5.34,976.06,25.66666667,Summer
94383,moong,20,40,20,5.44,790.98,30.61666667,Kharif
73041,maize,80,40,20,5.58,199.2125,21.3,Kharif
115,ragi,50,40,20,5.62,288.3,25.46,Kharif
89841,potato,180,60,90,4.98,167.38,23.56,Rabi
65978,maize,80,40,20,5.4,199.2125,21.3,Summer
23343,ragi,50,40,20,5.62,770.44,28.68,Kharif
64103,maize,80,40,20,5.6,87.2,23.106,Summer
23615,potato,180,60,90,5.04,689.88,29.03727273,Rabi
6334,barley,70,40,45,5.4,41.3,21.704,Rabi
43608,tomato,100,40,90,6.04,1111.68,28.64818182,Whole Year
52089,cotton,120,40,20,5.68,1011.49,30.43,Kharif
29611,moong,20,40,20,5.5,510.05,33.37333333,Kharif
59237,rice,80,40,40,5.56,1997.12,27.0,Kharif
57650,coriander,10,20,20,6.38,1299.26,26.51818182,Rabi
74934,moong,20,40,20,5.36,607.48,26.36666667,Summer
33421,cotton,120,40,20,5.38,790.98,30.61666667,Kharif
51791,maize,80,40,20,5.5,1011.49,30.43,Kharif
1364,moong,20,40,20,5.64,790.98,30.61666667,Kharif
16869,maize,80,40,20,5.34,579.75,34.01,Kharif
86398,rice,80,40,40,5.68,1543.76,27.33333333,Kharif
12331,wheat,60,30,30,6.6,5.274,27.016,Rabi
37503,papaya,50,50,50,6.0,556.2,28.54545455,Whole Year
63998,wheat,60,30,30,6.4,127.68,20.8,Rabi
30014,moong,20,40,20,5.56,98.94,25.574,Kharif
69003,maize,80,40,20,5.54,770.44,28.68,Summer
51890,potato,180,60,90,5.04,1111.68,28.64818182,Rabi
28126,rapeseed,50,40,20,5.1,73.47,23.562,Rabi
3094,rapeseed,50,40,20,5.06,19.38,22.766,Rabi
40660,orange,20,10,10,4.14,2169.32,23.73636364,Whole Year
27142,rice,80,40,40,5.42,157.31,25.83333333,Kharif
93066,maize,80,40,20,5.52,1712.66,11.2,Summer
33528,onion,120,60,65,6.04,421.14,28.50727273,Rabi
79588,maize,80,40,20,5.5,98.98,34.92333333,Kharif
19452,banana,100,75,50,6.46,810.26,29.95636364,Whole Year
22461,wheat,60,30,30,6.12,66.52,20.312,Rabi
28447,jowar,80,40,40,5.54,70.11,25.6,Kharif
46714,onion,120,60,65,6.02,884.5,27.65454545,Rabi
30162,cotton,120,40,20,5.46,770.44,28.68,Kharif
70625,maize,80,40,20,5.52,288.3,25.46,Kharif
2952,rapeseed,50,40,20,4.84,19.38,22.766,Rabi
25140,rice,80,40,40,5.32,497.88,25.03333333,Kharif
82400,jute,80,40,40,5.44,423.745,22.07,Kharif
82576,potato,180,60,90,5.06,207.55,26.43333333,Rabi
44979,papaya,50,50,50,6.0,1350.025,26.01818182,Whole Year
46028,sweetpotato,90,20,120,4.98,556.2,28.54545455,Rabi
76605,jowar,80,40,40,5.6,770.44,28.68,Rabi
19234,jowar,80,40,40,5.46,1151.02,28.03333333,Rabi
55550,rapeseed,50,40,20,5.02,75.32,22.676,Rabi
73213,sweetpotato,90,20,120,5.02,1603.2375,22.89090909,Rabi
75592,rice,80,40,40,5.44,3.274569,29.0,Kharif
24233,rice,80,40,40,5.48,579.75,34.01,Kharif
44446,soyabean,20,60,20,5.38,1011.49,30.43,Kharif
41985,garlic,50,10,60,5.36,810.26,29.95636364,Rabi
30606,maize,80,40,20,5.6,75.32,22.676,Kharif
67127,jowar,80,40,40,5.36,607.48,26.36666667,Kharif
44970,bottlegourd,100,50,50,6.6,1350.025,26.01818182,Summer
40319,brinjal,80,15,40,6.34,1037.32,28.08181818,Whole Year
88619,sweetpotato,90,20,120,5.12,1111.68,28.64818182,Kharif
26942,coriander,10,20,20,6.42,1603.2375,22.89090909,Rabi
11965,coriander,10,20,20,6.46,1026.64,29.18636364,Rabi
76806,onion,120,60,65,5.88,75.32,22.676,Rabi
31557,brinjal,80,15,40,6.66,1037.32,28.08181818,Whole Year
77769,wheat,60,30,30,6.9,169.82,14.6,Rabi
50301,ragi,50,40,20,5.42,2879.86,27.31666667,Kharif
48493,horsegram,20,60,20,6.1,152.54,22.28,Rabi
9281,barley,70,40,45,5.42,140.52,12.5,Rabi
20285,potato,180,60,90,4.88,1603.2375,22.89090909,Rabi
35406,soyabean,20,60,20,5.54,1011.49,30.43,Kharif
51820,jowar,80,40,40,5.6,1011.49,30.43,Kharif
15359,maize,80,40,20,5.56,167.38,23.56,Summer
27529,rice,80,40,40,5.44,1997.12,27.0,Kharif
91258,onion,120,60,65,5.92,75.32,22.676,Kharif
37233,turmeric,25,60,100,5.14,556.2,28.54545455,Kharif
4063,jowar,80,40,40,5.4,579.75,34.01,Rabi
59352,moong,20,40,20,5.44,1011.49,30.43,Summer
88448,soyabean,20,60,20,5.34,1111.68,28.64818182,Kharif
46296,soyabean,20,60,20,5.56,510.05,33.37333333,Kharif
9694,jowar,80,40,40,5.68,297.66,29.56666667,Kharif
64138,maize,80,40,20,5.42,840.46,33.58333333,Summer
61910,coriander,10,20,20,6.5,942.8,28.99454545,Rabi
44743,wheat,60,30,30,6.6,70.11,25.6,Rabi
14070,barley,70,40,45,5.44,73.47,23.562,Rabi
72916,wheat,60,30,30,7.0,122.42,18.58,Rabi
9804,moong,20,40,20,5.5,770.44,28.68,Summer
17444,moong,20,40,20,5.68,579.75,34.01,Summer
92528,jute,80,40,40,5.66,1166.94,28.33333333,Kharif
60205,jute,80,40,40,5.4,423.745,22.07,Kharif
64365,wheat,60,30,30,6.4,87.2,23.106,Rabi
84965,potato,180,60,90,4.96,75.32,22.676,Rabi
58198,barley,70,40,45,5.64,240.1,10.38,Rabi
91663,banana,100,75,50,6.4,34.81,34.66666667,Whole Year
29972,rice,80,40,40,5.42,297.66,29.56666667,Kharif
25573,ragi,50,40,20,5.32,840.46,33.58333333,Kharif
15875,coriander,10,20,20,6.42,556.2,28.54545455,Rabi
22621,coriander,10,20,20,6.58,556.2,28.54545455,Rabi
50914,jowar,80,40,40,5.48,1246.715,22.6,Kharif
64590,wheat,60,30,30,6.9,94.02,22.38,Rabi
95711,onion,120,60,65,6.16,157.31,25.83333333,Rabi
73985,sweetpotato,90,20,120,5.16,1111.68,28.64818182,Kharif
35363,rapeseed,50,40,20,5.18,73.47,23.562,Rabi
54158,banana,100,75,50,6.54,884.5,27.65454545,Whole Year
76756,sunflower,50,60,30,5.54,34.81,34.66666667,Whole Year
71330,rice,80,40,40,5.6,98.98,34.92333333,Kharif
51961,sweetpotato,90,20,120,5.02,1111.68,28.64818182,Rabi
64405,sunflower,50,60,30,5.32,87.2,23.106,Whole Year
52094,soyabean,20,60,20,5.58,1011.49,30.43,Kharif
76485,rice,80,40,40,5.68,297.66,29.56666667,Kharif
9962,barley,70,40,45,5.5,75.32,22.676,Rabi
54106,wheat,60,30,30,6.3,140.52,12.5,Rabi
38774,wheat,60,30,30,7.0,75.32,22.676,Rabi
23904,moong,20,40,20,5.58,579.75,34.01,Summer
11567,rapeseed,50,40,20,5.06,127.68,20.8,Rabi
9454,horsegram,20,60,20,5.96,297.66,29.56666667,Kharif
86813,rice,80,40,40,5.52,840.46,33.58333333,Kharif
61664,rice,80,40,40,5.48,297.66,29.56666667,Kharif
28717,cotton,120,40,20,5.58,235.4251,26.64666667,Kharif
29068,sweetpotato,90,20,120,5.06,1426.3,26.73636364,Rabi
55472,garlic,50,10,60,5.52,689.88,29.03727273,Rabi
10064,moong,20,40,20,5.32,34.81,34.66666667,Kharif
67292,soyabean,20,60,20,5.68,607.48,26.36666667,Kharif
40925,rice,80,40,40,5.54,87.2,23.106,Kharif
85895,banana,100,75,50,6.6,1037.32,28.08181818,Whole Year
90399,cotton,120,40,20,5.32,510.05,33.37333333,Kharif
28275,rice,80,40,40,5.44,1011.49,30.43,Kharif
39722,soyabean,20,60,20,5.48,1166.94,28.33333333,Kharif
19018,maize,80,40,20,5.34,840.46,33.58333333,Kharif
16460,onion,120,60,65,6.0,942.8,28.99454545,Kharif
77896,sunflower,50,60,30,5.48,1166.94,28.33333333,Whole Year
98955,barley,70,40,45,5.44,75.32,22.676,Rabi
19183,moong,20,40,20,5.5,1151.02,28.03333333,Summer
73776,banana,100,75,50,6.58,2817.86,27.90909091,Whole Year
48283,barley,70,40,45,5.58,169.82,14.6,Rabi
85025,sunflower,50,60,30,5.4,34.81,34.66666667,Whole Year
2245,maize,80,40,20,5.34,607.48,26.36666667,Summer
80923,moong,20,40,20,5.64,199.2125,21.3,Summer
96309,moong,20,40,20,5.64,73.47,23.562,Kharif
86975,coriander,10,20,20,6.48,1299.26,26.51818182,Rabi
30859,turmeric,25,60,100,5.16,689.88,29.03727273,Kharif
13393,blackpepper,100,60,50,5.1,1603.2375,22.89090909,Whole Year
4615,wheat,60,30,30,6.5,152.54,22.28,Rabi
53068,wheat,60,30,30,6.1,113.7,30.26666667,Rabi
49440,maize,80,40,20,5.56,840.46,33.58333333,Kharif
27317,maize,80,40,20,5.32,199.2125,21.3,Kharif
35384,jowar,80,40,40,5.48,73.47,23.562,Kharif
81223,banana,100,75,50,6.6,1603.2375,22.89090909,Whole Year
79316,potato,180,60,90,5.0,87.2,23.106,Rabi
5210,rapeseed,50,40,20,5.0,127.68,20.8,Rabi
57568,jowar,80,40,40,5.5,1151.02,28.03333333,Kharif
49340,sunflower,50,60,30,5.46,840.46,33.58333333,Whole Year
53071,onion,120,60,65,5.96,1426.3,26.73636364,Kharif
2633,maize,80,40,20,5.42,113.7,30.26666667,Kharif
30123,onion,120,60,65,6.0,770.44,28.68,Rabi
89089,turmeric,25,60,100,4.9,1111.68,28.64818182,Kharif
49388,maize,80,40,20,5.6,87.2,23.106,Kharif
72587,rapeseed,50,40,20,4.92,240.1,10.38,Rabi
59498,rapeseed,50,40,20,4.96,73.47,23.562,Rabi
10361,moong,20,40,20,5.46,579.75,34.01,Summer
11685,rice,80,40,40,5.54,98.98,34.92333333,Kharif
63510,moong,20,40,20,5.66,288.3,25.46,Summer
92106,barley,70,40,45,5.32,75.32,22.676,Rabi
27477,maize,80,40,20,5.48,1246.715,22.6,Summer
94352,wheat,60,30,30,6.12,94.02,22.38,Rabi
72767,wheat,60,30,30,6.8,293.36,14.7,Rabi
86964,ragi,50,40,20,5.56,1151.02,28.03333333,Kharif
8069,potato,180,60,90,5.08,40.023,23.14,Rabi
50361,cotton,120,40,20,5.58,790.98,30.61666667,Kharif
54178,garlic,50,10,60,5.38,884.5,27.65454545,Rabi
2731,wheat,60,30,30,7.0,167.38,23.56,Rabi
64740,potato,180,60,90,5.12,1151.02,28.03333333,Rabi
19850,barley,70,40,45,5.58,240.1,10.38,Rabi
31032,garlic,50,10,60,5.48,1411.78,19.94545455,Rabi
49822,coriander,10,20,20,6.54,1026.64,29.18636364,Rabi
21598,jowar,80,40,40,5.5,70.11,25.6,Rabi
16846,moong,20,40,20,5.48,579.75,34.01,Kharif
41370,barley,70,40,45,5.56,87.2,23.106,Rabi
12423,cotton,120,40,20,5.56,790.98,30.61666667,Kharif
68057,rice,80,40,40,5.32,411.52,34.73,Kharif
58423,potato,180,60,90,5.08,122.42,18.58,Rabi
45285,barley,70,40,45,5.68,70.598,18.92,Rabi
47320,cucumber,60,60,85,6.62,942.8,28.99454545,Summer
75498,rapeseed,50,40,20,4.92,167.38,23.56,Rabi
48035,maize,80,40,20,5.42,34.81,34.66666667,Summer
1520,maize,80,40,20,5.52,516.68,27.86666667,Summer
54879,rapeseed,50,40,20,5.16,75.32,22.676,Rabi
73217,moong,20,40,20,5.34,1246.715,22.6,Kharif
40803,rice,80,40,40,5.4,497.88,25.03333333,Kharif
71879,cotton,120,40,20,5.54,1151.02,28.03333333,Kharif
52391,soyabean,20,60,20,5.52,70.11,25.6,Kharif
96187,garlic,50,10,60,5.56,1111.68,28.64818182,Rabi
72599,ragi,50,40,20,5.38,664.94,22.03333333,Kharif
1372,onion,120,60,65,6.04,810.26,29.95636364,Rabi
88951,maize,80,40,20,5.54,1111.68,28.64818182,Summer
76036,potato,180,60,90,4.84,556.2,28.54545455,Rabi
14165,barley,70,40,45,5.58,73.47,23.562,Rabi
1406,rapeseed,50,40,20,4.96,15.34,27.276,Rabi
62850,ragi,50,40,20,5.58,1110.78,25.66666667,Kharif
6725,soyabean,20,60,20,5.56,1246.715,22.6,Kharif
48007,rapeseed,50,40,20,5.0,75.32,22.676,Rabi
41101,maize,80,40,20,5.44,840.46,33.58333333,Summer
77705,onion,120,60,65,6.08,1411.78,19.94545455,Kharif
91385,maize,80,40,20,5.38,34.81,34.66666667,Summer
46802,cardamom,75,75,150,4.94,884.5,27.65454545,Kharif
55903,jute,80,40,40,5.42,1166.94,28.33333333,Kharif
5860,blackgram,40,60,20,5.0,840.46,33.58333333,Kharif
84865,potato,180,60,90,4.9,75.32,22.676,Rabi
30381,maize,80,40,20,5.48,75.32,22.676,Kharif
14273,moong,20,40,20,5.56,607.48,26.36666667,Kharif
41407,maize,80,40,20,5.32,840.46,33.58333333,Kharif
43517,tomato,100,40,90,6.04,1111.68,28.64818182,Whole Year
4249,barley,70,40,45,5.64,75.32,22.676,Rabi
17252,barley,70,40,45,5.58,75.32,22.676,Rabi
92884,potato,180,60,90,5.18,1037.32,28.08181818,Rabi
67349,rice,80,40,40,5.64,702.459,27.23333333,Kharif
32462,maize,80,40,20,5.36,87.2,23.106,Summer
14370,jowar,80,40,40,5.64,70.11,25.6,Rabi
21680,soyabean,20,60,20,5.56,423.745,22.07,Kharif
44113,tomato,100,40,90,5.82,1111.68,28.64818182,Whole Year
56934,onion,120,60,65,6.0,1026.64,29.18636364,Rabi
35123,tomato,100,40,90,5.88,1111.68,28.64818182,Whole Year
39777,rice,80,40,40,5.62,182.5,29.2,Kharif
92534,rapeseed,50,40,20,5.08,152.54,22.28,Rabi
21109,barley,70,40,45,5.62,73.47,23.562,Rabi
38223,radish,25,100,50,5.98,884.5,27.65454545,Rabi
59963,sunflower,50,60,30,5.4,70.11,25.6,Whole Year
48202,barley,70,40,45,5.68,75.32,22.676,Rabi
33802,rice,80,40,40,5.42,516.68,27.86666667,Kharif
52266,rapeseed,50,40,20,4.94,73.47,23.562,Rabi
76817,barley,70,40,45,5.38,75.32,22.676,Rabi
29701,rapeseed,50,40,20,5.16,19.38,22.766,Rabi
86540,maize,80,40,20,5.64,840.46,33.58333333,Kharif
47172,coriander,10,20,20,6.64,942.8,28.99454545,Rabi
77291,turmeric,25,60,100,5.0,75.32,22.676,Kharif
17799,maize,80,40,20,5.36,288.3,25.46,Kharif
79432,rice,80,40,40,5.68,840.46,33.58333333,Kharif
70750,maize,80,40,20,5.6,1712.66,11.2,Summer
81735,wheat,60,30,30,6.4,73.47,23.562,Rabi
7713,jowar,80,40,40,5.32,1011.49,30.43,Kharif
73163,banana,100,75,50,6.32,1603.2375,22.89090909,Whole Year
40400,maize,80,40,20,5.66,1712.66,11.2,Kharif
43204,blackpepper,100,60,50,5.08,1603.2375,22.89090909,Whole Year
66310,maize,80,40,20,5.62,1011.49,30.43,Kharif
76192,ragi,50,40,20,5.62,884.5,27.65454545,Kharif
2188,rice,80,40,40,5.5,607.48,26.36666667,Kharif
13884,wheat,60,30,30,6.3,73.47,23.562,Rabi
62816,sweetpotato,90,20,120,5.12,689.88,29.03727273,Kharif
54926,barley,70,40,45,5.58,75.32,22.676,Rabi
86720,barley,70,40,45,5.32,87.2,23.106,Rabi
22255,rapeseed,50,40,20,5.04,167.38,23.56,Rabi
74811,rice,80,40,40,5.62,607.48,26.36666667,Kharif
7718,wheat,60,30,30,6.1,73.47,23.562,Rabi
92109,onion,120,60,65,6.1,75.32,22.676,Rabi
63300,turmeric,25,60,100,5.16,1037.32,28.08181818,Kharif
61308,rapeseed,50,40,20,5.1,19.38,22.766,Rabi
4731,turmeric,25,60,100,5.16,1501.98,25.81818182,Kharif
79799,moong,20,40,20,5.68,94.02,22.38,Kharif
71304,barley,70,40,45,5.48,87.2,23.106,Rabi
21189,garlic,50,10,60,5.5,1111.68,28.64818182,Rabi
36856,onion,120,60,65,5.92,1426.3,26.73636364,Rabi
43862,sweetpotato,90,20,120,5.0,1111.68,28.64818182,Rabi
56286,sunflower,50,60,30,5.5,1037.32,28.08181818,Whole Year
26464,cotton,120,40,20,5.68,790.98,30.61666667,Kharif
2789,wheat,60,30,30,6.9,167.38,23.56,Rabi
70591,rapeseed,50,40,20,4.9,152.54,22.28,Rabi
83587,rapeseed,50,40,20,5.04,884.5,27.65454545,Rabi
69565,sweetpotato,90,20,120,4.9,579.75,34.01,Rabi
14483,rice,80,40,40,5.36,607.48,26.36666667,Kharif
60059,rapeseed,50,40,20,4.94,70.11,25.6,Rabi
77540,maize,80,40,20,5.32,579.75,34.01,Summer
99784,moong,20,40,20,5.48,1166.94,28.33333333,Summer
90361,rapeseed,50,40,20,5.06,19.38,22.766,Rabi
99540,potato,180,60,90,4.94,169.82,14.6,Rabi
77641,coriander,10,20,20,6.32,75.32,22.676,Rabi
76316,maize,80,40,20,5.4,884.5,27.65454545,Kharif
56514,banana,100,75,50,6.58,2169.32,23.73636364,Whole Year
53422,coriander,10,20,20,6.4,1426.3,26.73636364,Rabi
37095,mango,20,20,30,4.88,556.2,28.54545455,Summer
40619,banana,100,75,50,6.4,2169.32,23.73636364,Whole Year
51435,jowar,80,40,40,5.5,199.2125,21.3,Rabi
51893,maize,80,40,20,5.38,1011.49,30.43,Summer
9977,barley,70,40,45,5.68,75.32,22.676,Rabi
74106,onion,120,60,65,6.16,1111.68,28.64818182,Rabi
3714,moong,20,40,20,5.54,34.81,34.66666667,Kharif
62272,coriander,10,20,20,6.48,689.88,29.03727273,Rabi
2740,jute,80,40,40,5.46,1145.22,28.5,Kharif
48622,rapeseed,50,40,20,5.1,152.54,22.28,Rabi
61475,moong,20,40,20,5.4,297.66,29.56666667,Summer
65662,horsegram,20,60,20,6.12,1246.715,22.6,Rabi
12141,jowar,80,40,40,5.32,840.46,33.58333333,Kharif
94491,jowar,80,40,40,5.5,790.98,30.61666667,Rabi
37476,cotton,120,40,20,5.6,510.05,33.37333333,Kharif
47610,maize,80,40,20,5.34,75.32,22.676,Kharif
56275,horsegram,20,60,20,6.16,288.3,25.46,Kharif
93524,rice,80,40,40,5.4,127.68,20.8,Kharif
75935,sweetpotato,90,20,120,5.16,556.2,28.54545455,Kharif
19245,coriander,10,20,20,6.64,1299.26,26.51818182,Rabi
14041,barley,70,40,45,5.34,73.47,23.562,Rabi
51794,soyabean,20,60,20,5.54,1011.49,30.43,Kharif
1670,jowar,80,40,40,5.66,1246.715,22.6,Kharif
36448,rice,80,40,40,5.46,235.4251,26.64666667,Kharif
669,barley,70,40,45,5.56,87.2,23.106,Rabi
54772,rice,80,40,40,5.56,1220.22,27.26666667,Kharif
17741,maize,80,40,20,5.66,654.34,29.26666667,Summer
28613,rice,80,40,40,5.54,607.48,26.36666667,Kharif
65456,onion,120,60,65,5.94,122.42,18.58,Rabi
42504,horsegram,20,60,20,6.06,1246.715,22.6,Kharif
17654,rice,80,40,40,5.56,182.5,29.2,Kharif
38691,sunflower,50,60,30,5.34,579.75,34.01,Whole Year
26450,rice,80,40,40,5.5,790.98,30.61666667,Kharif
51821,maize,80,40,20,5.36,1011.49,30.43,Summer
78380,cotton,120,40,20,5.46,654.34,29.26666667,Kharif
39296,sunflower,50,60,30,5.62,579.75,34.01,Whole Year
72992,rice,80,40,40,5.5,976.06,25.66666667,Kharif
98655,maize,80,40,20,5.54,34.81,34.66666667,Kharif
31366,jute,80,40,40,5.38,1166.94,28.33333333,Kharif
81803,onion,120,60,65,6.18,1111.68,28.64818182,Kharif
40560,rice,80,40,40,5.42,1543.76,27.33333333,Kharif
23971,potato,180,60,90,4.86,689.88,29.03727273,Rabi
70363,rice,80,40,40,5.68,1166.94,28.33333333,Kharif
99789,rapeseed,50,40,20,4.94,152.54,22.28,Rabi
39940,rice,80,40,40,5.34,182.5,29.2,Kharif
38077,maize,80,40,20,5.56,297.66,29.56666667,Summer
44637,maize,80,40,20,5.58,607.48,26.36666667,Summer
97338,moong,20,40,20,5.62,113.7,30.26666667,Kharif
51490,blackpepper,100,60,50,4.9,1603.2375,22.89090909,Whole Year
18439,coriander,10,20,20,6.6,1026.64,29.18636364,Rabi
97685,maize,80,40,20,5.6,510.05,33.37333333,Summer
62556,potato,180,60,90,4.84,75.32,22.676,Rabi
83338,wheat,60,30,30,6.7,19.38,22.766,Rabi
43504,rapeseed,50,40,20,4.84,73.47,23.562,Rabi
28089,cotton,120,40,20,5.66,1011.49,30.43,Kharif
22311,garlic,50,10,60,5.38,1426.3,26.73636364,Rabi
516,potato,180,60,90,4.86,2169.32,23.73636364,Rabi
29479,cotton,120,40,20,5.32,510.05,33.37333333,Kharif
76678,onion,120,60,65,6.06,75.32,22.676,Kharif
38720,barley,70,40,45,5.64,75.32,22.676,Rabi
57288,potato,180,60,90,4.84,1026.64,29.18636364,Rabi
15808,rice,80,40,40,5.42,510.05,33.37333333,Kharif
36353,rapeseed,50,40,20,4.82,56.236,15.852,Rabi
43849,soyabean,20,60,20,5.46,1011.49,30.43,Kharif
73860,ragi,50,40,20,5.52,1997.12,27.0,Kharif
62872,ragi,50,40,20,5.42,1110.78,25.66666667,Kharif
71465,barley,70,40,45,5.4,87.2,23.106,Rabi
50067,moong,20,40,20,5.38,94.02,22.38,Kharif
36998,banana,100,75,50,6.32,550.1245,27.63636364,Whole Year
82774,jute,80,40,40,5.68,1145.22,28.5,Kharif
53922,barley,70,40,45,5.66,19.38,22.766,Rabi
406,cotton,120,40,20,5.68,1543.76,27.33333333,Kharif
33778,potato,180,60,90,4.88,1089.6,20.70909091,Rabi
28027,rapeseed,50,40,20,5.06,73.47,23.562,Rabi
66975,garlic,50,10,60,5.44,1111.68,28.64818182,Rabi
52665,turmeric,25,60,100,4.94,1350.025,26.01818182,Kharif
86536,maize,80,40,20,5.42,98.98,34.92333333,Summer
97265,maize,80,40,20,5.4,113.7,30.26666667,Summer
19803,rice,80,40,40,5.52,664.94,22.03333333,Kharif
91591,jowar,80,40,40,5.48,579.75,34.01,Rabi
95221,ragi,50,40,20,5.36,199.2125,21.3,Kharif
1025,maize,80,40,20,5.58,87.2,23.106,Summer
30758,jowar,80,40,40,5.32,579.75,34.01,Rabi
63180,rice,80,40,40,5.62,152.54,22.28,Kharif
94913,rice,80,40,40,5.56,664.94,22.03333333,Kharif
9237,wheat,60,30,30,6.3,19.38,22.766,Rabi
8130,rice,80,40,40,5.4,702.459,27.23333333,Kharif
38760,barley,70,40,45,5.44,75.32,22.676,Rabi
99392,maize,80,40,20,5.68,579.75,34.01,Kharif
91927,jowar,80,40,40,5.42,579.75,34.01,Rabi
5968,banana,100,75,50,6.36,1026.64,29.18636364,Whole Year
4653,barley,70,40,45,5.36,1501.98,25.81818182,Rabi
18842,onion,120,60,65,5.86,1026.64,29.18636364,Kharif
21748,maize,80,40,20,5.36,235.4251,26.64666667,Kharif
37960,rice,80,40,40,5.44,297.66,29.56666667,Kharif
16271,turmeric,25,60,100,5.18,884.5,27.65454545,Kharif
21146,rapeseed,50,40,20,4.86,73.47,23.562,Rabi
57588,rice,80,40,40,5.42,1151.02,28.03333333,Kharif
50120,sunflower,50,60,30,5.52,1151.02,28.03333333,Whole Year
88104,onion,120,60,65,6.04,1246.715,22.6,Rabi
71750,rice,80,40,40,5.36,98.98,34.92333333,Kharif
98504,moong,20,40,20,5.46,145.76,21.66,Kharif
52806,sweetpotato,90,20,120,4.92,423.745,22.07,Rabi
32149,rice,80,40,40,5.46,127.68,20.8,Kharif
97198,maize,80,40,20,5.48,1145.22,28.5,Kharif
62911,wheat,60,30,30,7.0,169.82,14.6,Rabi
63453,turmeric,25,60,100,4.88,1037.32,28.08181818,Kharif
74668,jowar,80,40,40,5.34,70.11,25.6,Rabi
97258,rice,80,40,40,5.68,167.38,23.56,Kharif
36480,maize,80,40,20,5.52,207.55,26.43333333,Summer
57749,barley,70,40,45,5.44,94.02,22.38,Rabi
63641,rice,80,40,40,5.56,497.88,25.03333333,Kharif
86938,soyabean,20,60,20,5.54,1151.02,28.03333333,Kharif
86078,sweetpotato,90,20,120,5.02,2169.32,23.73636364,Kharif
69273,maize,80,40,20,5.62,75.32,22.676,Kharif
6738,turmeric,25,60,100,5.08,1603.2375,22.89090909,Kharif
62332,barley,70,40,45,5.54,75.32,22.676,Rabi
74378,rice,80,40,40,5.36,1011.49,30.43,Kharif
22750,moong,20,40,20,5.6,510.05,33.37333333,Summer
74118,coriander,10,20,20,6.64,1111.68,28.64818182,Rabi
52176,rice,80,40,40,5.38,1011.49,30.43,Kharif
59573,barley,70,40,45,5.66,73.47,23.562,Rabi
86674,maize,80,40,20,5.54,87.2,23.106,Kharif
60869,rice,80,40,40,5.4,10.265748,25.76,Kharif
22177,rice,80,40,40,5.44,167.38,23.56,Kharif
64287,wheat,60,30,30,6.3,87.2,23.106,Rabi
55560,banana,100,75,50,6.66,689.88,29.03727273,Whole Year
28086,onion,120,60,65,5.9,1111.68,28.64818182,Kharif
82535,potato,180,60,90,4.82,70.598,18.92,Rabi
68749,rice,80,40,40,5.58,297.66,29.56666667,Kharif
46447,pineapple,160,40,120,6.54,884.5,27.65454545,Whole Year
51736,horsegram,20,60,20,5.82,1011.49,30.43,Kharif
11735,banana,100,75,50,6.52,1026.64,29.18636364,Whole Year
64638,potato,180,60,90,5.12,94.02,22.38,Rabi
73090,potato,180,60,90,5.12,1246.715,22.6,Rabi
70296,garlic,50,10,60,5.38,1411.78,19.94545455,Rabi
27110,moong,20,40,20,5.64,199.2125,21.3,Kharif
61661,jowar,80,40,40,5.32,297.66,29.56666667,Kharif
67489,rice,80,40,40,5.62,235.4251,26.64666667,Kharif
11790,rapeseed,50,40,20,4.84,87.2,23.106,Rabi
50702,barley,70,40,45,5.36,293.36,14.7,Rabi
45557,turmeric,25,60,100,4.84,1426.3,26.73636364,Kharif
32594,potato,180,60,90,4.98,1026.64,29.18636364,Rabi
16098,jowar,80,40,40,5.64,297.66,29.56666667,Rabi
34439,rice,80,40,40,5.6,1246.715,22.6,Kharif
64449,rice,80,40,40,5.52,87.2,23.106,Kharif
3802,moong,20,40,20,5.66,34.81,34.66666667,Kharif
27098,turmeric,25,60,100,4.96,1603.2375,22.89090909,Kharif
93869,wheat,60,30,30,6.7,87.2,23.106,Rabi
36001,jowar,80,40,40,5.42,607.48,26.36666667,Rabi
74629,maize,80,40,20,5.66,607.48,26.36666667,Summer
76282,banana,100,75,50,6.38,884.5,27.65454545,Whole Year
72111,rapeseed,50,40,20,5.0,94.02,22.38,Rabi
6921,onion,120,60,65,6.02,1246.715,22.6,Kharif
66817,coriander,10,20,20,6.52,1111.68,28.64818182,Rabi
91708,wheat,60,30,30,7.0,75.32,22.676,Rabi
3304,rapeseed,50,40,20,5.04,884.5,27.65454545,Rabi
32318,maize,80,40,20,5.42,840.46,33.58333333,Summer
14447,rice,80,40,40,5.62,607.48,26.36666667,Kharif
75530,ragi,50,40,20,5.38,167.38,23.56,Kharif
37732,drumstick,40,20,10,6.6,884.5,27.65454545,Whole Year
80335,barley,70,40,45,5.68,240.1,10.38,Rabi
85116,potato,180,60,90,4.82,75.32,22.676,Rabi
15865,cotton,120,40,20,5.56,510.05,33.37333333,Kharif
83374,potato,180,60,90,5.12,556.2,28.54545455,Rabi
42556,sweetpotato,90,20,120,5.02,1603.2375,22.89090909,Kharif
80342,ragi,50,40,20,5.6,664.94,22.03333333,Kharif
26956,rapeseed,50,40,20,5.02,199.2125,21.3,Rabi
69016,coriander,10,20,20,6.4,942.8,28.99454545,Rabi
47534,wheat,60,30,30,6.5,75.32,22.676,Rabi
70294,rapeseed,50,40,20,4.92,169.82,14.6,Rabi
6293,wheat,60,30,30,6.7,15.34,27.276,Rabi
73677,horsegram,20,60,20,5.9,199.2125,21.3,Rabi
54329,coriander,10,20,20,6.54,884.5,27.65454545,Rabi
27242,rice,80,40,40,5.46,157.31,25.83333333,Kharif
72032,soyabean,20,60,20,5.62,1151.02,28.03333333,Kharif
42834,potato,180,60,90,5.04,1603.2375,22.89090909,Rabi
64329,jute,80,40,40,5.38,840.46,33.58333333,Kharif
8027,sunflower,50,60,30,5.34,607.48,26.36666667,Whole Year
98959,maize,80,40,20,5.66,34.81,34.66666667,Summer
35792,soyabean,20,60,20,5.54,1011.49,30.43,Kharif
50011,moong,20,40,20,5.5,1151.02,28.03333333,Kharif
64539,horsegram,20,60,20,6.02,1151.02,28.03333333,Rabi
6392,barley,70,40,45,5.64,41.3,21.704,Rabi
41600,banana,100,75,50,6.5,1299.26,26.51818182,Whole Year
94815,potato,180,60,90,5.1,664.94,22.03333333,Rabi
53189,maize,80,40,20,5.36,1145.22,28.5,Kharif
87660,jowar,80,40,40,5.58,199.2125,21.3,Rabi
94936,wheat,60,30,30,6.3,122.42,18.58,Rabi
87215,onion,120,60,65,5.92,15.34,27.276,Rabi
7876,wheat,60,30,30,6.7,70.11,25.6,Rabi
16736,wheat,60,30,30,7.0,75.32,22.676,Rabi
87944,jowar,80,40,40,5.44,1246.715,22.6,Rabi
51725,soyabean,20,60,20,5.5,1011.49,30.43,Kharif
74494,maize,80,40,20,5.36,1011.49,30.43,Kharif
6439,wheat,60,30,30,6.8,41.3,21.704,Rabi
15346,cotton,120,40,20,5.54,1145.22,28.5,Kharif
65598,soyabean,20,60,20,5.38,1246.715,22.6,Kharif
40287,bottlegourd,100,50,50,6.32,1037.32,28.08181818,Kharif
70397,soyabean,20,60,20,5.44,1166.94,28.33333333,Kharif
82264,wheat,60,30,30,6.3,70.11,25.6,Rabi
31266,potato,180,60,90,5.06,1501.98,25.81818182,Rabi
68320,sweetpotato,90,20,120,4.98,556.2,28.54545455,Rabi
51808,rice,80,40,40,5.32,1011.49,30.43,Kharif
34251,horsegram,20,60,20,5.82,1246.715,22.6,Kharif
85223,wheat,60,30,30,6.7,169.82,14.6,Rabi
45518,sunflower,50,60,30,5.4,1145.22,28.5,Whole Year
3153,moong,20,40,20,5.42,884.5,27.65454545,Kharif
11712,rice,80,40,40,5.5,840.46,33.58333333,Kharif
11317,rice,80,40,40,5.32,1712.66,11.2,Kharif
83478,rapeseed,50,40,20,4.84,19.38,22.766,Rabi
42161,barley,70,40,45,5.5,41.3,21.704,Rabi
24606,moong,20,40,20,5.56,182.5,29.2,Kharif
88040,ragi,50,40,20,5.52,199.2125,21.3,Kharif
34363,grapes,20,125,200,4.16,1603.2375,22.89090909,Whole Year
54517,coriander,10,20,20,6.52,884.5,27.65454545,Rabi
9188,maize,80,40,20,5.58,510.05,33.37333333,Kharif
28866,garlic,50,10,60,5.48,1426.3,26.73636364,Rabi
2376,maize,80,40,20,5.56,702.459,27.23333333,Summer
70881,potato,180,60,90,5.14,2169.32,23.73636364,Rabi
48013,jowar,80,40,40,5.56,579.75,34.01,Rabi
6717,jowar,80,40,40,5.38,1246.715,22.6,Kharif
92174,jowar,80,40,40,5.58,579.75,34.01,Rabi
70070,onion,120,60,65,5.94,75.32,22.676,Rabi
89409,rice,80,40,40,5.38,423.745,22.07,Kharif
61785,sunflower,50,60,30,5.32,942.8,28.99454545,Whole Year
30017,rice,80,40,40,5.58,98.94,25.574,Kharif
50950,jowar,80,40,40,5.44,199.2125,21.3,Kharif
15039,turmeric,25,60,100,5.18,1145.22,28.5,Kharif
62940,soyabean,20,60,20,5.44,1110.78,25.66666667,Kharif
29453,maize,80,40,20,5.38,510.05,33.37333333,Summer
29719,potato,180,60,90,5.0,556.2,28.54545455,Rabi
30320,moong,20,40,20,5.62,579.75,34.01,Summer
22565,coriander,10,20,20,6.32,556.2,28.54545455,Rabi
63557,maize,80,40,20,5.56,1712.66,11.2,Summer
27824,barley,70,40,45,5.6,73.47,23.562,Rabi
84049,sunflower,50,60,30,5.64,942.8,28.99454545,Whole Year
59034,turmeric,25,60,100,5.1,1603.2375,22.89090909,Kharif
71862,barley,70,40,45,5.64,87.2,23.106,Rabi
4634,rice,80,40,40,5.66,182.5,29.2,Kharif
82480,rice,80,40,40,5.62,235.4251,26.64666667,Kharif
79223,moong,20,40,20,5.42,98.98,34.92333333,Summer
35112,banana,100,75,50,6.58,1111.68,28.64818182,Whole Year
18308,rice,80,40,40,5.46,127.68,20.8,Kharif
30658,jowar,80,40,40,5.38,579.75,34.01,Rabi
13931,garlic,50,10,60,5.36,1111.68,28.64818182,Rabi
8615,rice,80,40,40,5.68,167.38,23.56,Kharif
6479,rapeseed,50,40,20,4.98,240.1,10.38,Rabi
95138,onion,120,60,65,5.94,1246.715,22.6,Kharif
80181,maize,80,40,20,5.58,331.88,35.34666667,Summer
41879,cotton,120,40,20,5.64,790.98,30.61666667,Kharif
54995,onion,120,60,65,6.14,689.88,29.03727273,Rabi
25329,onion,120,60,65,5.86,2169.32,23.73636364,Rabi
25148,cotton,120,40,20,5.48,1543.76,27.33333333,Kharif
68506,rapeseed,50,40,20,5.16,140.52,12.5,Rabi
72946,maize,80,40,20,5.58,976.06,25.66666667,Kharif
47603,wheat,60,30,30,6.6,75.32,22.676,Rabi
47694,onion,120,60,65,5.94,75.32,22.676,Rabi
65974,soyabean,20,60,20,5.6,1246.715,22.6,Kharif
5781,maize,80,40,20,5.54,87.2,23.106,Kharif
70606,jowar,80,40,40,5.68,288.3,25.46,Rabi
14885,jute,80,40,40,5.5,1145.22,28.5,Kharif
7057,maize,80,40,20,5.38,157.31,25.83333333,Kharif
9981,maize,80,40,20,5.48,34.81,34.66666667,Kharif
70349,rice,80,40,40,5.66,1166.94,28.33333333,Kharif
45841,maize,80,40,20,5.66,411.52,34.73,Kharif
19663,rapeseed,50,40,20,5.1,41.3,21.704,Rabi
13645,jowar,80,40,40,5.58,1011.49,30.43,Kharif
17976,onion,120,60,65,6.06,654.34,29.26666667,Rabi
74114,soyabean,20,60,20,5.36,1011.49,30.43,Kharif
17599,wheat,60,30,30,7.0,152.54,22.28,Rabi
84623,moong,20,40,20,5.66,579.75,34.01,Kharif
98872,moong,20,40,20,5.66,34.81,34.66666667,Kharif
76645,maize,80,40,20,5.46,1220.22,27.26666667,Summer
80025,jowar,80,40,40,5.58,15.34,27.276,Rabi
18520,rice,80,40,40,5.38,840.46,33.58333333,Kharif
64164,rapeseed,50,40,20,4.9,87.2,23.106,Rabi
33244,sunflower,50,60,30,5.38,1151.02,28.03333333,Whole Year
26767,rice,80,40,40,5.66,664.94,22.03333333,Kharif
91607,onion,120,60,65,6.16,34.81,34.66666667,Rabi
26053,banana,100,75,50,6.62,1299.26,26.51818182,Whole Year
55979,turmeric,25,60,100,5.18,1501.98,25.81818182,Kharif
42122,maize,80,40,20,5.52,331.88,35.34666667,Summer
34147,jowar,80,40,40,5.56,1246.715,22.6,Rabi
78219,maize,80,40,20,5.52,288.3,25.46,Summer
1452,wheat,60,30,30,6.11,41.3,21.704,Rabi
82593,maize,80,40,20,5.5,70.598,18.92,Summer
87224,maize,80,40,20,5.44,790.98,30.61666667,Kharif
37255,sweetpotato,90,20,120,4.9,556.2,28.54545455,Rabi
66447,jute,80,40,40,5.64,1011.49,30.43,Kharif
51403,turmeric,25,60,100,5.18,1603.2375,22.89090909,Kharif
10696,jowar,80,40,40,5.64,579.75,34.01,Rabi
14729,rice,80,40,40,5.44,423.745,22.07,Kharif
9209,wheat,60,30,30,6.8,19.38,22.766,Rabi
81624,coriander,10,20,20,6.52,1111.68,28.64818182,Rabi
10867,soyabean,20,60,20,5.58,1166.94,28.33333333,Kharif
74061,coriander,10,20,20,6.64,1111.68,28.64818182,Rabi
69424,wheat,60,30,30,6.9,75.32,22.676,Rabi
35684,sweetpotato,90,20,120,5.1,1111.68,28.64818182,Rabi
32055,papaya,50,50,50,5.94,2169.32,23.73636364,Whole Year
41268,moong,20,40,20,5.34,840.46,33.58333333,Kharif
5709,rice,80,40,40,5.54,87.2,23.106,Kharif
11504,cotton,120,40,20,5.5,1543.76,27.33333333,Kharif
91430,maize,80,40,20,5.42,34.81,34.66666667,Kharif
72633,barley,70,40,45,5.54,240.1,10.38,Rabi
78773,wheat,60,30,30,6.1,127.68,20.8,Rabi
4940,rice,80,40,40,5.48,654.34,29.26666667,Kharif
72748,onion,120,60,65,5.92,293.36,14.7,Rabi
58723,coriander,10,20,20,6.4,1603.2375,22.89090909,Rabi
43257,rice,80,40,40,5.46,330.0,29.33333333,Kharif
54778,jute,80,40,40,5.4,1220.22,27.26666667,Kharif
50339,moong,20,40,20,5.4,790.98,30.61666667,Kharif
44182,sunflower,50,60,30,5.38,1011.49,30.43,Whole Year
74726,soyabean,20,60,20,5.46,607.48,26.36666667,Kharif
15872,barley,70,40,45,5.6,19.38,22.766,Rabi
72570,turmeric,25,60,100,4.9,664.94,22.03333333,Kharif
12514,potato,180,60,90,5.08,421.14,28.50727273,Rabi
69808,potato,180,60,90,4.84,75.32,22.676,Rabi
24954,moong,20,40,20,5.52,288.3,25.46,Kharif
35741,cabbage,100,65,70,6.48,1111.68,28.64818182,Rabi
27614,banana,100,75,50,6.46,2817.86,27.90909091,Whole Year
97491,horsegram,20,60,20,6.0,167.38,23.56,Kharif
84559,sweetpotato,90,20,120,4.84,579.75,34.01,Kharif
45787,wheat,60,30,30,6.7,66.52,20.312,Rabi
1543,horsegram,20,60,20,6.14,199.2125,21.3,Rabi
43380,turmeric,25,60,100,4.94,2817.86,27.90909091,Kharif
21193,maize,80,40,20,5.46,1011.49,30.43,Summer
10299,wheat,60,30,30,6.12,75.32,22.676,Rabi
49462,potato,180,60,90,5.08,1026.64,29.18636364,Rabi
68554,onion,120,60,65,6.06,884.5,27.65454545,Kharif
36034,rice,80,40,40,5.48,607.48,26.36666667,Kharif
86077,potato,180,60,90,5.1,2169.32,23.73636364,Rabi
41276,maize,80,40,20,5.58,98.98,34.92333333,Kharif
48254,moong,20,40,20,5.34,579.75,34.01,Kharif
99701,maize,80,40,20,5.32,182.5,29.2,Kharif
9689,sweetpotato,90,20,120,5.12,884.5,27.65454545,Kharif
9937,sunflower,50,60,30,5.62,75.32,22.676,Whole Year
87009,turmeric,25,60,100,4.92,1299.26,26.51818182,Kharif
3607,jowar,80,40,40,5.46,770.44,28.68,Kharif
27750,rapeseed,50,40,20,5.18,73.47,23.562,Rabi
55079,jowar,80,40,40,5.42,579.75,34.01,Rabi
56427,rice,80,40,40,5.6,1543.76,27.33333333,Kharif
54358,coriander,10,20,20,6.44,884.5,27.65454545,Rabi
52937,rapeseed,50,40,20,5.08,70.598,18.92,Rabi
29359,cotton,120,40,20,5.62,411.52,34.73,Kharif
55932,rapeseed,50,40,20,4.82,152.54,22.28,Rabi
40418,rice,80,40,40,5.56,497.88,25.03333333,Kharif
10154,barley,70,40,45,5.36,75.32,22.676,Rabi
41823,wheat,60,30,30,6.11,94.02,22.38,Rabi
15190,wheat,60,30,30,6.11,167.38,23.56,Rabi
84090,jowar,80,40,40,5.62,770.44,28.68,Rabi
25502,potato,180,60,90,4.88,1026.64,29.18636364,Rabi
7167,jowar,80,40,40,5.38,199.2125,21.3,Kharif
17293,onion,120,60,65,5.98,689.88,29.03727273,Rabi
60801,rice,80,40,40,5.6,167.38,23.56,Kharif
22583,maize,80,40,20,5.46,510.05,33.37333333,Kharif
39327,maize,80,40,20,5.36,579.75,34.01,Kharif
43713,maize,80,40,20,5.5,1011.49,30.43,Summer
78051,barley,70,40,45,5.46,152.54,22.28,Rabi
68166,sweetpotato,90,20,120,5.02,556.2,28.54545455,Kharif
17919,banana,100,75,50,6.58,1037.32,28.08181818,Whole Year
76651,cotton,120,40,20,5.58,1220.22,27.26666667,Kharif
14607,rapeseed,50,40,20,4.92,40.023,23.14,Rabi
97726,soyabean,20,60,20,5.44,510.05,33.37333333,Kharif
57904,wheat,60,30,30,6.12,15.34,27.276,Rabi
793,onion,120,60,65,6.02,1026.64,29.18636364,Rabi
61242,moong,20,40,20,5.42,510.05,33.37333333,Kharif
90220,cotton,120,40,20,5.48,510.05,33.37333333,Kharif
4613,soyabean,20,60,20,5.44,1166.94,28.33333333,Kharif
13858,onion,120,60,65,6.02,1111.68,28.64818182,Rabi
90246,rice,80,40,40,5.34,510.05,33.37333333,Kharif
19922,rapeseed,50,40,20,5.16,293.36,14.7,Rabi
9462,wheat,60,30,30,6.11,446.14,25.44,Rabi
52782,rice,80,40,40,5.32,423.745,22.07,Kharif
42813,soyabean,20,60,20,5.44,1246.715,22.6,Kharif
70495,maize,80,40,20,5.4,1166.94,28.33333333,Summer
97896,rapeseed,50,40,20,5.16,19.38,22.766,Rabi
8760,wheat,60,30,30,6.9,66.52,20.312,Rabi
47260,cucumber,60,60,85,6.4,942.8,28.99454545,Summer
57871,moong,20,40,20,5.68,790.98,30.61666667,Kharif
16556,jowar,80,40,40,5.6,770.44,28.68,Rabi
85027,maize,80,40,20,5.36,579.75,34.01,Summer
55446,potato,180,60,90,4.86,75.32,22.676,Rabi
36456,maize,80,40,20,5.34,235.4251,26.64666667,Summer
26040,cotton,120,40,20,5.68,1151.02,28.03333333,Kharif
65100,rapeseed,50,40,20,4.9,41.3,21.704,Rabi
98823,moong,20,40,20,5.36,34.81,34.66666667,Kharif
15085,horsegram,20,60,20,6.1,167.38,23.56,Kharif
23413,horsegram,20,60,20,5.94,98.94,25.574,Rabi
66632,coriander,10,20,20,6.5,1111.68,28.64818182,Rabi
21967,rice,80,40,40,5.42,1145.22,28.5,Kharif
39246,rice,80,40,40,5.48,579.75,34.01,Kharif
17088,onion,120,60,65,6.18,689.88,29.03727273,Kharif
25097,turmeric,25,60,100,4.9,2169.32,23.73636364,Kharif
20424,sunflower,50,60,30,5.6,157.31,25.83333333,Whole Year
55151,onion,120,60,65,6.0,689.88,29.03727273,Kharif
61759,sunflower,50,60,30,5.4,297.66,29.56666667,Whole Year
63296,coriander,10,20,20,6.36,1037.32,28.08181818,Rabi
57489,sweetpotato,90,20,120,4.98,1026.64,29.18636364,Rabi
22729,barley,70,40,45,5.68,19.38,22.766,Rabi
62903,horsegram,20,60,20,5.96,1110.78,25.66666667,Rabi
17314,rapeseed,50,40,20,5.1,75.32,22.676,Rabi
52794,blackpepper,100,60,50,5.12,1050.245,18.77818182,Whole Year
20299,maize,80,40,20,5.5,199.2125,21.3,Summer
7623,wheat,60,30,30,6.4,73.47,23.562,Rabi
52717,rice,80,40,40,5.68,423.745,22.07,Kharif
9996,maize,80,40,20,5.4,34.81,34.66666667,Kharif
21701,cotton,120,40,20,5.54,423.745,22.07,Kharif
8497,wheat,60,30,30,6.6,113.7,30.26666667,Rabi
23787,moong,20,40,20,5.62,75.32,22.676,Kharif
91664,maize,80,40,20,5.42,34.81,34.66666667,Kharif
22001,turmeric,25,60,100,5.04,1426.3,26.73636364,Kharif
79326,rice,80,40,40,5.64,87.2,23.106,Kharif
5879,jute,80,40,40,5.44,840.46,33.58333333,Kharif
21030,garlic,50,10,60,5.34,1111.68,28.64818182,Rabi
45444,moong,20,40,20,5.4,1145.22,28.5,Summer
3300,jowar,80,40,40,5.34,884.5,27.65454545,Rabi
27049,wheat,60,30,30,6.5,199.2125,21.3,Rabi
40650,jute,80,40,40,5.52,1543.76,27.33333333,Kharif
93727,maize,80,40,20,5.36,87.2,23.106,Summer
82012,sweetpotato,90,20,120,4.82,1111.68,28.64818182,Rabi
79811,rice,80,40,40,5.32,1151.02,28.03333333,Kharif
33928,potato,180,60,90,4.92,122.42,18.58,Rabi
83307,coriander,10,20,20,6.36,556.2,28.54545455,Rabi
87941,sweetpotato,90,20,120,5.18,1603.2375,22.89090909,Rabi
70454,barley,70,40,45,5.44,152.54,22.28,Rabi
28009,rice,80,40,40,5.4,1011.49,30.43,Kharif
74405,maize,80,40,20,5.54,1011.49,30.43,Summer
76209,horsegram,20,60,20,6.06,884.5,27.65454545,Kharif
49256,wheat,60,30,30,6.11,127.68,20.8,Rabi
4506,potato,180,60,90,4.94,689.88,29.03727273,Rabi
88473,potato,180,60,90,4.88,1111.68,28.64818182,Rabi
91866,maize,80,40,20,5.4,34.81,34.66666667,Kharif
66170,blackpepper,100,60,50,4.96,2817.86,27.90909091,Whole Year
76350,ragi,50,40,20,5.66,884.5,27.65454545,Kharif
30634,cotton,120,40,20,5.44,579.75,34.01,Kharif
51103,ragi,50,40,20,5.38,157.31,25.83333333,Kharif
3422,jowar,80,40,40,5.38,884.5,27.65454545,Rabi
20824,jowar,80,40,40,5.4,1011.49,30.43,Kharif
99050,onion,120,60,65,5.9,75.32,22.676,Kharif
29333,rapeseed,50,40,20,5.06,66.52,20.312,Rabi
69738,jowar,80,40,40,5.68,579.75,34.01,Kharif
48335,horsegram,20,60,20,6.1,1110.78,25.66666667,Rabi
77498,moong,20,40,20,5.34,34.81,34.66666667,Summer
71799,maize,80,40,20,5.64,840.46,33.58333333,Kharif
37709,turmeric,25,60,100,4.82,884.5,27.65454545,Kharif
42170,maize,80,40,20,5.38,331.88,35.34666667,Kharif
60440,rice,80,40,40,5.54,1145.22,28.5,Kharif
3116,jowar,80,40,40,5.5,510.05,33.37333333,Rabi
11895,potato,180,60,90,4.98,1026.64,29.18636364,Rabi
70973,moong,20,40,20,5.46,127.68,20.8,Summer
17672,rice,80,40,40,5.4,182.5,29.2,Kharif
40341,ragi,50,40,20,5.5,288.3,25.46,Kharif
38496,banana,100,75,50,6.62,942.8,28.99454545,Whole Year
61540,sunflower,50,60,30,5.36,297.66,29.56666667,Whole Year
30528,sunflower,50,60,30,5.62,579.75,34.01,Whole Year
78966,rapeseed,50,40,20,5.08,127.68,20.8,Rabi
51066,horsegram,20,60,20,5.9,199.2125,21.3,Kharif
19707,onion,120,60,65,6.04,421.14,28.50727273,Rabi
76787,barley,70,40,45,5.42,75.32,22.676,Rabi
20492,wheat,60,30,30,6.3,199.2125,21.3,Rabi
54274,turmeric,25,60,100,5.06,884.5,27.65454545,Kharif
79760,horsegram,20,60,20,6.16,1151.02,28.03333333,Rabi
57162,rice,80,40,40,5.64,87.2,23.106,Kharif
26101,rice,80,40,40,5.48,1151.02,28.03333333,Kharif
61043,maize,80,40,20,5.46,510.05,33.37333333,Kharif
42490,rice,80,40,40,5.36,122.42,18.58,Kharif
83198,moong,20,40,20,5.56,510.05,33.37333333,Summer
94908,wheat,60,30,30,6.4,240.1,10.38,Rabi
16200,rice,80,40,40,5.38,297.66,29.56666667,Kharif
16210,cotton,120,40,20,5.38,297.66,29.56666667,Kharif
45180,maize,80,40,20,5.34,235.4251,26.64666667,Summer
44347,maize,80,40,20,5.58,1011.49,30.43,Summer
43514,onion,120,60,65,6.14,1111.68,28.64818182,Kharif
4007,sunflower,50,60,30,5.6,75.32,22.676,Whole Year
96719,soyabean,20,60,20,5.62,607.48,26.36666667,Kharif
64844,banana,100,75,50,6.64,810.26,29.95636364,Whole Year
92411,potato,180,60,90,4.96,169.82,14.6,Rabi
81461,garlic,50,10,60,5.36,1111.68,28.64818182,Rabi
86990,garlic,50,10,60,5.34,1299.26,26.51818182,Rabi
4022,maize,80,40,20,5.68,34.81,34.66666667,Kharif
18797,maize,80,40,20,5.34,87.2,23.106,Kharif
43091,rice,80,40,40,5.42,199.2125,21.3,Kharif
77422,barley,70,40,45,5.5,75.32,22.676,Rabi
88456,garlic,50,10,60,5.54,1111.68,28.64818182,Rabi
38936,rapeseed,50,40,20,4.82,75.32,22.676,Rabi
78073,wheat,60,30,30,6.11,152.54,22.28,Rabi
79547,potato,180,60,90,5.06,87.2,23.106,Rabi
61831,jowar,80,40,40,5.66,770.44,28.68,Kharif
26491,maize,80,40,20,5.46,790.98,30.61666667,Kharif
74889,jowar,80,40,40,5.34,70.11,25.6,Kharif
60476,rice,80,40,40,5.38,113.7,30.26666667,Kharif
88727,soyabean,20,60,20,5.5,1111.68,28.64818182,Kharif
90725,moong,20,40,20,5.58,884.5,27.65454545,Kharif
2268,jowar,80,40,40,5.66,70.11,25.6,Kharif
30400,potato,180,60,90,5.1,689.88,29.03727273,Rabi
94067,soyabean,20,60,20,5.68,1151.02,28.03333333,Kharif
98645,maize,80,40,20,5.34,34.81,34.66666667,Summer
76140,sunflower,50,60,30,5.66,884.5,27.65454545,Whole Year
38511,onion,120,60,65,6.18,770.44,28.68,Rabi
99067,rapeseed,50,40,20,5.04,75.32,22.676,Rabi
67089,rapeseed,50,40,20,5.18,70.11,25.6,Rabi
94443,rice,80,40,40,5.4,790.98,30.61666667,Kharif
5130,jute,80,40,40,5.42,1543.76,27.33333333,Kharif
43279,bittergourd,60,10,20,6.58,2817.86,27.90909091,Summer
43055,rice,80,40,40,5.6,1246.715,22.6,Kharif
80942,turmeric,25,60,100,4.9,1603.2375,22.89090909,Kharif
67934,wheat,60,30,30,6.6,113.7,30.26666667,Rabi
83618,moong,20,40,20,5.36,884.5,27.65454545,Summer
42571,jowar,80,40,40,5.36,199.2125,21.3,Kharif
20533,ragi,50,40,20,5.36,1246.715,22.6,Kharif
58721,blackpepper,100,60,50,4.92,1603.2375,22.89090909,Whole Year
52031,potato,180,60,90,5.18,1111.68,28.64818182,Rabi
3842,potato,180,60,90,4.98,689.88,29.03727273,Rabi
62254,potato,180,60,90,4.86,75.32,22.676,Rabi
8270,maize,80,40,20,5.44,1145.22,28.5,Kharif
35138,onion,120,60,65,5.82,1111.68,28.64818182,Kharif
68115,rapeseed,50,40,20,5.04,19.38,22.766,Rabi
13695,garlic,50,10,60,5.34,1111.68,28.64818182,Rabi
64826,rice,80,40,40,5.48,790.98,30.61666667,Kharif
54934,rice,80,40,40,5.46,579.75,34.01,Kharif
57905,rice,80,40,40,5.6,3.94,33.76333333,Kharif
84048,potato,180,60,90,4.94,942.8,28.99454545,Rabi
54206,moong,20,40,20,5.48,297.66,29.56666667,Kharif
29111,onion,120,60,65,6.16,1426.3,26.73636364,Rabi
50663,potato,180,60,90,5.12,1098.26,15.5,Rabi
74928,jowar,80,40,40,5.5,70.11,25.6,Kharif
29946,ragi,50,40,20,5.6,297.66,29.56666667,Kharif
94696,wheat,60,30,30,6.11,41.3,21.704,Rabi
80326,barley,70,40,45,5.58,240.1,10.38,Rabi
34420,rapeseed,50,40,20,4.88,199.2125,21.3,Rabi
72137,jowar,80,40,40,5.64,1151.02,28.03333333,Rabi
86839,wheat,60,30,30,6.11,87.2,23.106,Rabi
28399,rice,80,40,40,5.64,607.48,26.36666667,Kharif
91337,potato,180,60,90,4.98,75.32,22.676,Rabi
86447,moong,20,40,20,5.48,840.46,33.58333333,Kharif
44613,rice,80,40,40,5.58,37.09,27.96666667,Kharif
72967,onion,120,60,65,6.1,122.42,18.58,Rabi
52817,rice,80,40,40,5.66,56.236,15.852,Kharif
24018,jowar,80,40,40,5.52,579.75,34.01,Rabi
79771,banana,100,75,50,6.68,1299.26,26.51818182,Whole Year
53814,rice,80,40,40,5.46,510.05,33.37333333,Kharif
35499,potato,180,60,90,4.94,1111.68,28.64818182,Rabi
51387,maize,80,40,20,5.46,199.2125,21.3,Kharif
29727,soyabean,20,60,20,5.36,510.05,33.37333333,Kharif
92114,moong,20,40,20,5.36,34.81,34.66666667,Summer
46488,sweetpotato,90,20,120,5.18,884.5,27.65454545,Rabi
73070,sunflower,50,60,30,5.48,199.2125,21.3,Whole Year
39364,potato,180,60,90,4.96,689.88,29.03727273,Rabi
7580,soyabean,20,60,20,5.38,1011.49,30.43,Kharif
65925,horsegram,20,60,20,6.06,1246.715,22.6,Kharif
58999,maize,80,40,20,5.44,157.31,25.83333333,Summer
29747,potato,180,60,90,5.1,556.2,28.54545455,Rabi
35664,tomato,100,40,90,5.96,1111.68,28.64818182,Whole Year
45508,garlic,50,10,60,5.62,1426.3,26.73636364,Rabi
49311,moong,20,40,20,5.5,127.68,20.8,Summer
4343,potato,180,60,90,4.84,689.88,29.03727273,Rabi
63242,blackpepper,100,60,50,4.84,3322.06,27.03636364,Whole Year
14106,onion,120,60,65,6.18,1111.68,28.64818182,Rabi
85590,moong,20,40,20,5.36,182.5,29.2,Summer
47991,sunflower,50,60,30,5.62,579.75,34.01,Whole Year
30605,barley,70,40,45,5.34,75.32,22.676,Rabi
84666,jowar,80,40,40,5.64,579.75,34.01,Rabi
77288,onion,120,60,65,5.98,75.32,22.676,Rabi
12951,coriander,10,20,20,6.4,1603.2375,22.89090909,Rabi
8449,jute,80,40,40,5.4,1145.22,28.5,Kharif
74371,onion,120,60,65,5.92,1111.68,28.64818182,Rabi
43963,barley,70,40,45,5.34,73.47,23.562,Rabi
65819,maize,80,40,20,5.66,157.31,25.83333333,Kharif
8815,cotton,120,40,20,5.44,411.52,34.73,Kharif
82236,ragi,50,40,20,5.64,607.48,26.36666667,Kharif
10592,wheat,60,30,30,6.1,75.32,22.676,Rabi
75616,moong,20,40,20,5.52,411.52,34.73,Summer
17520,barley,70,40,45,5.42,152.54,22.28,Rabi
1815,horsegram,20,60,20,6.1,199.2125,21.3,Kharif
17078,jowar,80,40,40,5.5,579.75,34.01,Rabi
13957,sunflower,50,60,30,5.66,1011.49,30.43,Whole Year
24462,turmeric,25,60,100,5.02,1501.98,25.81818182,Kharif
42847,horsegram,20,60,20,5.94,199.2125,21.3,Rabi
38425,onion,120,60,65,5.9,770.44,28.68,Kharif
39838,moong,20,40,20,5.46,1166.94,28.33333333,Summer
79958,rice,80,40,40,5.38,790.98,30.61666667,Kharif
18067,rice,80,40,40,5.42,1712.66,11.2,Kharif
9801,horsegram,20,60,20,5.82,770.44,28.68,Rabi
57681,rapeseed,50,40,20,5.0,94.02,22.38,Rabi
36859,horsegram,20,60,20,6.12,1145.22,28.5,Rabi
90165,cotton,120,40,20,5.4,510.05,33.37333333,Kharif
86300,banana,100,75,50,6.68,127.68,20.8,Whole Year
81828,coriander,10,20,20,6.66,1111.68,28.64818182,Rabi
53199,coriander,10,20,20,6.32,1426.3,26.73636364,Rabi
93786,moong,20,40,20,5.66,98.98,34.92333333,Summer
24332,maize,80,40,20,5.56,1110.78,25.66666667,Kharif
91280,moong,20,40,20,5.34,34.81,34.66666667,Kharif
76327,coriander,10,20,20,6.58,884.5,27.65454545,Rabi
57644,sunflower,50,60,30,5.32,1151.02,28.03333333,Whole Year
99732,rice,80,40,40,5.46,1166.94,28.33333333,Kharif
95740,maize,80,40,20,5.36,1246.715,22.6,Summer
20153,horsegram,20,60,20,5.86,199.2125,21.3,Rabi
87220,rice,80,40,40,5.64,790.98,30.61666667,Kharif
86500,maize,80,40,20,5.68,98.98,34.92333333,Kharif
56593,sweetpotato,90,20,120,5.14,2169.32,23.73636364,Rabi
40260,cabbage,100,65,70,6.48,1037.32,28.08181818,Rabi
65198,barley,70,40,45,5.62,240.1,10.38,Rabi
94276,onion,120,60,65,6.04,1299.26,26.51818182,Rabi
30223,wheat,60,30,30,6.12,75.32,22.676,Rabi
65259,garlic,50,10,60,5.54,240.1,10.38,Rabi
773,maize,80,40,20,5.4,87.2,23.106,Kharif
25011,wheat,60,30,30,6.6,241.78,1.18,Rabi
82124,soyabean,20,60,20,5.42,607.48,26.36666667,Kharif
16695,jowar,80,40,40,5.6,579.75,34.01,Kharif
44163,ladyfinger,80,10,40,6.48,1111.68,28.64818182,Summer
9163,soyabean,20,60,20,5.46,510.05,33.37333333,Kharif
81435,turmeric,25,60,100,4.84,1111.68,28.64818182,Kharif
16434,maize,80,40,20,5.52,297.66,29.56666667,Summer
69418,barley,70,40,45,5.34,75.32,22.676,Rabi
54637,coriander,10,20,20,6.58,942.8,28.99454545,Rabi
55475,jowar,80,40,40,5.54,579.75,34.01,Kharif
23591,potato,180,60,90,4.82,689.88,29.03727273,Rabi
9679,jowar,80,40,40,5.68,297.66,29.56666667,Kharif
82619,potato,180,60,90,5.18,167.38,23.56,Rabi
68271,wheat,60,30,30,6.1,19.38,22.766,Rabi
51204,horsegram,20,60,20,6.16,1246.715,22.6,Kharif
43776,wheat,60,30,30,6.5,73.47,23.562,Rabi
78114,maize,80,40,20,5.62,182.5,29.2,Kharif
35466,maize,80,40,20,5.6,1011.49,30.43,Kharif
63774,rice,80,40,40,5.46,127.68,20.8,Kharif
58729,maize,80,40,20,5.46,1246.715,22.6,Summer
42900,sunflower,50,60,30,5.48,1246.715,22.6,Whole Year
70789,rapeseed,50,40,20,4.92,127.68,20.8,Rabi
97191,horsegram,20,60,20,6.04,167.38,23.56,Kharif
42860,coriander,10,20,20,6.36,1603.2375,22.89090909,Rabi
90747,banana,100,75,50,6.32,884.5,27.65454545,Whole Year
75309,moong,20,40,20,5.58,113.7,30.26666667,Summer
13309,soyabean,20,60,20,5.68,1246.715,22.6,Kharif
94418,jowar,80,40,40,5.68,15.34,27.276,Kharif
72876,maize,80,40,20,5.62,976.06,25.66666667,Summer
36090,jowar,80,40,40,5.58,70.11,25.6,Rabi
17699,rapeseed,50,40,20,4.92,152.54,22.28,Rabi
83575,cardamom,75,75,150,4.9,884.5,27.65454545,Kharif
88849,rice,80,40,40,5.48,1111.68,28.64818182,Kharif
56346,wheat,60,30,30,6.1,241.78,1.18,Rabi
62315,jowar,80,40,40,5.54,579.75,34.01,Rabi
38347,rapeseed,50,40,20,5.16,98.94,25.574,Rabi
7662,maize,80,40,20,5.38,1011.49,30.43,Summer
76854,jowar,80,40,40,5.34,579.75,34.01,Rabi
20305,rice,80,40,40,5.66,157.31,25.83333333,Kharif
47413,rice,80,40,40,5.34,579.75,34.01,Kharif
39589,garlic,50,10,60,5.66,1411.78,19.94545455,Rabi
9375,banana,100,75,50,6.66,884.5,27.65454545,Whole Year
41426,maize,80,40,20,5.68,98.98,34.92333333,Summer
48884,ragi,50,40,20,5.66,654.34,29.26666667,Kharif
73125,sunflower,50,60,30,5.5,1246.715,22.6,Whole Year
82730,moong,20,40,20,5.52,113.7,30.26666667,Kharif
7588,rapeseed,50,40,20,4.84,73.47,23.562,Rabi
66583,onion,120,60,65,6.0,1111.68,28.64818182,Kharif
38572,tomato,100,40,90,5.86,942.8,28.99454545,Whole Year
36795,moong,20,40,20,5.38,1145.22,28.5,Kharif
4228,moong,20,40,20,5.48,34.81,34.66666667,Summer
33134,horsegram,20,60,20,6.18,94.02,22.38,Rabi
37027,cotton,120,40,20,5.68,411.52,34.73,Kharif
50753,rice,80,40,40,5.36,122.42,18.58,Kharif
55528,rapeseed,50,40,20,4.92,75.32,22.676,Rabi
43932,sweetpotato,90,20,120,4.98,1111.68,28.64818182,Kharif
36450,soyabean,20,60,20,5.48,235.4251,26.64666667,Kharif
52146,cotton,120,40,20,5.62,1011.49,30.43,Kharif
82788,rice,80,40,40,5.46,1145.22,28.5,Kharif
23186,banana,100,75,50,6.4,884.5,27.65454545,Whole Year
65232,coriander,10,20,20,6.48,240.1,10.38,Rabi
27389,onion,120,60,65,5.92,1603.2375,22.89090909,Kharif
97988,cotton,120,40,20,5.44,510.05,33.37333333,Kharif
53440,maize,80,40,20,5.56,113.7,30.26666667,Kharif
82941,moong,20,40,20,5.62,113.7,30.26666667,Kharif
73207,onion,120,60,65,5.96,157.31,25.83333333,Rabi
33552,horsegram,20,60,20,6.18,331.88,35.34666667,Kharif
10843,turmeric,25,60,100,4.84,1501.98,25.81818182,Kharif
60307,rice,80,40,40,5.48,742.0124,24.59818182,Kharif
7828,jowar,80,40,40,5.6,607.48,26.36666667,Rabi
67131,soyabean,20,60,20,5.34,607.48,26.36666667,Kharif
16864,moong,20,40,20,5.62,34.81,34.66666667,Summer
2059,wheat,60,30,30,7.0,73.47,23.562,Rabi
79699,sweetpotato,90,20,120,4.84,1299.26,26.51818182,Kharif
57008,moong,20,40,20,5.62,840.46,33.58333333,Summer
42004,onion,120,60,65,6.16,810.26,29.95636364,Kharif
7763,jowar,80,40,40,5.52,607.48,26.36666667,Kharif
19534,garlic,50,10,60,5.66,810.26,29.95636364,Rabi
61366,turmeric,25,60,100,4.94,884.5,27.65454545,Kharif
91797,wheat,60,30,30,6.7,75.32,22.676,Rabi
84895,maize,80,40,20,5.34,34.81,34.66666667,Summer
85799,ragi,50,40,20,5.32,654.34,29.26666667,Kharif
42247,maize,80,40,20,5.36,664.94,22.03333333,Kharif
55969,moong,20,40,20,5.62,1166.94,28.33333333,Kharif
39424,wheat,60,30,30,6.1,75.32,22.676,Rabi
53681,wheat,60,30,30,6.11,66.52,20.312,Rabi
51463,maize,80,40,20,5.56,199.2125,21.3,Summer
53316,wheat,60,30,30,6.11,113.7,30.26666667,Rabi
82296,soyabean,20,60,20,5.54,607.48,26.36666667,Kharif
64837,banana,100,75,50,6.56,810.26,29.95636364,Whole Year
23120,coriander,10,20,20,6.56,884.5,27.65454545,Rabi
68098,rice,80,40,40,5.46,510.05,33.37333333,Kharif
97857,onion,120,60,65,5.9,556.2,28.54545455,Kharif
81758,soyabean,20,60,20,5.68,1011.49,30.43,Kharif
25088,rapeseed,50,40,20,5.12,127.68,20.8,Rabi
95181,garlic,50,10,60,5.34,1603.2375,22.89090909,Rabi
99226,maize,80,40,20,5.48,34.81,34.66666667,Summer
135,ragi,50,40,20,5.44,654.34,29.26666667,Kharif
56181,onion,120,60,65,5.94,654.34,29.26666667,Rabi
88703,garlic,50,10,60,5.68,1111.68,28.64818182,Rabi
9051,onion,120,60,65,5.98,556.2,28.54545455,Rabi
59553,cotton,120,40,20,5.54,1011.49,30.43,Kharif
61363,coriander,10,20,20,6.32,884.5,27.65454545,Rabi
61872,sunflower,50,60,30,5.58,942.8,28.99454545,Whole Year
38252,turmeric,25,60,100,4.92,884.5,27.65454545,Kharif
65405,wheat,60,30,30,7.0,122.42,18.58,Rabi
45842,rice,80,40,40,5.46,411.52,34.73,Kharif
35743,coriander,10,20,20,6.54,1111.68,28.64818182,Rabi
19783,wheat,60,30,30,6.7,240.1,10.38,Rabi
51963,maize,80,40,20,5.46,1011.49,30.43,Summer
97827,moong,20,40,20,5.6,510.05,33.37333333,Summer
71562,banana,100,75,50,6.62,1026.64,29.18636364,Whole Year
67645,rice,80,40,40,5.34,167.38,23.56,Kharif
88643,rapeseed,50,40,20,4.88,1111.68,28.64818182,Rabi
41933,rice,80,40,40,5.36,790.98,30.61666667,Kharif
66850,wheat,60,30,30,6.11,73.47,23.562,Rabi
78499,potato,180,60,90,5.18,2569.52,4.9,Rabi
70250,sunflower,50,60,30,5.58,1110.78,25.66666667,Whole Year
61277,cotton,120,40,20,5.4,510.05,33.37333333,Kharif
38103,tomato,100,40,90,6.12,884.5,27.65454545,Whole Year
42159,rice,80,40,40,5.38,331.88,35.34666667,Kharif
47617,onion,120,60,65,6.06,34.81,34.66666667,Kharif
61965,cotton,120,40,20,5.5,1220.22,27.26666667,Kharif
9753,ragi,50,40,20,5.58,770.44,28.68,Kharif
39337,onion,120,60,65,6.08,34.81,34.66666667,Kharif
12071,wheat,60,30,30,6.7,87.2,23.106,Rabi
83422,onion,120,60,65,5.98,556.2,28.54545455,Rabi
3614,jowar,80,40,40,5.36,98.94,25.574,Rabi
33476,cotton,120,40,20,5.38,331.88,35.34666667,Kharif
91498,sunflower,50,60,30,5.46,34.81,34.66666667,Whole Year
9908,maize,80,40,20,5.68,579.75,34.01,Kharif
25159,potato,180,60,90,5.18,2169.32,23.73636364,Rabi
10766,rice,80,40,40,5.58,579.75,34.01,Kharif
30810,wheat,60,30,30,6.3,75.32,22.676,Rabi
12942,maize,80,40,20,5.48,199.2125,21.3,Kharif
12769,barley,70,40,45,5.48,240.1,10.38,Rabi
5641,blackgram,40,60,20,4.84,840.46,33.58333333,Kharif
12962,sunflower,50,60,30,5.6,1246.715,22.6,Whole Year
64229,jute,80,40,40,5.54,840.46,33.58333333,Kharif
2785,jute,80,40,40,5.46,1145.22,28.5,Kharif
98742,potato,180,60,90,5.0,75.32,22.676,Rabi
93049,jowar,80,40,40,5.38,654.34,29.26666667,Rabi
67670,rapeseed,50,40,20,5.16,167.38,23.56,Rabi
46328,jowar,80,40,40,5.42,297.66,29.56666667,Rabi
69175,rice,80,40,40,5.32,1220.22,27.26666667,Kharif
21333,maize,80,40,20,5.5,607.48,26.36666667,Summer
61107,barley,70,40,45,5.5,19.38,22.766,Rabi
90803,rice,80,40,40,5.52,297.66,29.56666667,Kharif
77817,barley,70,40,45,5.52,169.82,14.6,Rabi
34803,rice,80,40,40,5.58,330.0,29.33333333,Kharif
92921,onion,120,60,65,6.14,288.3,25.46,Rabi
32080,rapeseed,50,40,20,4.96,127.68,20.8,Rabi
4051,moong,20,40,20,5.5,34.81,34.66666667,Summer
32128,pineapple,160,40,120,6.4,2169.32,23.73636364,Whole Year
3172,maize,80,40,20,5.5,884.5,27.65454545,Summer
33300,jowar,80,40,40,5.4,790.98,30.61666667,Kharif
6398,rice,80,40,40,5.42,331.88,35.34666667,Kharif
74449,jowar,80,40,40,5.4,1011.49,30.43,Rabi
64024,jute,80,40,40,5.58,840.46,33.58333333,Kharif
79133,garlic,50,10,60,5.66,1026.64,29.18636364,Rabi
92081,wheat,60,30,30,7.0,75.32,22.676,Rabi
56748,turmeric,25,60,100,4.82,2169.32,23.73636364,Kharif
60699,rice,80,40,40,5.32,167.38,23.56,Kharif
77586,potato,180,60,90,5.18,75.32,22.676,Rabi
76723,potato,180,60,90,4.88,75.32,22.676,Rabi
72727,rapeseed,50,40,20,5.16,293.36,14.7,Rabi
11248,rice,80,40,40,5.42,654.34,29.26666667,Kharif
17247,jowar,80,40,40,5.58,579.75,34.01,Kharif
33294,moong,20,40,20,5.64,790.98,30.61666667,Summer
75038,cotton,120,40,20,5.34,235.4251,26.64666667,Kharif
1368,banana,100,75,50,6.66,810.26,29.95636364,Whole Year
30826,maize,80,40,20,5.68,579.75,34.01,Kharif
89944,ragi,50,40,20,5.58,167.38,23.56,Kharif
36694,onion,120,60,65,5.84,1426.3,26.73636364,Kharif
27647,cardamom,75,75,150,5.14,2817.86,27.90909091,Kharif
65477,soyabean,20,60,20,5.52,1246.715,22.6,Kharif
54084,maize,80,40,20,5.46,510.05,33.37333333,Summer
79236,sweetpotato,90,20,120,4.88,840.46,33.58333333,Kharif
74538,banana,100,75,50,6.52,1111.68,28.64818182,Whole Year
71594,moong,20,40,20,5.64,98.98,34.92333333,Kharif
28521,sunflower,50,60,30,5.68,70.11,25.6,Whole Year
56443,rice,80,40,40,5.44,1543.76,27.33333333,Kharif
94719,wheat,60,30,30,6.12,41.3,21.704,Rabi
67878,rice,80,40,40,5.48,1145.22,28.5,Kharif
78799,sweetpotato,90,20,120,5.02,2169.32,23.73636364,Rabi
99840,sunflower,50,60,30,5.62,1166.94,28.33333333,Whole Year
38591,bottlegourd,100,50,50,6.34,942.8,28.99454545,Summer
55414,wheat,60,30,30,6.7,75.32,22.676,Rabi
81458,rapeseed,50,40,20,5.16,73.47,23.562,Rabi
33786,maize,80,40,20,5.52,516.68,27.86666667,Kharif
67727,maize,80,40,20,5.44,167.38,23.56,Kharif
90481,onion,120,60,65,6.02,556.2,28.54545455,Rabi
48576,barley,70,40,45,5.62,152.54,22.28,Rabi
39594,ragi,50,40,20,5.4,1110.78,25.66666667,Kharif
53660,wheat,60,30,30,7.0,66.52,20.312,Rabi
87409,barley,70,40,45,5.48,41.3,21.704,Rabi
91712,onion,120,60,65,6.1,34.81,34.66666667,Kharif
89418,wheat,60,30,30,6.12,56.236,15.852,Rabi
72596,maize,80,40,20,5.56,664.94,22.03333333,Summer
28296,coriander,10,20,20,6.38,1111.68,28.64818182,Rabi
57297,ragi,50,40,20,5.58,840.46,33.58333333,Kharif
1477,rice,80,40,40,5.42,331.88,35.34666667,Kharif
65521,ragi,50,40,20,5.48,1246.715,22.6,Kharif
77495,rapeseed,50,40,20,5.0,75.32,22.676,Rabi
38272,orange,20,10,10,3.94,884.5,27.65454545,Whole Year
90085,ragi,50,40,20,5.4,162.72,29.4,Kharif
96755,maize,80,40,20,5.5,70.11,25.6,Kharif
93543,rice,80,40,40,5.42,1543.76,27.33333333,Kharif
28472,wheat,60,30,30,6.9,70.11,25.6,Rabi
39933,maize,80,40,20,5.6,1166.94,28.33333333,Kharif
90613,turmeric,25,60,100,5.12,884.5,27.65454545,Kharif
11985,banana,100,75,50,6.54,1026.64,29.18636364,Whole Year
67291,maize,80,40,20,5.4,607.48,26.36666667,Kharif
9991,rice,80,40,40,5.68,579.75,34.01,Kharif
82141,soyabean,20,60,20,5.62,607.48,26.36666667,Kharif
35724,mango,20,20,30,4.98,1111.68,28.64818182,Summer
24101,wheat,60,30,30,6.6,75.32,22.676,Rabi
50989,horsegram,20,60,20,6.0,1246.715,22.6,Kharif
26286,potato,180,60,90,4.82,1299.26,26.51818182,Rabi
12200,maize,80,40,20,5.62,840.46,33.58333333,Summer
74780,rapeseed,50,40,20,4.9,70.11,25.6,Rabi
54132,horsegram,20,60,20,5.86,297.66,29.56666667,Rabi
52295,onion,120,60,65,5.96,1111.68,28.64818182,Rabi
22130,maize,80,40,20,5.56,1145.22,28.5,Kharif
48587,rice,80,40,40,5.64,152.54,22.28,Kharif
42097,rapeseed,50,40,20,5.06,41.3,21.704,Rabi
87734,onion,120,60,65,5.84,1246.715,22.6,Rabi
83759,maize,80,40,20,5.54,884.5,27.65454545,Summer
37278,rapeseed,50,40,20,4.86,19.38,22.766,Rabi
36715,ragi,50,40,20,5.32,1145.22,28.5,Kharif
72172,coriander,10,20,20,6.48,1299.26,26.51818182,Rabi
49362,barley,70,40,45,5.6,87.2,23.106,Rabi
96910,rice,80,40,40,5.64,607.48,26.36666667,Kharif
82983,moong,20,40,20,5.44,1145.22,28.5,Kharif
81085,cotton,120,40,20,5.54,1603.2375,22.89090909,Kharif
85439,rice,80,40,40,5.44,182.5,29.2,Kharif
82376,rapeseed,50,40,20,5.0,56.236,15.852,Rabi
10075,rapeseed,50,40,20,5.16,75.32,22.676,Rabi
34752,blackpepper,100,60,50,5.16,2817.86,27.90909091,Whole Year
50922,horsegram,20,60,20,6.16,199.2125,21.3,Rabi
64076,maize,80,40,20,5.56,87.2,23.106,Kharif
84302,rice,80,40,40,5.6,579.75,34.01,Kharif
69320,wheat,60,30,30,6.1,75.32,22.676,Rabi
7796,rapeseed,50,40,20,4.96,70.11,25.6,Rabi
74612,maize,80,40,20,5.52,70.11,25.6,Summer
62725,rice,80,40,40,5.56,579.75,34.01,Kharif
79969,cotton,120,40,20,5.56,790.98,30.61666667,Kharif
3102,cotton,120,40,20,5.42,510.05,33.37333333,Kharif
22155,onion,120,60,65,6.08,1426.3,26.73636364,Rabi
73959,maize,80,40,20,5.54,1011.49,30.43,Summer
64924,wheat,60,30,30,6.12,15.34,27.276,Rabi
53491,moong,20,40,20,5.52,167.38,23.56,Kharif
95822,banana,100,75,50,6.48,2817.86,27.90909091,Whole Year
1697,rice,80,40,40,5.5,157.31,25.83333333,Kharif
44463,barley,70,40,45,5.46,73.47,23.562,Rabi
45795,rice,80,40,40,5.58,411.52,34.73,Kharif
28162,coriander,10,20,20,6.44,1111.68,28.64818182,Rabi
15122,sweetpotato,90,20,120,5.16,1145.22,28.5,Kharif
9510,banana,100,75,50,6.54,884.5,27.65454545,Whole Year
2625,ragi,50,40,20,5.68,113.7,30.26666667,Kharif
21287,garlic,50,10,60,5.6,1111.68,28.64818182,Rabi
23190,moong,20,40,20,5.54,297.66,29.56666667,Kharif
80582,maize,80,40,20,5.44,199.2125,21.3,Summer
96141,wheat,60,30,30,6.5,73.47,23.562,Rabi
2097,maize,80,40,20,5.6,1011.49,30.43,Kharif
61940,onion,120,60,65,5.88,770.44,28.68,Kharif
457,onion,120,60,65,5.98,2169.32,23.73636364,Kharif
37781,brinjal,80,15,40,6.5,884.5,27.65454545,Whole Year
62037,rapeseed,50,40,20,4.84,75.32,22.676,Rabi
70512,horsegram,20,60,20,6.16,152.54,22.28,Kharif
70767,rice,80,40,40,5.66,1712.66,11.2,Kharif
84299,jowar,80,40,40,5.64,579.75,34.01,Kharif
66443,potato,180,60,90,5.0,1111.68,28.64818182,Rabi
66185,rice,80,40,40,5.32,490.74,27.6,Kharif
77184,potato,180,60,90,4.92,75.32,22.676,Rabi
44070,soyabean,20,60,20,5.38,1011.49,30.43,Kharif
9002,rice,80,40,40,5.5,510.05,33.37333333,Kharif
59932,barley,70,40,45,5.5,73.47,23.562,Rabi
73718,banana,100,75,50,6.32,1603.2375,22.89090909,Whole Year
82746,potato,180,60,90,4.88,167.38,23.56,Rabi
79515,maize,80,40,20,5.64,87.2,23.106,Kharif
71171,blackpepper,100,60,50,4.9,2169.32,23.73636364,Whole Year
31827,maize,80,40,20,5.66,1712.66,11.2,Summer
12800,rapeseed,50,40,20,4.88,293.36,14.7,Rabi
41958,jowar,80,40,40,5.62,15.34,27.276,Kharif
52001,sweetpotato,90,20,120,4.96,1111.68,28.64818182,Rabi
53652,wheat,60,30,30,6.7,66.52,20.312,Rabi
70131,potato,180,60,90,5.08,75.32,22.676,Rabi
50265,garlic,50,10,60,5.36,1299.26,26.51818182,Rabi
15054,jowar,80,40,40,5.68,1145.22,28.5,Rabi
58140,rapeseed,50,40,20,4.88,41.3,21.704,Rabi
94311,banana,100,75,50,6.62,1299.26,26.51818182,Whole Year
70314,soyabean,20,60,20,5.5,1110.78,25.66666667,Kharif
38609,cotton,120,40,20,5.54,1220.22,27.26666667,Kharif
6660,rice,80,40,40,5.44,157.31,25.83333333,Kharif
48574,ragi,50,40,20,5.42,1166.94,28.33333333,Kharif
18218,rice,80,40,40,5.4,1543.76,27.33333333,Kharif
46042,sweetpotato,90,20,120,4.92,556.2,28.54545455,Kharif
36172,jowar,80,40,40,5.42,607.48,26.36666667,Kharif
57086,onion,120,60,65,6.14,1026.64,29.18636364,Rabi
6759,sunflower,50,60,30,5.38,157.31,25.83333333,Whole Year
20900,maize,80,40,20,5.4,1011.49,30.43,Kharif
31141,moong,20,40,20,5.32,182.5,29.2,Kharif
12309,maize,80,40,20,5.38,98.98,34.92333333,Kharif
46848,rice,80,40,40,5.42,297.66,29.56666667,Kharif
53421,wheat,60,30,30,6.6,113.7,30.26666667,Rabi
10484,moong,20,40,20,5.42,579.75,34.01,Summer
23269,horsegram,20,60,20,6.04,297.66,29.56666667,Rabi
84488,maize,80,40,20,5.32,34.81,34.66666667,Summer
7168,moong,20,40,20,5.36,199.2125,21.3,Kharif
20944,garlic,50,10,60,5.5,1111.68,28.64818182,Rabi
60001,moong,20,40,20,5.32,607.48,26.36666667,Summer
24436,wheat,60,30,30,6.6,169.82,14.6,Rabi
72299,potato,180,60,90,5.14,810.26,29.95636364,Rabi
44904,onion,120,60,65,6.16,714.68,26.45454545,Kharif
67314,wheat,60,30,30,6.4,70.11,25.6,Rabi
9983,rice,80,40,40,5.32,34.81,34.66666667,Kharif
44800,banana,100,75,50,6.64,714.68,26.45454545,Whole Year
83465,barley,70,40,45,5.36,19.38,22.766,Rabi
22514,onion,120,60,65,6.08,556.2,28.54545455,Kharif
53805,garlic,50,10,60,5.66,556.2,28.54545455,Rabi
22529,cotton,120,40,20,5.58,510.05,33.37333333,Kharif
45768,cotton,120,40,20,5.48,162.72,29.4,Kharif
99602,jute,80,40,40,5.5,1166.94,28.33333333,Kharif
70257,onion,120,60,65,5.98,1411.78,19.94545455,Kharif
4145,moong,20,40,20,5.46,579.75,34.01,Summer
66523,maize,80,40,20,5.64,1011.49,30.43,Kharif
90459,cotton,120,40,20,5.36,510.05,33.37333333,Kharif
19308,soyabean,20,60,20,5.64,1151.02,28.03333333,Kharif
4387,sunflower,50,60,30,5.64,75.32,22.676,Whole Year
5480,ragi,50,40,20,5.54,840.46,33.58333333,Kharif
66428,garlic,50,10,60,5.42,1111.68,28.64818182,Rabi
50186,wheat,60,30,30,6.12,94.02,22.38,Rabi
74372,potato,180,60,90,5.06,1111.68,28.64818182,Rabi
80431,wheat,60,30,30,6.4,293.36,14.7,Rabi
6969,jowar,80,40,40,5.62,1246.715,22.6,Kharif
43973,papaya,50,50,50,6.08,1111.68,28.64818182,Whole Year
34342,maize,80,40,20,5.58,1246.715,22.6,Summer
10630,sunflower,50,60,30,5.56,75.32,22.676,Whole Year
61357,sunflower,50,60,30,5.38,297.66,29.56666667,Whole Year
98040,maize,80,40,20,5.4,510.05,33.37333333,Summer
82553,moong,20,40,20,5.38,207.55,26.43333333,Summer
5828,sunflower,50,60,30,5.66,840.46,33.58333333,Whole Year
31978,banana,100,75,50,6.34,2169.32,23.73636364,Whole Year
94011,wheat,60,30,30,6.9,87.2,23.106,Rabi
11535,rice,80,40,40,5.42,1543.76,27.33333333,Kharif
64502,turmeric,25,60,100,4.82,1299.26,26.51818182,Kharif
66747,maize,80,40,20,5.42,1011.49,30.43,Kharif
16653,maize,80,40,20,5.32,75.32,22.676,Kharif
50497,banana,100,75,50,6.38,810.26,29.95636364,Whole Year
79042,moong,20,40,20,5.4,840.46,33.58333333,Summer
40125,rice,80,40,40,5.32,288.3,25.46,Kharif
93099,maize,80,40,20,5.32,1712.66,11.2,Kharif
64097,rice,80,40,40,5.38,840.46,33.58333333,Kharif
33538,sunflower,50,60,30,5.68,41.3,21.704,Whole Year
46244,moong,20,40,20,5.64,510.05,33.37333333,Kharif
94041,rice,80,40,40,5.64,98.98,34.92333333,Kharif
86433,rice,80,40,40,5.5,840.46,33.58333333,Kharif
99385,rapeseed,50,40,20,4.86,75.32,22.676,Rabi
85699,rice,80,40,40,5.46,288.3,25.46,Kharif
43143,horsegram,20,60,20,6.0,199.2125,21.3,Rabi
83216,coriander,10,20,20,6.58,556.2,28.54545455,Rabi
80601,onion,120,60,65,5.9,1246.715,22.6,Rabi
98418,soyabean,20,60,20,5.38,770.44,28.68,Kharif
46695,onion,120,60,65,5.84,884.5,27.65454545,Rabi
92680,moong,20,40,20,5.68,182.5,29.2,Summer
1472,wheat,60,30,30,6.9,41.3,21.704,Rabi
51162,sunflower,50,60,30,5.52,1246.715,22.6,Whole Year
46771,sweetpotato,90,20,120,4.82,884.5,27.65454545,Kharif
69135,onion,120,60,65,5.96,98.94,25.574,Rabi
43531,onion,120,60,65,5.84,1111.68,28.64818182,Kharif
89201,jowar,80,40,40,5.36,70.11,25.6,Kharif
50080,moong,20,40,20,5.4,1151.02,28.03333333,Kharif
23846,maize,80,40,20,5.52,579.75,34.01,Summer
23204,banana,100,75,50,6.54,884.5,27.65454545,Whole Year
21066,turmeric,25,60,100,5.16,1111.68,28.64818182,Kharif
74428,garlic,50,10,60,5.58,1111.68,28.64818182,Rabi
42584,coriander,10,20,20,6.48,1603.2375,22.89090909,Rabi
49686,wheat,60,30,30,6.7,87.2,23.106,Rabi
80457,rapeseed,50,40,20,4.92,293.36,14.7,Rabi
83082,rice,80,40,40,5.58,411.52,34.73,Kharif
91641,onion,120,60,65,5.96,34.81,34.66666667,Kharif
37283,cotton,120,40,20,5.52,510.05,33.37333333,Kharif
80752,moong,20,40,20,5.68,1246.715,22.6,Summer
89223,wheat,60,30,30,6.11,70.11,25.6,Rabi
96859,maize,80,40,20,5.34,70.11,25.6,Kharif
83738,banana,100,75,50,6.58,884.5,27.65454545,Whole Year
42404,wheat,60,30,30,7.0,122.42,18.58,Rabi
6537,potato,180,60,90,5.12,664.94,22.03333333,Rabi
75424,horsegram,20,60,20,5.82,167.38,23.56,Rabi
36270,sweetpotato,90,20,120,4.9,1350.025,26.01818182,Kharif
47079,maize,80,40,20,5.58,98.94,25.574,Summer
89646,jowar,80,40,40,5.68,207.55,26.43333333,Kharif
78741,banana,100,75,50,6.54,2169.32,23.73636364,Whole Year
66366,cotton,120,40,20,5.42,1011.49,30.43,Kharif
4931,moong,20,40,20,5.36,288.3,25.46,Summer
27402,rapeseed,50,40,20,5.1,199.2125,21.3,Rabi
85403,maize,80,40,20,5.64,152.54,22.28,Summer
57238,sunflower,50,60,30,5.32,840.46,33.58333333,Whole Year
84803,moong,20,40,20,5.38,34.81,34.66666667,Summer
56554,maize,80,40,20,5.36,1543.76,27.33333333,Summer
66977,potato,180,60,90,4.98,1111.68,28.64818182,Rabi
81069,sunflower,50,60,30,5.58,1246.715,22.6,Whole Year
95208,maize,80,40,20,5.46,1246.715,22.6,Kharif
33054,ragi,50,40,20,5.52,1151.02,28.03333333,Kharif
42538,sunflower,50,60,30,5.48,1246.715,22.6,Whole Year
55642,barley,70,40,45,5.62,169.82,14.6,Rabi
45626,sweetpotato,90,20,120,4.98,1426.3,26.73636364,Rabi
5579,maize,80,40,20,5.34,87.2,23.106,Summer
21795,jowar,80,40,40,5.36,207.55,26.43333333,Kharif
11141,rapeseed,50,40,20,4.98,288.3,25.46,Rabi
67783,maize,80,40,20,5.38,1145.22,28.5,Summer
29335,maize,80,40,20,5.5,411.52,34.73,Kharif
53267,moong,20,40,20,5.62,1145.22,28.5,Summer
49380,onion,120,60,65,6.06,1026.64,29.18636364,Kharif
97516,wheat,60,30,30,6.1,113.7,30.26666667,Rabi
55481,potato,180,60,90,4.98,75.32,22.676,Rabi
99606,rapeseed,50,40,20,5.04,152.54,22.28,Rabi
46079,garlic,50,10,60,5.4,556.2,28.54545455,Rabi
9351,maize,80,40,20,5.42,297.66,29.56666667,Summer
97920,barley,70,40,45,5.66,19.38,22.766,Rabi
71071,wheat,60,30,30,6.6,127.68,20.8,Rabi
96454,rapeseed,50,40,20,5.04,73.47,23.562,Rabi
13179,rice,80,40,40,5.58,199.2125,21.3,Kharif
8589,maize,80,40,20,5.36,113.7,30.26666667,Kharif
21866,cotton,120,40,20,5.46,1145.22,28.5,Kharif
38860,onion,120,60,65,5.98,34.81,34.66666667,Kharif
14320,jowar,80,40,40,5.48,607.48,26.36666667,Rabi
48992,wheat,60,30,30,6.6,241.78,1.18,Rabi
22441,wheat,60,30,30,6.6,66.52,20.312,Rabi
11409,onion,120,60,65,6.02,2169.32,23.73636364,Kharif
42463,rice,80,40,40,5.42,976.06,25.66666667,Kharif
28542,sunflower,50,60,30,5.62,70.11,25.6,Whole Year
87085,wheat,60,30,30,6.4,94.02,22.38,Rabi
79469,barley,70,40,45,5.46,87.2,23.106,Rabi
33716,barley,70,40,45,5.46,240.1,10.38,Rabi
15199,maize,80,40,20,5.46,1145.22,28.5,Kharif
98583,potato,180,60,90,4.86,75.32,22.676,Rabi
41365,jute,80,40,40,5.42,840.46,33.58333333,Kharif
59279,rice,80,40,40,5.32,490.74,27.6,Kharif
73314,wheat,60,30,30,6.5,199.2125,21.3,Rabi
52618,maize,80,40,20,5.4,70.11,25.6,Kharif
35621,sweetpotato,90,20,120,5.04,1111.68,28.64818182,Rabi
74273,wheat,60,30,30,7.0,73.47,23.562,Rabi
4745,rice,80,40,40,5.42,1166.94,28.33333333,Kharif
68061,rice,80,40,40,5.38,411.52,34.73,Kharif
73199,sunflower,50,60,30,5.46,1246.715,22.6,Whole Year
89690,ragi,50,40,20,5.64,1145.22,28.5,Kharif
36488,sunflower,50,60,30,5.6,70.598,18.92,Whole Year
86203,sweetpotato,90,20,120,5.06,2169.32,23.73636364,Kharif
92037,rapeseed,50,40,20,4.92,75.32,22.676,Rabi
3653,moong,20,40,20,5.62,770.44,28.68,Summer
31669,onion,120,60,65,6.06,654.34,29.26666667,Kharif
64214,rapeseed,50,40,20,5.1,87.2,23.106,Rabi
52578,maize,80,40,20,5.58,607.48,26.36666667,Summer
16735,rapeseed,50,40,20,5.02,75.32,22.676,Rabi
48857,maize,80,40,20,5.58,654.34,29.26666667,Summer
712,potato,180,60,90,4.92,1026.64,29.18636364,Rabi
73014,maize,80,40,20,5.66,976.06,25.66666667,Summer
36266,onion,120,60,65,5.88,1350.025,26.01818182,Kharif
99079,onion,120,60,65,6.16,75.32,22.676,Kharif
28738,rice,80,40,40,5.58,235.4251,26.64666667,Kharif
95999,rice,80,40,40,5.5,1011.49,30.43,Kharif
25098,rice,80,40,40,5.48,127.68,20.8,Kharif
82082,maize,80,40,20,5.54,607.48,26.36666667,Kharif
84271,sunflower,50,60,30,5.6,34.81,34.66666667,Whole Year
47695,rapeseed,50,40,20,5.0,75.32,22.676,Rabi
40220,moong,20,40,20,5.62,288.3,25.46,Kharif
95198,maize,80,40,20,5.62,157.31,25.83333333,Kharif
58665,cotton,120,40,20,5.66,1603.2375,22.89090909,Kharif
43529,coriander,10,20,20,6.46,1111.68,28.64818182,Rabi
12111,banana,100,75,50,6.66,1026.64,29.18636364,Whole Year
86501,moong,20,40,20,5.58,98.98,34.92333333,Kharif
77840,cotton,120,40,20,5.48,1166.94,28.33333333,Kharif
26922,wheat,60,30,30,6.12,293.36,14.7,Rabi
51441,maize,80,40,20,5.46,157.31,25.83333333,Kharif
2333,jowar,80,40,40,5.5,70.11,25.6,Kharif
80996,horsegram,20,60,20,6.06,199.2125,21.3,Kharif
54939,wheat,60,30,30,6.8,75.32,22.676,Rabi
90107,wheat,60,30,30,6.7,66.52,20.312,Rabi
87635,jowar,80,40,40,5.54,199.2125,21.3,Rabi
39942,turmeric,25,60,100,4.94,1501.98,25.81818182,Kharif
19392,horsegram,20,60,20,5.94,1151.02,28.03333333,Rabi
65980,ragi,50,40,20,5.64,199.2125,21.3,Kharif
23040,turmeric,25,60,100,4.88,884.5,27.65454545,Kharif
1445,rice,80,40,40,5.36,331.88,35.34666667,Kharif
2608,jute,80,40,40,5.68,1145.22,28.5,Kharif
39425,onion,120,60,65,5.88,34.81,34.66666667,Kharif
75124,jowar,80,40,40,5.4,207.55,26.43333333,Rabi
44924,turmeric,25,60,100,5.04,1350.025,26.01818182,Kharif
91040,moong,20,40,20,5.66,770.44,28.68,Kharif
86987,rapeseed,50,40,20,5.02,94.02,22.38,Rabi
95363,banana,100,75,50,6.38,1603.2375,22.89090909,Whole Year
49709,onion,120,60,65,6.08,1026.64,29.18636364,Rabi
8126,banana,100,75,50,6.32,40.023,23.14,Whole Year
44751,moong,20,40,20,5.46,607.48,26.36666667,Summer
80646,maize,80,40,20,5.32,1246.715,22.6,Summer
68377,barley,70,40,45,5.64,19.38,22.766,Rabi
69660,onion,120,60,65,6.16,75.32,22.676,Rabi
44826,maize,80,40,20,5.44,607.48,26.36666667,Summer
60202,banana,100,75,50,6.48,1350.025,26.01818182,Whole Year
95606,sunflower,50,60,30,5.44,1246.715,22.6,Whole Year
74192,potato,180,60,90,4.82,1111.68,28.64818182,Rabi
92182,wheat,60,30,30,6.3,75.32,22.676,Rabi
54511,ragi,50,40,20,5.46,297.66,29.56666667,Kharif
52529,cotton,120,40,20,5.56,714.68,26.45454545,Kharif
67240,sunflower,50,60,30,5.62,607.48,26.36666667,Whole Year
1152,maize,80,40,20,5.36,98.98,34.92333333,Summer
35038,onion,120,60,65,5.9,1111.68,28.64818182,Kharif
15626,jowar,80,40,40,5.34,510.05,33.37333333,Rabi
21069,rice,80,40,40,5.6,1011.49,30.43,Kharif
6807,moong,20,40,20,5.32,199.2125,21.3,Kharif
98213,cotton,120,40,20,5.62,297.66,29.56666667,Kharif
10540,barley,70,40,45,5.66,75.32,22.676,Rabi
78164,horsegram,20,60,20,6.1,654.34,29.26666667,Rabi
70709,maize,80,40,20,5.32,288.3,25.46,Summer
58471,wheat,60,30,30,6.8,122.42,18.58,Rabi
78607,blackpepper,100,60,50,5.06,2169.32,23.73636364,Whole Year
59957,wheat,60,30,30,6.4,70.11,25.6,Rabi
24957,rice,80,40,40,5.32,288.3,25.46,Kharif
106,maize,80,40,20,5.62,654.34,29.26666667,Kharif
75300,moong,20,40,20,5.32,167.38,23.56,Kharif
19031,potato,180,60,90,4.96,1026.64,29.18636364,Rabi
91282,maize,80,40,20,5.64,579.75,34.01,Summer
93236,maize,80,40,20,5.48,1543.76,27.33333333,Kharif
42791,rice,80,40,40,5.52,1246.715,22.6,Kharif
87001,barley,70,40,45,5.5,94.02,22.38,Rabi
65053,wheat,60,30,30,6.5,41.3,21.704,Rabi
81505,rice,80,40,40,5.54,1011.49,30.43,Kharif
89445,blackpepper,100,60,50,5.18,1050.245,18.77818182,Whole Year
8934,sunflower,50,60,30,5.68,19.38,22.766,Whole Year
41828,potato,180,60,90,4.88,1299.26,26.51818182,Rabi
80609,potato,180,60,90,5.12,199.2125,21.3,Rabi
98940,barley,70,40,45,5.36,75.32,22.676,Rabi
16949,wheat,60,30,30,6.5,75.32,22.676,Rabi
41608,jowar,80,40,40,5.48,1151.02,28.03333333,Rabi
31762,horsegram,20,60,20,5.98,288.3,25.46,Rabi
61484,onion,120,60,65,6.04,884.5,27.65454545,Rabi
45941,cotton,120,40,20,5.48,510.05,33.37333333,Kharif
36267,papaya,50,50,50,6.1,1350.025,26.01818182,Whole Year
10408,sunflower,50,60,30,5.4,75.32,22.676,Whole Year
93952,horsegram,20,60,20,6.0,840.46,33.58333333,Rabi
24362,potato,180,60,90,4.96,1110.78,25.66666667,Rabi
16100,moong,20,40,20,5.62,297.66,29.56666667,Summer
4382,onion,120,60,65,6.04,579.75,34.01,Kharif
81804,potato,180,60,90,5.18,1111.68,28.64818182,Rabi
75804,wheat,60,30,30,6.5,19.38,22.766,Rabi
75344,moong,20,40,20,5.68,113.7,30.26666667,Summer
38322,drumstick,40,20,10,6.38,884.5,27.65454545,Whole Year
13154,horsegram,20,60,20,6.0,199.2125,21.3,Kharif
27568,turmeric,25,60,100,5.04,2817.86,27.90909091,Kharif
1653,horsegram,20,60,20,6.02,1246.715,22.6,Kharif
35642,papaya,50,50,50,5.82,1111.68,28.64818182,Whole Year
80979,maize,80,40,20,5.4,157.31,25.83333333,Summer
21332,jowar,80,40,40,5.46,607.48,26.36666667,Kharif
58522,ragi,50,40,20,5.6,199.2125,21.3,Kharif
40518,sweetpotato,90,20,120,4.92,2169.32,23.73636364,Rabi
5784,maize,80,40,20,5.4,98.98,34.92333333,Summer
5002,ragi,50,40,20,5.34,288.3,25.46,Kharif
36310,mango,20,20,30,5.08,1350.025,26.01818182,Summer
15543,wheat,60,30,30,6.6,66.52,20.312,Rabi
78534,rice,80,40,40,5.56,497.88,25.03333333,Kharif
49424,barley,70,40,45,5.58,87.2,23.106,Rabi
42196,rapeseed,50,40,20,5.04,41.3,21.704,Rabi
77409,coriander,10,20,20,6.56,75.32,22.676,Rabi
75718,potato,180,60,90,5.16,556.2,28.54545455,Rabi
79109,barley,70,40,45,5.64,87.2,23.106,Rabi
48042,rice,80,40,40,5.36,579.75,34.01,Kharif
72241,cotton,120,40,20,5.4,790.98,30.61666667,Kharif
76878,maize,80,40,20,5.44,75.32,22.676,Summer
21289,turmeric,25,60,100,5.06,1111.68,28.64818182,Kharif
53455,maize,80,40,20,5.5,1145.22,28.5,Summer
66813,soyabean,20,60,20,5.48,1011.49,30.43,Kharif
85252,garlic,50,10,60,5.46,1411.78,19.94545455,Rabi
28254,sweetpotato,90,20,120,5.06,1111.68,28.64818182,Rabi
19489,garlic,50,10,60,5.58,810.26,29.95636364,Rabi
45762,mango,20,20,30,4.82,550.1245,27.63636364,Summer
82321,wheat,60,30,30,6.6,70.11,25.6,Rabi
78009,rice,80,40,40,5.5,152.54,22.28,Kharif
91295,maize,80,40,20,5.36,579.75,34.01,Kharif
28272,cotton,120,40,20,5.36,1011.49,30.43,Kharif
98642,potato,180,60,90,4.98,75.32,22.676,Rabi
42236,potato,180,60,90,5.12,1098.26,15.5,Rabi
49586,rice,80,40,40,5.56,840.46,33.58333333,Kharif
30774,rapeseed,50,40,20,4.82,75.32,22.676,Rabi
75161,rice,80,40,40,5.42,167.38,23.56,Kharif
84411,sweetpotato,90,20,120,4.86,579.75,34.01,Rabi
57915,wheat,60,30,30,7.0,15.34,27.276,Rabi
21815,sunflower,50,60,30,5.34,207.55,26.43333333,Whole Year
23850,maize,80,40,20,5.52,75.32,22.676,Kharif
59537,wheat,60,30,30,6.3,73.47,23.562,Rabi
71801,jowar,80,40,40,5.58,840.46,33.58333333,Kharif
30218,sunflower,50,60,30,5.54,579.75,34.01,Whole Year
36915,ragi,50,40,20,5.6,1145.22,28.5,Kharif
51841,garlic,50,10,60,5.64,1111.68,28.64818182,Rabi
68721,sweetpotato,90,20,120,5.04,884.5,27.65454545,Rabi
22984,rice,80,40,40,5.38,297.66,29.56666667,Kharif
34613,horsegram,20,60,20,5.9,1246.715,22.6,Rabi
14236,wheat,60,30,30,6.7,73.47,23.562,Rabi
4990,ragi,50,40,20,5.66,288.3,25.46,Kharif
37995,jackfruit,75,40,50,5.04,884.5,27.65454545,Whole Year
91046,maize,80,40,20,5.64,98.94,25.574,Summer
6194,potato,180,60,90,5.08,810.26,29.95636364,Rabi
59067,moong,20,40,20,5.5,1246.715,22.6,Summer
44062,papaya,50,50,50,6.0,1111.68,28.64818182,Whole Year
94305,soyabean,20,60,20,5.4,1151.02,28.03333333,Kharif
47681,onion,120,60,65,6.04,75.32,22.676,Kharif
23603,rice,80,40,40,5.32,34.81,34.66666667,Kharif
34715,drumstick,40,20,10,6.5,2817.86,27.90909091,Whole Year
73342,moong,20,40,20,5.58,1246.715,22.6,Kharif
54044,cotton,120,40,20,5.6,510.05,33.37333333,Kharif
76738,wheat,60,30,30,6.12,75.32,22.676,Rabi
33285,rice,80,40,40,5.58,790.98,30.61666667,Kharif
70464,rice,80,40,40,5.52,152.54,22.28,Kharif
18848,moong,20,40,20,5.32,840.46,33.58333333,Summer
63885,moong,20,40,20,5.58,127.68,20.8,Summer
33985,ragi,50,40,20,5.44,199.2125,21.3,Kharif
11313,maize,80,40,20,5.44,1712.66,11.2,Kharif
38711,wheat,60,30,30,7.0,75.32,22.676,Rabi
98788,rice,80,40,40,5.5,579.75,34.01,Kharif
90752,maize,80,40,20,5.5,884.5,27.65454545,Kharif
22192,turmeric,25,60,100,5.18,1426.3,26.73636364,Kharif
78371,rice,80,40,40,5.6,288.3,25.46,Kharif
17689,turmeric,25,60,100,5.08,1501.98,25.81818182,Kharif
76993,onion,120,60,65,5.96,75.32,22.676,Kharif
70907,rapeseed,50,40,20,5.04,127.68,20.8,Rabi
7480,jowar,80,40,40,5.54,73.47,23.562,Kharif
43947,wheat,60,30,30,6.6,73.47,23.562,Rabi
38743,maize,80,40,20,5.5,579.75,34.01,Summer
99786,maize,80,40,20,5.42,152.54,22.28,Kharif
1469,rice,80,40,40,5.48,331.88,35.34666667,Kharif
37619,drumstick,40,20,10,6.46,884.5,27.65454545,Whole Year
49598,moong,20,40,20,5.62,98.98,34.92333333,Kharif
32698,wheat,60,30,30,6.7,87.2,23.106,Rabi
45535,wheat,60,30,30,6.6,167.38,23.56,Rabi
13367,banana,100,75,50,6.68,1603.2375,22.89090909,Whole Year
61977,moong,20,40,20,5.38,1220.22,27.26666667,Summer
31015,wheat,60,30,30,6.6,169.82,14.6,Rabi
96400,onion,120,60,65,5.88,1111.68,28.64818182,Rabi
76480,ragi,50,40,20,5.48,884.5,27.65454545,Kharif
96231,rapeseed,50,40,20,5.14,73.47,23.562,Rabi
18139,onion,120,60,65,6.02,2169.32,23.73636364,Rabi
84127,banana,100,75,50,6.4,942.8,28.99454545,Whole Year
38364,cotton,120,40,20,5.34,770.44,28.68,Kharif
86845,rice,80,40,40,5.44,840.46,33.58333333,Kharif
19454,cotton,120,40,20,5.36,790.98,30.61666667,Kharif
60018,rapeseed,50,40,20,5.04,70.11,25.6,Rabi
35494,cauliflower,80,70,50,6.66,1111.68,28.64818182,Rabi
11405,wheat,60,30,30,6.1,127.68,20.8,Rabi
45531,rice,80,40,40,5.62,1145.22,28.5,Kharif
18813,ragi,50,40,20,5.4,840.46,33.58333333,Kharif
58019,moong,20,40,20,5.38,331.88,35.34666667,Kharif
52029,garlic,50,10,60,5.64,1111.68,28.64818182,Rabi
99557,turmeric,25,60,100,5.1,1411.78,19.94545455,Kharif
38201,pumpkin,80,50,30,5.64,884.5,27.65454545,Kharif
35914,moong,20,40,20,5.4,607.48,26.36666667,Kharif
46464,sunflower,50,60,30,5.36,297.66,29.56666667,Whole Year
98538,potato,180,60,90,5.06,75.32,22.676,Rabi
84855,jowar,80,40,40,5.52,579.75,34.01,Kharif
13868,rapeseed,50,40,20,4.98,73.47,23.562,Rabi
21047,rice,80,40,40,5.46,1011.49,30.43,Kharif
25885,ragi,50,40,20,5.34,840.46,33.58333333,Kharif
24239,wheat,60,30,30,6.4,75.32,22.676,Rabi
581,rice,80,40,40,5.68,127.68,20.8,Kharif
29568,coriander,10,20,20,6.66,556.2,28.54545455,Rabi
45183,soyabean,20,60,20,5.5,235.4251,26.64666667,Kharif
20452,horsegram,20,60,20,5.86,1246.715,22.6,Rabi
64664,jowar,80,40,40,5.6,1151.02,28.03333333,Rabi
55530,onion,120,60,65,5.82,689.88,29.03727273,Rabi
46626,cotton,120,40,20,5.4,297.66,29.56666667,Kharif
66737,wheat,60,30,30,6.9,73.47,23.562,Rabi
85206,rice,80,40,40,5.44,1110.78,25.66666667,Kharif
36597,potato,180,60,90,4.84,1426.3,26.73636364,Rabi
49445,wheat,60,30,30,6.5,87.2,23.106,Rabi
90506,maize,80,40,20,5.4,510.05,33.37333333,Summer
37965,brinjal,80,15,40,6.32,884.5,27.65454545,Whole Year
54958,sweetpotato,90,20,120,5.06,689.88,29.03727273,Rabi
43247,drumstick,40,20,10,6.32,2817.86,27.90909091,Whole Year
21461,jowar,80,40,40,5.42,70.11,25.6,Rabi
59017,horsegram,20,60,20,5.82,199.2125,21.3,Kharif
41557,barley,70,40,45,5.6,94.02,22.38,Rabi
43920,rapeseed,50,40,20,4.94,73.47,23.562,Rabi
60176,potato,180,60,90,4.86,1350.025,26.01818182,Rabi
75612,wheat,60,30,30,6.1,66.52,20.312,Rabi
29951,ragi,50,40,20,5.44,297.66,29.56666667,Kharif
73188,cotton,120,40,20,5.38,1603.2375,22.89090909,Kharif
37059,rice,80,40,40,5.46,411.52,34.73,Kharif
68397,cotton,120,40,20,5.5,510.05,33.37333333,Kharif
99292,onion,120,60,65,5.9,75.32,22.676,Kharif
94104,sweetpotato,90,20,120,4.96,1299.26,26.51818182,Kharif
87441,jowar,80,40,40,5.56,331.88,35.34666667,Rabi
41469,wheat,60,30,30,6.1,87.2,23.106,Rabi
96362,maize,80,40,20,5.38,1011.49,30.43,Kharif
53170,jowar,80,40,40,5.62,1145.22,28.5,Kharif
58432,rapeseed,50,40,20,5.04,122.42,18.58,Rabi
29017,rice,80,40,40,5.68,1145.22,28.5,Kharif
4296,maize,80,40,20,5.52,579.75,34.01,Summer
78447,wheat,60,30,30,6.11,241.78,1.18,Rabi
59437,jowar,80,40,40,5.6,1011.49,30.43,Rabi
65683,cotton,120,40,20,5.32,1603.2375,22.89090909,Kharif
58203,moong,20,40,20,5.48,664.94,22.03333333,Kharif
97853,barley,70,40,45,5.62,19.38,22.766,Rabi
72483,wheat,60,30,30,6.1,41.3,21.704,Rabi
7431,maize,80,40,20,5.48,1011.49,30.43,Summer
49788,ragi,50,40,20,5.6,840.46,33.58333333,Kharif
10666,rapeseed,50,40,20,4.84,75.32,22.676,Rabi
61653,rice,80,40,40,5.56,297.66,29.56666667,Kharif
94455,maize,80,40,20,5.54,15.34,27.276,Summer
79929,potato,180,60,90,4.92,810.26,29.95636364,Rabi
23844,potato,180,60,90,5.08,689.88,29.03727273,Rabi
81217,ragi,50,40,20,5.64,199.2125,21.3,Kharif
87431,onion,120,60,65,5.94,421.14,28.50727273,Kharif
20279,rice,80,40,40,5.64,157.31,25.83333333,Kharif
39053,rapeseed,50,40,20,5.02,75.32,22.676,Rabi
62527,sweetpotato,90,20,120,4.94,689.88,29.03727273,Kharif
84114,maize,80,40,20,5.36,770.44,28.68,Kharif
31228,ragi,50,40,20,5.58,1166.94,28.33333333,Kharif
31078,barley,70,40,45,5.52,169.82,14.6,Rabi
46195,coriander,10,20,20,6.68,556.2,28.54545455,Rabi
46135,cotton,120,40,20,5.66,510.05,33.37333333,Kharif
77499,onion,120,60,65,6.02,34.81,34.66666667,Kharif
58509,horsegram,20,60,20,5.86,1246.715,22.6,Rabi
61548,turmeric,25,60,100,5.04,884.5,27.65454545,Kharif
25670,banana,100,75,50,6.66,1026.64,29.18636364,Whole Year
50769,rice,80,40,40,5.4,976.06,25.66666667,Kharif
23329,jowar,80,40,40,5.66,98.94,25.574,Rabi
24145,potato,180,60,90,4.84,689.88,29.03727273,Rabi
52935,soyabean,20,60,20,5.4,207.55,26.43333333,Kharif
59217,rice,80,40,40,5.66,330.0,29.33333333,Kharif
81321,turmeric,25,60,100,4.9,2817.86,27.90909091,Kharif
86163,banana,100,75,50,6.52,2169.32,23.73636364,Whole Year
97961,garlic,50,10,60,5.34,556.2,28.54545455,Rabi
16666,wheat,60,30,30,6.7,75.32,22.676,Rabi
32738,maize,80,40,20,5.56,98.98,34.92333333,Kharif
16276,moong,20,40,20,5.66,297.66,29.56666667,Kharif
18905,sweetpotato,90,20,120,5.16,1026.64,29.18636364,Rabi
59409,barley,70,40,45,5.36,73.47,23.562,Rabi
90778,maize,80,40,20,5.68,884.5,27.65454545,Summer
41962,onion,120,60,65,6.0,810.26,29.95636364,Kharif
74976,rice,80,40,40,5.4,110.023,20.36333333,Kharif
73455,onion,120,60,65,5.9,1246.715,22.6,Kharif
98286,horsegram,20,60,20,6.08,297.66,29.56666667,Rabi
85943,maize,80,40,20,5.6,1712.66,11.2,Summer
25742,rice,80,40,40,5.6,840.46,33.58333333,Kharif
94123,ragi,50,40,20,5.58,1151.02,28.03333333,Kharif
12966,sunflower,50,60,30,5.52,199.2125,21.3,Whole Year
1983,rapeseed,50,40,20,5.02,73.47,23.562,Rabi
44774,wheat,60,30,30,6.4,70.11,25.6,Rabi
47152,maize,80,40,20,5.44,770.44,28.68,Kharif
41799,horsegram,20,60,20,5.9,94.02,22.38,Rabi
75873,potato,180,60,90,4.96,556.2,28.54545455,Rabi
83753,cardamom,75,75,150,5.12,884.5,27.65454545,Kharif
70420,potato,180,60,90,4.88,1501.98,25.81818182,Rabi
88750,banana,100,75,50,6.38,1111.68,28.64818182,Whole Year
86961,jowar,80,40,40,5.56,1151.02,28.03333333,Kharif
85248,barley,70,40,45,5.6,169.82,14.6,Rabi
43948,ladyfinger,80,10,40,6.58,1111.68,28.64818182,Summer
20066,onion,120,60,65,6.08,1603.2375,22.89090909,Kharif
57361,banana,100,75,50,6.62,1026.64,29.18636364,Whole Year
48240,moong,20,40,20,5.34,579.75,34.01,Kharif
42862,mango,20,20,30,5.02,1603.2375,22.89090909,Summer
41418,onion,120,60,65,6.08,1026.64,29.18636364,Rabi
74023,jowar,80,40,40,5.32,1011.49,30.43,Kharif
62967,rapeseed,50,40,20,5.04,169.82,14.6,Rabi
9296,cotton,120,40,20,5.52,297.66,29.56666667,Kharif
31466,sweetpotato,90,20,120,5.02,1037.32,28.08181818,Kharif
66204,turmeric,25,60,100,5.12,2817.86,27.90909091,Kharif
49785,jute,80,40,40,5.44,840.46,33.58333333,Kharif
81519,horsegram,20,60,20,6.1,1011.49,30.43,Rabi
73990,barley,70,40,45,5.46,73.47,23.562,Rabi
39389,turmeric,25,60,100,5.16,689.88,29.03727273,Kharif
88392,rapeseed,50,40,20,5.0,1111.68,28.64818182,Rabi
25369,wheat,60,30,30,6.3,127.68,20.8,Rabi
95389,maize,80,40,20,5.68,157.31,25.83333333,Kharif
36084,maize,80,40,20,5.62,607.48,26.36666667,Summer
36052,moong,20,40,20,5.6,607.48,26.36666667,Kharif
64220,maize,80,40,20,5.56,840.46,33.58333333,Summer
38630,moong,20,40,20,5.58,34.81,34.66666667,Summer
58700,maize,80,40,20,5.62,1246.715,22.6,Summer
46689,ladyfinger,80,10,40,6.44,884.5,27.65454545,Summer
92379,rice,80,40,40,5.34,1110.78,25.66666667,Kharif
67210,jowar,80,40,40,5.4,607.48,26.36666667,Rabi
6075,potato,180,60,90,4.96,1026.64,29.18636364,Rabi
2854,rapeseed,50,40,20,4.9,66.52,20.312,Rabi
60387,jute,80,40,40,5.58,207.55,26.43333333,Kharif
25114,rice,80,40,40,5.32,127.68,20.8,Kharif
82734,moong,20,40,20,5.42,167.38,23.56,Summer
87012,moong,20,40,20,5.44,1151.02,28.03333333,Kharif
15087,rapeseed,50,40,20,4.86,167.38,23.56,Rabi
1598,jowar,80,40,40,5.46,1246.715,22.6,Rabi
88650,moong,20,40,20,5.52,1011.49,30.43,Kharif
92320,potato,180,60,90,4.98,169.82,14.6,Rabi
14361,rice,80,40,40,5.54,37.09,27.96666667,Kharif
76046,wheat,60,30,30,6.8,19.38,22.766,Rabi
95453,maize,80,40,20,5.58,1246.715,22.6,Kharif
79087,moong,20,40,20,5.58,98.98,34.92333333,Summer
65300,rice,80,40,40,5.32,122.42,18.58,Kharif
74389,sweetpotato,90,20,120,5.06,1111.68,28.64818182,Kharif
17342,jowar,80,40,40,5.62,579.75,34.01,Rabi
81057,sweetpotato,90,20,120,4.84,1603.2375,22.89090909,Kharif
91181,moong,20,40,20,5.42,1220.22,27.26666667,Summer
37296,potato,180,60,90,5.04,556.2,28.54545455,Rabi
90858,banana,100,75,50,6.48,884.5,27.65454545,Whole Year
33252,onion,120,60,65,6.04,1299.26,26.51818182,Rabi
56946,coriander,10,20,20,6.44,1026.64,29.18636364,Rabi
75821,barley,70,40,45,5.46,19.38,22.766,Rabi
34634,blackpepper,100,60,50,4.88,1603.2375,22.89090909,Whole Year
84872,cotton,120,40,20,5.48,579.75,34.01,Kharif
70260,maize,80,40,20,5.46,1110.78,25.66666667,Summer
96876,ragi,50,40,20,5.64,607.48,26.36666667,Kharif
12732,wheat,60,30,30,6.3,240.1,10.38,Rabi
7891,cotton,120,40,20,5.52,607.48,26.36666667,Kharif
6136,wheat,60,30,30,6.7,15.34,27.276,Rabi
68744,moong,20,40,20,5.44,884.5,27.65454545,Summer
60569,ragi,50,40,20,5.4,1145.22,28.5,Kharif
75513,ragi,50,40,20,5.46,167.38,23.56,Kharif
38949,maize,80,40,20,5.54,75.32,22.676,Summer
45574,moong,20,40,20,5.46,1145.22,28.5,Summer
23766,moong,20,40,20,5.44,75.32,22.676,Kharif
75662,wheat,60,30,30,6.11,66.52,20.312,Rabi
20194,banana,100,75,50,6.4,1603.2375,22.89090909,Whole Year
56027,banana,100,75,50,6.6,3322.06,27.03636364,Whole Year
13655,garlic,50,10,60,5.36,1111.68,28.64818182,Rabi
10577,soyabean,20,60,20,5.4,579.75,34.01,Kharif
51942,rapeseed,50,40,20,5.1,73.47,23.562,Rabi
71808,maize,80,40,20,5.38,98.98,34.92333333,Summer
43602,coriander,10,20,20,6.66,1111.68,28.64818182,Rabi
75392,horsegram,20,60,20,5.94,113.7,30.26666667,Kharif
57605,maize,80,40,20,5.34,1151.02,28.03333333,Kharif
64284,maize,80,40,20,5.42,87.2,23.106,Kharif
78290,turmeric,25,60,100,5.08,1037.32,28.08181818,Kharif
94939,rapeseed,50,40,20,4.88,122.42,18.58,Rabi
41651,rice,80,40,40,5.5,1151.02,28.03333333,Kharif
19141,turmeric,25,60,100,5.1,1299.26,26.51818182,Kharif
54999,maize,80,40,20,5.46,579.75,34.01,Summer
3629,maize,80,40,20,5.32,98.94,25.574,Kharif
74179,sunflower,50,60,30,5.5,1111.68,28.64818182,Whole Year
19864,moong,20,40,20,5.46,664.94,22.03333333,Kharif
13198,ragi,50,40,20,5.62,1246.715,22.6,Kharif
88537,rice,80,40,40,5.58,1111.68,28.64818182,Kharif
53415,jowar,80,40,40,5.58,1145.22,28.5,Kharif
55539,wheat,60,30,30,6.8,75.32,22.676,Rabi
77678,onion,120,60,65,5.96,1411.78,19.94545455,Kharif
75698,moong,20,40,20,5.58,510.05,33.37333333,Summer
18621,potato,180,60,90,4.92,1026.64,29.18636364,Rabi
61740,ragi,50,40,20,5.56,297.66,29.56666667,Kharif
13121,turmeric,25,60,100,4.86,1603.2375,22.89090909,Kharif
82894,maize,80,40,20,5.48,167.38,23.56,Kharif
95206,horsegram,20,60,20,6.12,1246.715,22.6,Rabi
4118,moong,20,40,20,5.6,579.75,34.01,Summer
29889,cotton,120,40,20,5.34,297.66,29.56666667,Kharif
82885,maize,80,40,20,5.56,1145.22,28.5,Kharif
27803,jowar,80,40,40,5.68,1011.49,30.43,Kharif
79589,moong,20,40,20,5.54,98.98,34.92333333,Summer
42402,maize,80,40,20,5.66,976.06,25.66666667,Kharif
82807,potato,180,60,90,5.16,167.38,23.56,Rabi
77757,onion,120,60,65,5.84,1411.78,19.94545455,Kharif
98908,maize,80,40,20,5.66,34.81,34.66666667,Summer
84033,onion,120,60,65,6.14,770.44,28.68,Kharif
22929,jowar,80,40,40,5.52,297.66,29.56666667,Rabi
94119,turmeric,25,60,100,4.86,1299.26,26.51818182,Kharif
73003,rapeseed,50,40,20,5.12,122.42,18.58,Rabi
18352,jute,80,40,40,5.56,1543.76,27.33333333,Kharif
44606,maize,80,40,20,5.32,607.48,26.36666667,Summer
3117,maize,80,40,20,5.52,510.05,33.37333333,Summer
36883,onion,120,60,65,6.08,1426.3,26.73636364,Rabi
28961,ragi,50,40,20,5.4,1145.22,28.5,Kharif
13422,banana,100,75,50,6.56,1603.2375,22.89090909,Whole Year
35147,rice,80,40,40,5.54,1011.49,30.43,Kharif
73868,sweetpotato,90,20,120,5.02,2817.86,27.90909091,Kharif
36746,coriander,10,20,20,6.64,1426.3,26.73636364,Rabi
32978,rice,80,40,40,5.34,1151.02,28.03333333,Kharif
62500,jowar,80,40,40,5.6,579.75,34.01,Rabi
40049,tomato,100,40,90,6.0,1037.32,28.08181818,Whole Year
87847,potato,180,60,90,4.9,199.2125,21.3,Rabi
71416,maize,80,40,20,5.6,98.98,34.92333333,Summer
76009,coriander,10,20,20,6.44,556.2,28.54545455,Rabi
27459,sunflower,50,60,30,5.44,157.31,25.83333333,Whole Year
38124,mango,20,20,30,4.9,884.5,27.65454545,Summer
64428,maize,80,40,20,5.68,840.46,33.58333333,Summer
27058,maize,80,40,20,5.4,1246.715,22.6,Kharif
27036,horsegram,20,60,20,6.0,1246.715,22.6,Rabi
70100,rapeseed,50,40,20,4.86,75.32,22.676,Rabi
76424,horsegram,20,60,20,5.94,884.5,27.65454545,Kharif
77835,rapeseed,50,40,20,5.16,169.82,14.6,Rabi
34322,jowar,80,40,40,5.52,199.2125,21.3,Rabi
590,potato,180,60,90,4.84,2169.32,23.73636364,Rabi
12074,banana,100,75,50,6.68,1026.64,29.18636364,Whole Year
9541,coriander,10,20,20,6.54,884.5,27.65454545,Rabi
85073,rapeseed,50,40,20,4.98,75.32,22.676,Rabi
62869,horsegram,20,60,20,5.9,1110.78,25.66666667,Rabi
28409,jowar,80,40,40,5.5,70.11,25.6,Kharif
35905,moong,20,40,20,5.64,607.48,26.36666667,Kharif
91942,onion,120,60,65,6.16,34.81,34.66666667,Kharif
23346,sunflower,50,60,30,5.42,770.44,28.68,Whole Year
40371,potato,180,60,90,5.18,2569.52,4.9,Rabi
57506,wheat,60,30,30,6.11,94.02,22.38,Rabi
63678,sweetpotato,90,20,120,4.9,2169.32,23.73636364,Rabi
11293,potato,180,60,90,4.84,2569.52,4.9,Rabi
77321,barley,70,40,45,5.48,75.32,22.676,Rabi
31967,turmeric,25,60,100,5.14,2169.32,23.73636364,Kharif
34848,cardamom,75,75,150,5.18,2817.86,27.90909091,Kharif
29786,onion,120,60,65,6.04,556.2,28.54545455,Kharif
82177,soyabean,20,60,20,5.36,607.48,26.36666667,Kharif
21439,jowar,80,40,40,5.32,70.11,25.6,Kharif
20361,sunflower,50,60,30,5.56,199.2125,21.3,Whole Year
40974,maize,80,40,20,5.44,840.46,33.58333333,Kharif
7319,sweetpotato,90,20,120,5.16,2817.86,27.90909091,Kharif
12889,sunflower,50,60,30,5.32,1246.715,22.6,Whole Year
10093,wheat,60,30,30,6.3,75.32,22.676,Rabi
2351,rice,80,40,40,5.52,607.48,26.36666667,Kharif
85687,jowar,80,40,40,5.32,654.34,29.26666667,Kharif
6104,onion,120,60,65,5.86,35.214,22.70909091,Rabi
87176,rice,80,40,40,5.4,3.94,33.76333333,Kharif
23856,maize,80,40,20,5.56,579.75,34.01,Kharif
63715,jute,80,40,40,5.6,1543.76,27.33333333,Kharif
12358,wheat,60,30,30,6.9,15.34,27.276,Rabi
36209,cabbage,100,65,70,6.4,1350.025,26.01818182,Rabi
82076,jowar,80,40,40,5.5,70.11,25.6,Rabi
80321,potato,180,60,90,5.18,664.94,22.03333333,Rabi
80261,horsegram,20,60,20,6.02,664.94,22.03333333,Rabi
90395,wheat,60,30,30,7.0,19.38,22.766,Rabi
21421,maize,80,40,20,5.42,607.48,26.36666667,Kharif
25840,potato,180,60,90,5.14,1026.64,29.18636364,Rabi
39863,potato,180,60,90,4.86,152.54,22.28,Rabi
60106,sunflower,50,60,30,5.36,607.48,26.36666667,Whole Year
79689,sunflower,50,60,30,5.48,1151.02,28.03333333,Whole Year
57087,potato,180,60,90,4.96,1026.64,29.18636364,Rabi
77079,wheat,60,30,30,6.6,75.32,22.676,Rabi
78507,turmeric,25,60,100,5.12,2569.52,4.9,Kharif
378,maize,80,40,20,5.46,1543.76,27.33333333,Summer
60786,horsegram,20,60,20,6.18,167.38,23.56,Rabi
76863,potato,180,60,90,4.92,75.32,22.676,Rabi
39094,wheat,60,30,30,6.4,75.32,22.676,Rabi
74277,potato,180,60,90,5.04,1111.68,28.64818182,Rabi
19716,wheat,60,30,30,6.3,41.3,21.704,Rabi
96777,maize,80,40,20,5.66,607.48,26.36666667,Kharif
23803,cotton,120,40,20,5.68,579.75,34.01,Kharif
33888,ragi,50,40,20,5.58,976.06,25.66666667,Kharif
13711,coriander,10,20,20,6.66,1111.68,28.64818182,Rabi
34375,moong,20,40,20,5.64,1246.715,22.6,Summer
6658,onion,120,60,65,6.14,157.31,25.83333333,Rabi
25388,banana,100,75,50,6.58,2169.32,23.73636364,Whole Year
69992,rapeseed,50,40,20,4.94,75.32,22.676,Rabi
81776,onion,120,60,65,5.9,1111.68,28.64818182,Rabi
86035,banana,100,75,50,6.32,127.68,20.8,Whole Year
58237,rice,80,40,40,5.62,664.94,22.03333333,Kharif
73134,jowar,80,40,40,5.38,157.31,25.83333333,Rabi
9826,rice,80,40,40,5.56,98.94,25.574,Kharif
59410,rapeseed,50,40,20,4.86,73.47,23.562,Rabi
65301,maize,80,40,20,5.42,976.06,25.66666667,Kharif
47138,banana,100,75,50,6.34,942.8,28.99454545,Whole Year
42603,jowar,80,40,40,5.38,199.2125,21.3,Kharif
54519,sweetpotato,90,20,120,4.88,884.5,27.65454545,Kharif
11930,wheat,60,30,30,6.8,87.2,23.106,Rabi
34780,turmeric,25,60,100,5.0,2817.86,27.90909091,Kharif
10240,rapeseed,50,40,20,4.82,75.32,22.676,Rabi
7208,turmeric,25,60,100,4.88,1603.2375,22.89090909,Kharif
35556,papaya,50,50,50,6.16,1111.68,28.64818182,Whole Year
68419,coriander,10,20,20,6.32,556.2,28.54545455,Rabi
97220,wheat,60,30,30,6.12,113.7,30.26666667,Rabi
11047,maize,80,40,20,5.52,1166.94,28.33333333,Kharif
33505,wheat,60,30,30,6.9,41.3,21.704,Rabi
74432,sweetpotato,90,20,120,5.06,1111.68,28.64818182,Kharif
43564,horsegram,20,60,20,6.12,1011.49,30.43,Kharif
15570,barley,70,40,45,5.36,66.52,20.312,Rabi
10565,rapeseed,50,40,20,5.02,75.32,22.676,Rabi
70748,potato,180,60,90,4.98,2569.52,4.9,Rabi
36399,jute,80,40,40,5.46,423.745,22.07,Kharif
9354,rice,80,40,40,5.46,297.66,29.56666667,Kharif
81479,maize,80,40,20,5.46,1011.49,30.43,Kharif
72275,wheat,60,30,30,6.5,15.34,27.276,Rabi
21231,rice,80,40,40,5.58,1011.49,30.43,Kharif
22889,potato,180,60,90,5.18,556.2,28.54545455,Rabi
33454,wheat,60,30,30,6.6,41.3,21.704,Rabi
74572,turmeric,25,60,100,5.08,1111.68,28.64818182,Kharif
48420,wheat,60,30,30,6.9,152.54,22.28,Rabi
50828,rapeseed,50,40,20,5.14,122.42,18.58,Rabi
44804,rice,80,40,40,5.5,607.48,26.36666667,Kharif
30216,rice,80,40,40,5.42,579.75,34.01,Kharif
11666,potato,180,60,90,5.04,2169.32,23.73636364,Rabi
39902,barley,70,40,45,5.44,152.54,22.28,Rabi
8781,rice,80,40,40,5.64,411.52,34.73,Kharif
37091,rapeseed,50,40,20,4.92,19.38,22.766,Rabi
91731,sweetpotato,90,20,120,5.06,579.75,34.01,Kharif
41171,sweetpotato,90,20,120,5.18,1026.64,29.18636364,Rabi
37545,wheat,60,30,30,6.4,140.52,12.5,Rabi
89972,maize,80,40,20,5.56,1145.22,28.5,Summer
92359,barley,70,40,45,5.64,169.82,14.6,Rabi
28762,sunflower,50,60,30,5.6,207.55,26.43333333,Whole Year
53511,rapeseed,50,40,20,5.16,167.38,23.56,Rabi
12481,cotton,120,40,20,5.32,790.98,30.61666667,Kharif
13166,cotton,120,40,20,5.6,1246.715,22.6,Kharif
42763,jowar,80,40,40,5.38,1246.715,22.6,Rabi
50875,horsegram,20,60,20,5.98,199.2125,21.3,Kharif
35058,papaya,50,50,50,6.02,1111.68,28.64818182,Whole Year
20648,rice,80,40,40,5.44,490.74,27.6,Kharif
80478,wheat,60,30,30,6.8,293.36,14.7,Rabi
44662,onion,120,60,65,5.94,714.68,26.45454545,Rabi
34683,onion,120,60,65,6.18,1603.2375,22.89090909,Kharif
34265,rapeseed,50,40,20,4.98,199.2125,21.3,Rabi
61571,cotton,120,40,20,5.5,297.66,29.56666667,Kharif
58025,potato,180,60,90,4.96,421.14,28.50727273,Rabi
42364,rapeseed,50,40,20,5.14,293.36,14.7,Rabi
81866,barley,70,40,45,5.6,73.47,23.562,Rabi
81360,rice,80,40,40,5.68,330.0,29.33333333,Kharif
58322,maize,80,40,20,5.36,516.68,27.86666667,Summer
38012,moong,20,40,20,5.48,297.66,29.56666667,Summer
98907,wheat,60,30,30,6.3,75.32,22.676,Rabi
48907,ragi,50,40,20,5.38,654.34,29.26666667,Kharif
4128,jowar,80,40,40,5.58,579.75,34.01,Kharif
38331,cotton,120,40,20,5.5,770.44,28.68,Kharif
58740,ragi,50,40,20,5.62,199.2125,21.3,Kharif
94697,garlic,50,10,60,5.36,421.14,28.50727273,Rabi
3208,banana,100,75,50,6.62,884.5,27.65454545,Whole Year
57577,rapeseed,50,40,20,4.94,94.02,22.38,Rabi
39138,onion,120,60,65,5.9,34.81,34.66666667,Kharif
71542,banana,100,75,50,6.54,1026.64,29.18636364,Whole Year
15509,cotton,120,40,20,5.38,411.52,34.73,Kharif
19649,wheat,60,30,30,6.4,41.3,21.704,Rabi
39168,jowar,80,40,40,5.44,579.75,34.01,Rabi
29159,maize,80,40,20,5.46,1145.22,28.5,Kharif
72931,onion,120,60,65,6.04,122.42,18.58,Kharif
8965,sunflower,50,60,30,5.42,19.38,22.766,Whole Year
85902,rice,80,40,40,5.34,1712.66,11.2,Kharif
24655,turmeric,25,60,100,4.92,1501.98,25.81818182,Kharif
77455,moong,20,40,20,5.52,34.81,34.66666667,Kharif
71412,barley,70,40,45,5.42,87.2,23.106,Rabi
76476,jowar,80,40,40,5.46,884.5,27.65454545,Kharif
35520,jowar,80,40,40,5.68,1011.49,30.43,Kharif
67758,rice,80,40,40,5.4,167.38,23.56,Kharif
57222,rapeseed,50,40,20,4.82,87.2,23.106,Rabi
38704,moong,20,40,20,5.6,579.75,34.01,Summer
10981,moong,20,40,20,5.46,152.54,22.28,Summer
88134,sunflower,50,60,30,5.48,199.2125,21.3,Whole Year
63577,rice,80,40,40,5.38,1712.66,11.2,Kharif
30515,rice,80,40,40,5.4,579.75,34.01,Kharif
23944,barley,70,40,45,5.4,75.32,22.676,Rabi
71972,maize,80,40,20,5.32,1151.02,28.03333333,Kharif
10054,potato,180,60,90,4.86,689.88,29.03727273,Rabi
49168,rapeseed,50,40,20,5.18,127.68,20.8,Rabi
59333,sweetpotato,90,20,120,5.12,2817.86,27.90909091,Rabi
14519,rice,80,40,40,5.68,607.48,26.36666667,Kharif
93927,rice,80,40,40,5.44,840.46,33.58333333,Kharif
50432,jowar,80,40,40,5.34,15.34,27.276,Rabi
10092,sunflower,50,60,30,5.48,75.32,22.676,Whole Year
88308,sweetpotato,90,20,120,5.04,2817.86,27.90909091,Rabi
32798,wheat,60,30,30,6.9,87.2,23.106,Rabi
87135,rapeseed,50,40,20,5.06,94.02,22.38,Rabi
3727,maize,80,40,20,5.44,34.81,34.66666667,Summer
29038,sweetpotato,90,20,120,4.96,1426.3,26.73636364,Kharif
51731,onion,120,60,65,6.0,1111.68,28.64818182,Kharif
70498,moong,20,40,20,5.68,152.54,22.28,Kharif
18367,jute,80,40,40,5.4,1543.76,27.33333333,Kharif
56334,rice,80,40,40,5.5,1712.66,11.2,Kharif
15425,sunflower,50,60,30,5.6,167.38,23.56,Whole Year
14304,sunflower,50,60,30,5.48,70.11,25.6,Whole Year
12702,barley,70,40,45,5.44,240.1,10.38,Rabi
1325,banana,100,75,50,6.6,810.26,29.95636364,Whole Year
49399,maize,80,40,20,5.66,840.46,33.58333333,Kharif
38251,tomato,100,40,90,6.02,884.5,27.65454545,Whole Year
33192,potato,180,60,90,4.9,1299.26,26.51818182,Rabi
43215,ragi,50,40,20,5.42,1246.715,22.6,Kharif
37583,cauliflower,80,70,50,6.62,884.5,27.65454545,Rabi
1602,jowar,80,40,40,5.52,199.2125,21.3,Rabi
89850,moong,20,40,20,5.34,167.38,23.56,Kharif
34559,jowar,80,40,40,5.5,1246.715,22.6,Rabi
34790,brinjal,80,15,40,6.58,2817.86,27.90909091,Whole Year
64015,banana,100,75,50,6.4,2169.32,23.73636364,Whole Year
87977,ragi,50,40,20,5.32,199.2125,21.3,Kharif
16408,ragi,50,40,20,5.66,297.66,29.56666667,Kharif
83086,wheat,60,30,30,6.1,66.52,20.312,Rabi
63280,moong,20,40,20,5.6,654.34,29.26666667,Summer
17318,onion,120,60,65,6.08,689.88,29.03727273,Rabi
41202,rapeseed,50,40,20,4.9,87.2,23.106,Rabi
17303,rapeseed,50,40,20,5.16,75.32,22.676,Rabi
61327,potato,180,60,90,4.82,556.2,28.54545455,Rabi
47432,rapeseed,50,40,20,5.18,75.32,22.676,Rabi
26458,maize,80,40,20,5.52,790.98,30.61666667,Kharif
67283,jowar,80,40,40,5.48,70.11,25.6,Kharif
95267,maize,80,40,20,5.48,1246.715,22.6,Kharif
2875,rapeseed,50,40,20,4.94,66.52,20.312,Rabi
92350,onion,120,60,65,5.84,1411.78,19.94545455,Kharif
11420,wheat,60,30,30,6.12,127.68,20.8,Rabi
80808,ragi,50,40,20,5.34,199.2125,21.3,Kharif
84374,potato,180,60,90,4.98,75.32,22.676,Rabi
94149,coriander,10,20,20,6.36,1299.26,26.51818182,Rabi
39366,cotton,120,40,20,5.48,579.75,34.01,Kharif
97207,horsegram,20,60,20,6.06,167.38,23.56,Rabi
21096,jowar,80,40,40,5.68,73.47,23.562,Rabi
29659,moong,20,40,20,5.6,510.05,33.37333333,Kharif
77251,maize,80,40,20,5.68,579.75,34.01,Kharif
16409,rice,80,40,40,5.64,297.66,29.56666667,Kharif
93872,rice,80,40,40,5.48,98.98,34.92333333,Kharif
67060,sunflower,50,60,30,5.36,607.48,26.36666667,Whole Year
98541,wheat,60,30,30,7.0,75.32,22.676,Rabi
79819,jowar,80,40,40,5.68,1151.02,28.03333333,Kharif
61449,moong,20,40,20,5.32,297.66,29.56666667,Summer
60244,rice,80,40,40,5.38,110.023,20.36333333,Kharif
14049,cotton,120,40,20,5.56,1011.49,30.43,Kharif
85492,sunflower,50,60,30,5.54,1166.94,28.33333333,Whole Year
63481,onion,120,60,65,5.88,654.34,29.26666667,Rabi
89301,rice,80,40,40,5.48,607.48,26.36666667,Kharif
422,maize,80,40,20,5.62,1543.76,27.33333333,Summer
10289,potato,180,60,90,4.84,689.88,29.03727273,Rabi
18144,rice,80,40,40,5.6,127.68,20.8,Kharif
31123,horsegram,20,60,20,5.84,1110.78,25.66666667,Kharif
89435,rice,80,40,40,5.34,56.236,15.852,Kharif
83044,coriander,10,20,20,6.66,10.265748,25.76,Rabi
51484,horsegram,20,60,20,6.0,199.2125,21.3,Rabi
53818,rapeseed,50,40,20,4.84,19.38,22.766,Rabi
17115,potato,180,60,90,5.04,689.88,29.03727273,Rabi
83254,jowar,80,40,40,5.66,510.05,33.37333333,Rabi
6945,onion,120,60,65,6.08,1246.715,22.6,Rabi
26106,rapeseed,50,40,20,4.94,94.02,22.38,Rabi
47103,rice,80,40,40,5.58,770.44,28.68,Kharif
39297,barley,70,40,45,5.46,75.32,22.676,Rabi
23817,maize,80,40,20,5.6,75.32,22.676,Kharif
74275,garlic,50,10,60,5.32,1111.68,28.64818182,Rabi
84168,cotton,120,40,20,5.64,579.75,34.01,Kharif
59803,maize,80,40,20,5.4,1011.49,30.43,Summer
60580,ragi,50,40,20,5.46,1145.22,28.5,Kharif
29633,moong,20,40,20,5.54,510.05,33.37333333,Summer
88903,cotton,120,40,20,5.64,1111.68,28.64818182,Kharif
4199,barley,70,40,45,5.42,75.32,22.676,Rabi
79479,onion,120,60,65,5.9,1026.64,29.18636364,Rabi
15321,rice,80,40,40,5.32,167.38,23.56,Kharif
58416,potato,180,60,90,5.1,122.42,18.58,Rabi
15780,moong,20,40,20,5.36,510.05,33.37333333,Kharif
77548,onion,120,60,65,6.02,34.81,34.66666667,Kharif
84286,sweetpotato,90,20,120,5.1,579.75,34.01,Kharif
49808,jute,80,40,40,5.62,840.46,33.58333333,Kharif
3799,sunflower,50,60,30,5.64,75.32,22.676,Whole Year
28098,banana,100,75,50,6.52,1111.68,28.64818182,Whole Year
8225,turmeric,25,60,100,4.96,1050.245,18.77818182,Kharif
24728,jowar,80,40,40,5.38,288.3,25.46,Rabi
67923,moong,20,40,20,5.5,113.7,30.26666667,Summer
93611,maize,80,40,20,5.42,840.46,33.58333333,Kharif
1721,rice,80,40,40,5.34,199.2125,21.3,Kharif
84102,ragi,50,40,20,5.48,98.94,25.574,Kharif
69937,wheat,60,30,30,7.0,75.32,22.676,Rabi
30277,cotton,120,40,20,5.56,579.75,34.01,Kharif
12143,maize,80,40,20,5.52,840.46,33.58333333,Kharif
85039,rice,80,40,40,5.6,579.75,34.01,Kharif
525,maize,80,40,20,5.36,1543.76,27.33333333,Kharif
1217,ragi,50,40,20,5.58,1026.64,29.18636364,Kharif
52109,barley,70,40,45,5.56,73.47,23.562,Rabi
77978,rice,80,40,40,5.42,1166.94,28.33333333,Kharif
61216,rice,80,40,40,5.56,510.05,33.37333333,Kharif
79533,wheat,60,30,30,6.8,87.2,23.106,Rabi
61113,jowar,80,40,40,5.62,510.05,33.37333333,Kharif
87613,horsegram,20,60,20,6.0,199.2125,21.3,Kharif
69349,jowar,80,40,40,5.5,579.75,34.01,Rabi
13904,turmeric,25,60,100,5.06,1111.68,28.64818182,Kharif
76134,maize,80,40,20,5.32,884.5,27.65454545,Summer
75011,maize,80,40,20,5.68,423.745,22.07,Kharif
62431,wheat,60,30,30,6.8,75.32,22.676,Rabi
10303,onion,120,60,65,6.12,689.88,29.03727273,Rabi
12902,coriander,10,20,20,6.62,1603.2375,22.89090909,Rabi
92275,sweetpotato,90,20,120,4.82,579.75,34.01,Kharif
24799,onion,120,60,65,5.86,288.3,25.46,Kharif
91600,onion,120,60,65,6.02,75.32,22.676,Rabi
50714,barley,70,40,45,5.54,293.36,14.7,Rabi
18063,rice,80,40,40,5.34,1712.66,11.2,Kharif
81979,coriander,10,20,20,6.5,1111.68,28.64818182,Rabi
19655,barley,70,40,45,5.46,41.3,21.704,Rabi
50999,sunflower,50,60,30,5.62,199.2125,21.3,Whole Year
70583,rice,80,40,40,5.68,152.54,22.28,Kharif
12396,maize,80,40,20,5.32,790.98,30.61666667,Kharif
47944,moong,20,40,20,5.54,34.81,34.66666667,Summer
24420,moong,20,40,20,5.46,169.82,14.6,Summer
17760,turmeric,25,60,100,5.08,1037.32,28.08181818,Kharif
59495,soyabean,20,60,20,5.6,1011.49,30.43,Kharif
80060,wheat,60,30,30,6.8,15.34,27.276,Rabi
41385,maize,80,40,20,5.52,840.46,33.58333333,Kharif
83347,barley,70,40,45,5.4,19.38,22.766,Rabi
73774,rice,80,40,40,5.34,330.0,29.33333333,Kharif
78281,jowar,80,40,40,5.46,288.3,25.46,Kharif
45224,maize,80,40,20,5.38,207.55,26.43333333,Kharif
87812,horsegram,20,60,20,6.06,199.2125,21.3,Rabi
20512,ragi,50,40,20,5.58,199.2125,21.3,Kharif
94030,horsegram,20,60,20,6.16,840.46,33.58333333,Kharif
56730,sweetpotato,90,20,120,5.0,2169.32,23.73636364,Kharif
57066,potato,180,60,90,5.08,1026.64,29.18636364,Rabi
54105,rapeseed,50,40,20,5.02,140.52,12.5,Rabi
68277,jowar,80,40,40,5.68,510.05,33.37333333,Kharif
97707,onion,120,60,65,6.04,556.2,28.54545455,Kharif
12577,maize,80,40,20,5.32,331.88,35.34666667,Summer
1173,rice,80,40,40,5.44,98.98,34.92333333,Kharif
2114,soyabean,20,60,20,5.42,1011.49,30.43,Kharif
54016,cotton,120,40,20,5.36,510.05,33.37333333,Kharif
4735,wheat,60,30,30,6.1,152.54,22.28,Rabi
34917,turmeric,25,60,100,4.86,2817.86,27.90909091,Kharif
775,wheat,60,30,30,6.11,87.2,23.106,Rabi
13814,onion,120,60,65,5.96,1111.68,28.64818182,Rabi
51252,blackpepper,100,60,50,5.02,1603.2375,22.89090909,Whole Year
18176,jute,80,40,40,5.38,1543.76,27.33333333,Kharif
19778,rice,80,40,40,5.44,664.94,22.03333333,Kharif
92007,barley,70,40,45,5.68,75.32,22.676,Rabi
36851,maize,80,40,20,5.46,1145.22,28.5,Kharif
47154,onion,120,60,65,6.16,770.44,28.68,Kharif
92707,jute,80,40,40,5.44,1166.94,28.33333333,Kharif
29609,jowar,80,40,40,5.34,510.05,33.37333333,Rabi
8821,wheat,60,30,30,6.12,66.52,20.312,Rabi
38423,maize,80,40,20,5.54,770.44,28.68,Summer
18751,potato,180,60,90,4.94,1026.64,29.18636364,Rabi
45418,ragi,50,40,20,5.64,1145.22,28.5,Kharif
43556,onion,120,60,65,6.04,1111.68,28.64818182,Kharif
91885,wheat,60,30,30,6.11,75.32,22.676,Rabi
89551,sunflower,50,60,30,5.4,70.598,18.92,Whole Year
44242,rice,80,40,40,5.36,1011.49,30.43,Kharif
78022,potato,180,60,90,4.84,1501.98,25.81818182,Rabi
9149,barley,70,40,45,5.38,19.38,22.766,Rabi
87425,garlic,50,10,60,5.46,421.14,28.50727273,Rabi
81514,potato,180,60,90,4.86,1111.68,28.64818182,Rabi
56757,rice,80,40,40,5.56,497.88,25.03333333,Kharif
31808,tomato,100,40,90,6.04,1037.32,28.08181818,Whole Year
47069,jowar,80,40,40,5.34,770.44,28.68,Rabi
3301,maize,80,40,20,5.66,884.5,27.65454545,Summer
77361,wheat,60,30,30,6.8,75.32,22.676,Rabi
76752,wheat,60,30,30,6.12,75.32,22.676,Rabi
24059,wheat,60,30,30,6.1,75.32,22.676,Rabi
99427,wheat,60,30,30,6.7,169.82,14.6,Rabi
69589,onion,120,60,65,5.86,75.32,22.676,Kharif
34776,papaya,50,50,50,5.82,2817.86,27.90909091,Whole Year
93517,moong,20,40,20,5.36,127.68,20.8,Summer
66052,horsegram,20,60,20,6.08,199.2125,21.3,Rabi
73486,moong,20,40,20,5.48,1246.715,22.6,Kharif
11589,potato,180,60,90,4.92,2169.32,23.73636364,Rabi
68841,rice,80,40,40,5.46,297.66,29.56666667,Kharif
21527,cotton,120,40,20,5.58,607.48,26.36666667,Kharif
89754,jute,80,40,40,5.48,1145.22,28.5,Kharif
25894,banana,100,75,50,6.4,1026.64,29.18636364,Whole Year
82996,maize,80,40,20,5.42,1145.22,28.5,Kharif
71878,potato,180,60,90,5.12,35.214,22.70909091,Rabi
91801,maize,80,40,20,5.6,579.75,34.01,Kharif
99191,maize,80,40,20,5.54,34.81,34.66666667,Summer
64582,rice,80,40,40,5.52,1151.02,28.03333333,Kharif
95598,jowar,80,40,40,5.54,1246.715,22.6,Kharif
26774,garlic,50,10,60,5.52,1098.26,15.5,Rabi
36504,cotton,120,40,20,5.32,207.55,26.43333333,Kharif
39052,maize,80,40,20,5.48,75.32,22.676,Summer
84247,barley,70,40,45,5.58,75.32,22.676,Rabi
24768,moong,20,40,20,5.4,654.34,29.26666667,Summer
19597,wheat,60,30,30,6.3,41.3,21.704,Rabi
21437,soyabean,20,60,20,5.42,607.48,26.36666667,Kharif
8914,moong,20,40,20,5.64,510.05,33.37333333,Kharif
63550,maize,80,40,20,5.5,1712.66,11.2,Summer
20569,turmeric,25,60,100,5.18,1603.2375,22.89090909,Kharif
80340,moong,20,40,20,5.54,664.94,22.03333333,Kharif
2009,rapeseed,50,40,20,5.1,73.47,23.562,Rabi
30732,moong,20,40,20,5.46,75.32,22.676,Kharif
41690,moong,20,40,20,5.58,94.02,22.38,Kharif
26342,rapeseed,50,40,20,5.04,15.34,27.276,Rabi
7226,ragi,50,40,20,5.54,1246.715,22.6,Kharif
902,barley,70,40,45,5.52,87.2,23.106,Rabi
57604,jowar,80,40,40,5.58,1151.02,28.03333333,Rabi
419,rice,80,40,40,5.62,1543.76,27.33333333,Kharif
72220,moong,20,40,20,5.56,790.98,30.61666667,Kharif
90383,barley,70,40,45,5.36,19.38,22.766,Rabi
5089,maize,80,40,20,5.36,1712.66,11.2,Summer
10684,potato,180,60,90,5.04,689.88,29.03727273,Rabi
94543,onion,120,60,65,5.88,810.26,29.95636364,Rabi
71456,wheat,60,30,30,6.6,87.2,23.106,Rabi
59103,ragi,50,40,20,5.54,157.31,25.83333333,Kharif
70433,rice,80,40,40,5.6,182.5,29.2,Kharif
62225,maize,80,40,20,5.44,579.75,34.01,Kharif
10221,moong,20,40,20,5.66,579.75,34.01,Kharif
32618,rice,80,40,40,5.32,87.2,23.106,Kharif
22531,maize,80,40,20,5.48,510.05,33.37333333,Summer
85496,wheat,60,30,30,6.8,152.54,22.28,Rabi
99435,rice,80,40,40,5.38,1110.78,25.66666667,Kharif
52012,wheat,60,30,30,6.12,73.47,23.562,Rabi
59602,onion,120,60,65,6.04,1111.68,28.64818182,Kharif
49010,rice,80,40,40,5.44,1712.66,11.2,Kharif
19681,potato,180,60,90,4.86,421.14,28.50727273,Rabi
11181,moong,20,40,20,5.36,654.34,29.26666667,Summer
89262,soyabean,20,60,20,5.54,607.48,26.36666667,Kharif
91985,wheat,60,30,30,6.12,75.32,22.676,Rabi
69476,garlic,50,10,60,5.62,75.32,22.676,Rabi
4285,onion,120,60,65,6.04,579.75,34.01,Rabi
76814,maize,80,40,20,5.64,579.75,34.01,Kharif
63553,maize,80,40,20,5.6,1712.66,11.2,Summer
69116,rice,80,40,40,5.38,98.94,25.574,Kharif
33894,rice,80,40,40,5.62,976.06,25.66666667,Kharif
24706,maize,80,40,20,5.36,288.3,25.46,Summer
6547,turmeric,25,60,100,4.88,1098.26,15.5,Kharif
19415,maize,80,40,20,5.42,5.274,27.016,Summer
57351,moong,20,40,20,5.38,840.46,33.58333333,Summer
5476,turmeric,25,60,100,4.98,1026.64,29.18636364,Kharif
62776,banana,100,75,50,6.54,689.88,29.03727273,Whole Year
69442,maize,80,40,20,5.42,34.81,34.66666667,Summer
80573,maize,80,40,20,5.34,1246.715,22.6,Summer
61763,onion,120,60,65,6.04,884.5,27.65454545,Rabi
790,maize,80,40,20,5.58,98.98,34.92333333,Summer
52517,jowar,80,40,40,5.64,607.48,26.36666667,Kharif
55223,maize,80,40,20,5.58,579.75,34.01,Kharif
74539,coriander,10,20,20,6.42,1111.68,28.64818182,Rabi
14005,sweetpotato,90,20,120,4.98,1111.68,28.64818182,Rabi
73671,moong,20,40,20,5.56,1246.715,22.6,Summer
9870,soyabean,20,60,20,5.62,579.75,34.01,Kharif
51367,rice,80,40,40,5.44,157.31,25.83333333,Kharif
43483,ladyfinger,80,10,40,6.44,2817.86,27.90909091,Kharif
47705,barley,70,40,45,5.68,75.32,22.676,Rabi
57074,ragi,50,40,20,5.44,840.46,33.58333333,Kharif
29401,maize,80,40,20,5.68,510.05,33.37333333,Summer
26869,horsegram,20,60,20,5.84,516.68,27.86666667,Rabi
12678,potato,180,60,90,5.12,421.14,28.50727273,Rabi
74457,garlic,50,10,60,5.58,1111.68,28.64818182,Rabi
76796,moong,20,40,20,5.48,34.81,34.66666667,Kharif
45324,soyabean,20,60,20,5.32,207.55,26.43333333,Kharif
52490,soyabean,20,60,20,5.66,70.11,25.6,Kharif
33442,sunflower,50,60,30,5.54,41.3,21.704,Whole Year
16227,horsegram,20,60,20,5.84,297.66,29.56666667,Kharif
53263,rapeseed,50,40,20,5.08,167.38,23.56,Rabi
86312,rice,80,40,40,5.32,127.68,20.8,Kharif
69114,onion,120,60,65,6.0,98.94,25.574,Rabi
782,rice,80,40,40,5.58,840.46,33.58333333,Kharif
74087,garlic,50,10,60,5.52,1111.68,28.64818182,Rabi
26031,potato,180,60,90,5.08,1026.64,29.18636364,Rabi
43536,tomato,100,40,90,6.08,1111.68,28.64818182,Whole Year
36520,maize,80,40,20,5.64,207.55,26.43333333,Summer
38995,moong,20,40,20,5.6,579.75,34.01,Kharif
23272,moong,20,40,20,5.56,297.66,29.56666667,Summer
49301,rice,80,40,40,5.58,497.88,25.03333333,Kharif
54713,sunflower,50,60,30,5.56,770.44,28.68,Whole Year
87461,wheat,60,30,30,6.3,41.3,21.704,Rabi
24994,wheat,60,30,30,6.3,241.78,1.18,Rabi
17346,rapeseed,50,40,20,5.0,75.32,22.676,Rabi
66029,moong,20,40,20,5.68,199.2125,21.3,Kharif
12321,rapeseed,50,40,20,5.16,9.627044,16.82,Rabi
45533,rapeseed,50,40,20,5.12,167.38,23.56,Rabi
42177,potato,180,60,90,5.12,421.14,28.50727273,Rabi
57662,soyabean,20,60,20,5.36,1151.02,28.03333333,Kharif
29368,wheat,60,30,30,6.5,66.52,20.312,Rabi
15790,potato,180,60,90,5.02,556.2,28.54545455,Rabi
69621,wheat,60,30,30,6.5,75.32,22.676,Rabi
79281,sweetpotato,90,20,120,5.16,840.46,33.58333333,Kharif
43567,rice,80,40,40,5.4,1011.49,30.43,Kharif
19801,jowar,80,40,40,5.36,664.94,22.03333333,Kharif
9624,banana,100,75,50,6.42,884.5,27.65454545,Whole Year
34059,brinjal,80,15,40,6.58,1603.2375,22.89090909,Whole Year
66849,rapeseed,50,40,20,5.04,73.47,23.562,Rabi
91846,maize,80,40,20,5.48,75.32,22.676,Summer
563,sweetpotato,90,20,120,4.9,2169.32,23.73636364,Rabi
716,maize,80,40,20,5.54,840.46,33.58333333,Kharif
64632,ragi,50,40,20,5.38,1151.02,28.03333333,Kharif
88495,moong,20,40,20,5.66,73.47,23.562,Kharif
4559,rice,80,40,40,5.38,579.75,34.01,Kharif
20959,turmeric,25,60,100,5.04,1111.68,28.64818182,Kharif
9287,barley,70,40,45,5.4,140.52,12.5,Rabi
64011,rapeseed,50,40,20,5.16,127.68,20.8,Rabi
27155,cotton,120,40,20,5.68,1246.715,22.6,Kharif
74202,garlic,50,10,60,5.62,1111.68,28.64818182,Rabi
69425,maize,80,40,20,5.6,34.81,34.66666667,Kharif
87585,sunflower,50,60,30,5.64,1246.715,22.6,Whole Year
95378,sunflower,50,60,30,5.34,1246.715,22.6,Whole Year
4562,barley,70,40,45,5.64,75.32,22.676,Rabi
33624,maize,80,40,20,5.54,331.88,35.34666667,Summer
90929,moong,20,40,20,5.38,884.5,27.65454545,Kharif
71683,coriander,10,20,20,6.38,1026.64,29.18636364,Rabi
43569,soyabean,20,60,20,5.44,1011.49,30.43,Kharif
1099,rice,80,40,40,5.48,840.46,33.58333333,Kharif
83215,wheat,60,30,30,6.3,19.38,22.766,Rabi
2054,jowar,80,40,40,5.52,1011.49,30.43,Rabi
30155,rice,80,40,40,5.38,98.94,25.574,Kharif
22210,sweetpotato,90,20,120,5.12,1426.3,26.73636364,Kharif
75946,onion,120,60,65,6.0,556.2,28.54545455,Rabi
31344,potato,180,60,90,5.06,1501.98,25.81818182,Rabi
58023,rapeseed,50,40,20,4.86,41.3,21.704,Rabi
46292,maize,80,40,20,5.62,510.05,33.37333333,Kharif
80112,rice,80,40,40,5.36,331.88,35.34666667,Kharif
3270,maize,80,40,20,5.54,884.5,27.65454545,Kharif
9755,sunflower,50,60,30,5.66,770.44,28.68,Whole Year
58044,rice,80,40,40,5.56,331.88,35.34666667,Kharif
42304,moong,20,40,20,5.48,516.68,27.86666667,Kharif
25467,sweetpotato,90,20,120,5.14,1026.64,29.18636364,Kharif
4639,potato,180,60,90,5.12,1501.98,25.81818182,Rabi
30376,moong,20,40,20,5.5,579.75,34.01,Summer
98995,potato,180,60,90,5.0,75.32,22.676,Rabi
24947,onion,120,60,65,5.9,654.34,29.26666667,Rabi
67269,sunflower,50,60,30,5.36,607.48,26.36666667,Whole Year
59706,rapeseed,50,40,20,4.9,73.47,23.562,Rabi
1116,sweetpotato,90,20,120,5.18,1026.64,29.18636364,Rabi
37925,orange,20,10,10,3.88,884.5,27.65454545,Whole Year
17836,maize,80,40,20,5.34,654.34,29.26666667,Kharif
39397,wheat,60,30,30,6.12,75.32,22.676,Rabi
25359,potato,180,60,90,5.1,2169.32,23.73636364,Rabi
78115,moong,20,40,20,5.32,182.5,29.2,Kharif
98461,maize,80,40,20,5.36,770.44,28.68,Summer
90402,moong,20,40,20,5.68,510.05,33.37333333,Kharif
97261,maize,80,40,20,5.56,1145.22,28.5,Summer
13828,coriander,10,20,20,6.36,1111.68,28.64818182,Rabi
15243,ragi,50,40,20,5.64,1145.22,28.5,Kharif
51780,rice,80,40,40,5.54,1011.49,30.43,Kharif
51879,jowar,80,40,40,5.68,1011.49,30.43,Rabi
60880,rice,80,40,40,5.44,162.72,29.4,Kharif
40082,horsegram,20,60,20,6.02,654.34,29.26666667,Kharif
83877,rice,80,40,40,5.52,297.66,29.56666667,Kharif
65072,potato,180,60,90,5.02,421.14,28.50727273,Rabi
28101,onion,120,60,65,5.82,1111.68,28.64818182,Kharif
3767,potato,180,60,90,4.86,689.88,29.03727273,Rabi
73044,wheat,60,30,30,6.11,199.2125,21.3,Rabi
9273,rice,80,40,40,5.44,1875.6,20.1,Kharif
69780,onion,120,60,65,6.08,34.81,34.66666667,Kharif
70186,barley,70,40,45,5.58,169.82,14.6,Rabi
92947,rice,80,40,40,5.68,288.3,25.46,Kharif
20772,wheat,60,30,30,6.4,73.47,23.562,Rabi
40715,papaya,50,50,50,6.12,2169.32,23.73636364,Whole Year
25326,rice,80,40,40,5.44,497.88,25.03333333,Kharif
79985,potato,180,60,90,4.88,810.26,29.95636364,Rabi
43821,onion,120,60,65,5.88,1111.68,28.64818182,Rabi
30597,rapeseed,50,40,20,5.14,75.32,22.676,Rabi
15937,jowar,80,40,40,5.54,510.05,33.37333333,Rabi
84568,rice,80,40,40,5.68,579.75,34.01,Kharif
42031,rapeseed,50,40,20,4.84,15.34,27.276,Rabi
79237,maize,80,40,20,5.36,87.2,23.106,Kharif
19711,jowar,80,40,40,5.66,331.88,35.34666667,Kharif
15044,moong,20,40,20,5.68,167.38,23.56,Kharif
92443,moong,20,40,20,5.48,1110.78,25.66666667,Kharif
94894,potato,180,60,90,4.84,240.1,10.38,Rabi
61525,blackpepper,100,60,50,5.08,884.5,27.65454545,Whole Year
49848,jute,80,40,40,5.32,840.46,33.58333333,Kharif
31841,turmeric,25,60,100,5.16,2569.52,4.9,Kharif
52163,rice,80,40,40,5.42,1011.49,30.43,Kharif
5986,banana,100,75,50,6.58,1026.64,29.18636364,Whole Year
77985,rapeseed,50,40,20,5.0,152.54,22.28,Rabi
33017,moong,20,40,20,5.66,1151.02,28.03333333,Summer
34789,blackpepper,100,60,50,4.98,2817.86,27.90909091,Whole Year
57082,rice,80,40,40,5.4,98.98,34.92333333,Kharif
65770,rice,80,40,40,5.36,157.31,25.83333333,Kharif
93100,rice,80,40,40,5.5,1712.66,11.2,Kharif
88523,wheat,60,30,30,6.5,1111.68,28.64818182,Rabi
97767,potato,180,60,90,5.18,556.2,28.54545455,Rabi
79990,wheat,60,30,30,6.4,15.34,27.276,Rabi
42609,maize,80,40,20,5.6,157.31,25.83333333,Kharif
90701,sunflower,50,60,30,5.52,884.5,27.65454545,Whole Year
42286,maize,80,40,20,5.38,664.94,22.03333333,Kharif
76066,turmeric,25,60,100,5.1,556.2,28.54545455,Kharif
8883,potato,180,60,90,5.04,556.2,28.54545455,Rabi
82280,rice,80,40,40,5.38,607.48,26.36666667,Kharif
26892,maize,80,40,20,5.5,516.68,27.86666667,Summer
39118,onion,120,60,65,5.88,75.32,22.676,Rabi
29499,wheat,60,30,30,6.5,19.38,22.766,Rabi
20683,rice,80,40,40,5.44,330.0,29.33333333,Kharif
82288,maize,80,40,20,5.62,70.11,25.6,Kharif
69188,onion,120,60,65,6.16,75.32,22.676,Kharif
63025,rapeseed,50,40,20,5.18,152.54,22.28,Rabi
16750,onion,120,60,65,6.0,689.88,29.03727273,Kharif
2819,rice,80,40,40,5.34,411.52,34.73,Kharif
86048,rice,80,40,40,5.64,127.68,20.8,Kharif
95731,banana,100,75,50,6.52,1603.2375,22.89090909,Whole Year
30433,moong,20,40,20,5.62,579.75,34.01,Summer
17155,maize,80,40,20,5.6,579.75,34.01,Summer
72326,jowar,80,40,40,5.52,790.98,30.61666667,Rabi
10713,jute,80,40,40,5.58,579.75,34.01,Kharif
45343,garlic,50,10,60,5.36,1426.3,26.73636364,Rabi
81472,wheat,60,30,30,6.12,73.47,23.562,Rabi
34438,ragi,50,40,20,5.54,1246.715,22.6,Kharif
40375,turmeric,25,60,100,4.86,2569.52,4.9,Kharif
39180,potato,180,60,90,5.08,689.88,29.03727273,Rabi
69714,soyabean,20,60,20,5.66,579.75,34.01,Kharif
8743,rice,80,40,40,5.32,162.72,29.4,Kharif
45469,sweetpotato,90,20,120,5.1,1426.3,26.73636364,Rabi
15139,maize,80,40,20,5.58,1145.22,28.5,Summer
92206,barley,70,40,45,5.62,75.32,22.676,Rabi
12424,jowar,80,40,40,5.54,790.98,30.61666667,Kharif
95529,horsegram,20,60,20,6.04,1246.715,22.6,Rabi
46565,cucumber,60,60,85,6.4,884.5,27.65454545,Kharif
45723,onion,120,60,65,6.02,1426.3,26.73636364,Kharif
22919,rapeseed,50,40,20,5.14,446.14,25.44,Rabi
3095,wheat,60,30,30,6.4,19.38,22.766,Rabi
45465,sunflower,50,60,30,5.32,167.38,23.56,Whole Year
27078,moong,20,40,20,5.54,1246.715,22.6,Kharif
44818,sunflower,50,60,30,5.56,70.11,25.6,Whole Year
57283,rice,80,40,40,5.38,98.98,34.92333333,Kharif
86125,rice,80,40,40,5.62,497.88,25.03333333,Kharif
99842,potato,180,60,90,4.84,152.54,22.28,Rabi
19218,moong,20,40,20,5.48,1151.02,28.03333333,Kharif
80403,coriander,10,20,20,6.68,240.1,10.38,Rabi
41886,rice,80,40,40,5.44,790.98,30.61666667,Kharif
2588,maize,80,40,20,5.5,167.38,23.56,Summer
23240,onion,120,60,65,5.88,884.5,27.65454545,Kharif
46483,papaya,50,50,50,5.82,884.5,27.65454545,Whole Year
34793,jackfruit,75,40,50,5.04,2817.86,27.90909091,Whole Year
8941,jowar,80,40,40,5.32,510.05,33.37333333,Rabi
13813,garlic,50,10,60,5.46,1111.68,28.64818182,Rabi
25417,turmeric,25,60,100,4.88,1026.64,29.18636364,Kharif
22296,garlic,50,10,60,5.62,1426.3,26.73636364,Rabi
37247,moong,20,40,20,5.6,510.05,33.37333333,Kharif
26750,rice,80,40,40,5.32,664.94,22.03333333,Kharif
39672,garlic,50,10,60,5.44,1411.78,19.94545455,Rabi
41301,jowar,80,40,40,5.44,840.46,33.58333333,Kharif
83947,maize,80,40,20,5.34,884.5,27.65454545,Summer
75290,ragi,50,40,20,5.56,1145.22,28.5,Kharif
19776,maize,80,40,20,5.34,664.94,22.03333333,Kharif
87650,turmeric,25,60,100,4.88,1603.2375,22.89090909,Kharif
35439,onion,120,60,65,5.86,1111.68,28.64818182,Kharif
52013,coriander,10,20,20,6.48,1111.68,28.64818182,Rabi
6519,rapeseed,50,40,20,5.04,240.1,10.38,Rabi
25267,banana,100,75,50,6.66,2169.32,23.73636364,Whole Year
17773,maize,80,40,20,5.38,288.3,25.46,Kharif
81596,barley,70,40,45,5.42,73.47,23.562,Rabi
1077,sweetpotato,90,20,120,4.9,1026.64,29.18636364,Kharif
77566,jowar,80,40,40,5.44,579.75,34.01,Rabi
34240,rice,80,40,40,5.44,157.31,25.83333333,Kharif
37181,coriander,10,20,20,6.66,556.2,28.54545455,Rabi
74571,sweetpotato,90,20,120,4.86,1111.68,28.64818182,Rabi
98532,moong,20,40,20,5.36,579.75,34.01,Summer
14544,sunflower,50,60,30,5.38,70.11,25.6,Whole Year
18200,potato,180,60,90,4.92,2169.32,23.73636364,Rabi
1260,garlic,50,10,60,5.52,810.26,29.95636364,Rabi
69033,onion,120,60,65,5.98,98.94,25.574,Kharif
90483,cotton,120,40,20,5.48,510.05,33.37333333,Kharif
5526,sweetpotato,90,20,120,5.0,1026.64,29.18636364,Kharif
77746,moong,20,40,20,5.66,1110.78,25.66666667,Kharif
74376,jowar,80,40,40,5.46,1011.49,30.43,Kharif
66515,coriander,10,20,20,6.54,1111.68,28.64818182,Rabi
72515,wheat,60,30,30,6.1,41.3,21.704,Rabi
65400,ragi,50,40,20,5.32,976.06,25.66666667,Kharif
57831,maize,80,40,20,5.32,790.98,30.61666667,Summer
28995,coriander,10,20,20,6.62,1426.3,26.73636364,Rabi
11643,maize,80,40,20,5.52,1543.76,27.33333333,Kharif
13670,potato,180,60,90,4.88,1111.68,28.64818182,Rabi
55676,barley,70,40,45,5.36,169.82,14.6,Rabi
52773,banana,100,75,50,6.58,1050.245,18.77818182,Whole Year
93732,rice,80,40,40,5.46,87.2,23.106,Kharif
88368,horsegram,20,60,20,6.02,1011.49,30.43,Rabi
67636,maize,80,40,20,5.5,113.7,30.26666667,Kharif
82033,sunflower,50,60,30,5.66,1011.49,30.43,Whole Year
91769,moong,20,40,20,5.6,34.81,34.66666667,Summer
72882,wheat,60,30,30,6.6,122.42,18.58,Rabi
71755,potato,180,60,90,5.0,1026.64,29.18636364,Rabi
93250,rice,80,40,40,5.38,127.68,20.8,Kharif
14185,jowar,80,40,40,5.42,1011.49,30.43,Rabi
45544,maize,80,40,20,5.36,1145.22,28.5,Kharif
94326,sunflower,50,60,30,5.6,1151.02,28.03333333,Whole Year
26882,potato,180,60,90,4.9,1089.6,20.70909091,Rabi
37216,turmeric,25,60,100,5.16,556.2,28.54545455,Kharif
4859,ragi,50,40,20,5.66,288.3,25.46,Kharif
58895,ragi,50,40,20,5.42,199.2125,21.3,Kharif
57633,coriander,10,20,20,6.68,1299.26,26.51818182,Rabi
90784,rice,80,40,40,5.42,297.66,29.56666667,Kharif
13810,rapeseed,50,40,20,5.0,73.47,23.562,Rabi
7864,sunflower,50,60,30,5.54,37.09,27.96666667,Whole Year
22476,cotton,120,40,20,5.58,510.05,33.37333333,Kharif
40606,potato,180,60,90,5.16,2169.32,23.73636364,Rabi
7889,maize,80,40,20,5.32,37.09,27.96666667,Summer
19206,sunflower,50,60,30,5.36,1151.02,28.03333333,Whole Year
48717,moong,20,40,20,5.58,654.34,29.26666667,Summer
29934,ragi,50,40,20,5.5,297.66,29.56666667,Kharif
64142,rapeseed,50,40,20,5.1,87.2,23.106,Rabi
89731,moong,20,40,20,5.36,113.7,30.26666667,Kharif
36621,sunflower,50,60,30,5.34,167.38,23.56,Whole Year
78719,jute,80,40,40,5.56,1543.76,27.33333333,Kharif
28075,jowar,80,40,40,5.36,1011.49,30.43,Rabi
25717,coriander,10,20,20,6.36,1026.64,29.18636364,Rabi
49787,moong,20,40,20,5.64,840.46,33.58333333,Summer
2638,ragi,50,40,20,5.64,1145.22,28.5,Kharif
97385,horsegram,20,60,20,6.1,167.38,23.56,Rabi
79926,wheat,60,30,30,6.5,15.34,27.276,Rabi
55737,onion,120,60,65,5.94,1411.78,19.94545455,Rabi
15368,potato,180,60,90,4.84,1426.3,26.73636364,Rabi
1470,wheat,60,30,30,7.0,41.3,21.704,Rabi
68982,maize,80,40,20,5.48,770.44,28.68,Kharif
63154,jute,80,40,40,5.6,1166.94,28.33333333,Kharif
42069,potato,180,60,90,4.86,421.14,28.50727273,Rabi
67327,rice,80,40,40,5.4,702.459,27.23333333,Kharif
44643,maize,80,40,20,5.5,70.11,25.6,Summer
79377,rice,80,40,40,5.36,87.2,23.106,Kharif
63929,rice,80,40,40,5.64,127.68,20.8,Kharif
25899,maize,80,40,20,5.66,840.46,33.58333333,Kharif
61052,garlic,50,10,60,5.44,556.2,28.54545455,Rabi
77099,jowar,80,40,40,5.42,579.75,34.01,Rabi
48143,maize,80,40,20,5.64,579.75,34.01,Summer
10290,turmeric,25,60,100,4.98,689.88,29.03727273,Kharif
39096,onion,120,60,65,5.96,34.81,34.66666667,Kharif
29353,wheat,60,30,30,6.6,66.52,20.312,Rabi
41758,wheat,60,30,30,6.7,94.02,22.38,Rabi
6248,cotton,120,40,20,5.48,790.98,30.61666667,Kharif
46786,coriander,10,20,20,6.56,884.5,27.65454545,Rabi
21423,rice,80,40,40,5.32,607.48,26.36666667,Kharif
12524,onion,120,60,65,6.18,421.14,28.50727273,Kharif
4196,moong,20,40,20,5.58,579.75,34.01,Summer
93878,ragi,50,40,20,5.5,840.46,33.58333333,Kharif
51371,potato,180,60,90,5.18,1603.2375,22.89090909,Rabi
29571,cotton,120,40,20,5.58,510.05,33.37333333,Kharif
40548,rice,80,40,40,5.54,497.88,25.03333333,Kharif
12977,potato,180,60,90,4.94,1603.2375,22.89090909,Rabi
33930,wheat,60,30,30,6.11,122.42,18.58,Rabi
23747,wheat,60,30,30,6.4,75.32,22.676,Rabi
53358,garlic,50,10,60,5.46,1426.3,26.73636364,Rabi
67046,sunflower,50,60,30,5.32,607.48,26.36666667,Whole Year
49024,turmeric,25,60,100,5.1,2569.52,4.9,Kharif
77545,rapeseed,50,40,20,4.88,75.32,22.676,Rabi
97871,jowar,80,40,40,5.54,510.05,33.37333333,Kharif
32901,rice,80,40,40,5.52,98.98,34.92333333,Kharif
74011,jowar,80,40,40,5.32,1011.49,30.43,Rabi
45917,maize,80,40,20,5.52,510.05,33.37333333,Kharif
70727,wheat,60,30,30,6.4,241.78,1.18,Rabi
3493,cotton,120,40,20,5.52,884.5,27.65454545,Kharif
13439,horsegram,20,60,20,5.92,199.2125,21.3,Kharif
66460,potato,180,60,90,4.96,1111.68,28.64818182,Rabi
70590,moong,20,40,20,5.36,152.54,22.28,Summer
74690,soyabean,20,60,20,5.56,607.48,26.36666667,Kharif
73370,maize,80,40,20,5.56,1246.715,22.6,Summer
63935,rapeseed,50,40,20,4.96,127.68,20.8,Rabi
96369,wheat,60,30,30,6.3,73.47,23.562,Rabi
11189,moong,20,40,20,5.68,288.3,25.46,Kharif
18620,onion,120,60,65,5.82,1026.64,29.18636364,Rabi
45476,rice,80,40,40,5.34,1145.22,28.5,Kharif
66854,potato,180,60,90,5.16,1111.68,28.64818182,Rabi
57712,horsegram,20,60,20,5.98,94.02,22.38,Kharif
21286,coriander,10,20,20,6.58,1111.68,28.64818182,Rabi
49260,turmeric,25,60,100,5.0,2169.32,23.73636364,Kharif
28406,maize,80,40,20,5.42,607.48,26.36666667,Summer
6297,jowar,80,40,40,5.56,790.98,30.61666667,Kharif
78023,turmeric,25,60,100,4.9,1501.98,25.81818182,Kharif
71444,rice,80,40,40,5.54,98.98,34.92333333,Kharif
25584,horsegram,20,60,20,5.9,840.46,33.58333333,Rabi
61253,moong,20,40,20,5.52,510.05,33.37333333,Summer
2885,wheat,60,30,30,6.6,66.52,20.312,Rabi
11287,wheat,60,30,30,7.0,241.78,1.18,Rabi
64216,maize,80,40,20,5.52,98.98,34.92333333,Summer
48421,moong,20,40,20,5.36,182.5,29.2,Kharif
81012,jowar,80,40,40,5.48,1246.715,22.6,Rabi
38979,moong,20,40,20,5.64,34.81,34.66666667,Summer
84799,rapeseed,50,40,20,4.84,75.32,22.676,Rabi
75996,garlic,50,10,60,5.68,556.2,28.54545455,Rabi
80328,garlic,50,10,60,5.58,240.1,10.38,Rabi
6201,rapeseed,50,40,20,4.94,15.34,27.276,Rabi
73492,soyabean,20,60,20,5.64,1246.715,22.6,Kharif
41744,onion,120,60,65,6.14,1299.26,26.51818182,Kharif
10331,potato,180,60,90,4.96,689.88,29.03727273,Rabi
41374,maize,80,40,20,5.52,98.98,34.92333333,Summer
50943,maize,80,40,20,5.38,1246.715,22.6,Summer
55353,maize,80,40,20,5.36,75.32,22.676,Kharif
66437,rice,80,40,40,5.38,1011.49,30.43,Kharif
11777,rapeseed,50,40,20,5.04,87.2,23.106,Rabi
90822,onion,120,60,65,5.82,884.5,27.65454545,Kharif
38833,rice,80,40,40,5.52,34.81,34.66666667,Kharif
77473,moong,20,40,20,5.58,579.75,34.01,Summer
98654,wheat,60,30,30,6.5,75.32,22.676,Rabi
59657,rapeseed,50,40,20,4.84,73.47,23.562,Rabi
19108,maize,80,40,20,5.42,98.98,34.92333333,Kharif
49871,sunflower,50,60,30,5.36,840.46,33.58333333,Whole Year
27970,rapeseed,50,40,20,5.04,73.47,23.562,Rabi
96475,onion,120,60,65,5.94,1111.68,28.64818182,Kharif
8023,maize,80,40,20,5.4,607.48,26.36666667,Kharif
96695,wheat,60,30,30,6.12,70.11,25.6,Rabi
80258,onion,120,60,65,5.88,421.14,28.50727273,Kharif
90157,wheat,60,30,30,6.5,66.52,20.312,Rabi
91889,onion,120,60,65,5.86,34.81,34.66666667,Rabi
5890,banana,100,75,50,6.56,1026.64,29.18636364,Whole Year
38497,ladyfinger,80,10,40,6.5,942.8,28.99454545,Kharif
8925,sweetpotato,90,20,120,4.92,556.2,28.54545455,Rabi
45426,potato,180,60,90,5.08,1426.3,26.73636364,Rabi
16421,ragi,50,40,20,5.36,297.66,29.56666667,Kharif
13005,maize,80,40,20,5.66,1246.715,22.6,Summer
2990,potato,180,60,90,4.84,556.2,28.54545455,Rabi
85495,rapeseed,50,40,20,5.08,152.54,22.28,Rabi
52581,rice,80,40,40,5.64,607.48,26.36666667,Kharif
71813,onion,120,60,65,6.02,1026.64,29.18636364,Kharif
60206,maize,80,40,20,5.42,423.745,22.07,Kharif
69514,rice,80,40,40,5.36,579.75,34.01,Kharif
99148,maize,80,40,20,5.44,579.75,34.01,Kharif
75044,rice,80,40,40,5.54,85.24316,21.482,Kharif
13203,horsegram,20,60,20,5.88,199.2125,21.3,Kharif
92362,wheat,60,30,30,6.12,169.82,14.6,Rabi
88099,cotton,120,40,20,5.34,1603.2375,22.89090909,Kharif
82415,jute,80,40,40,5.64,423.745,22.07,Kharif
13563,blackpepper,100,60,50,4.88,2817.86,27.90909091,Whole Year
69128,onion,120,60,65,6.02,770.44,28.68,Kharif
9722,rice,80,40,40,5.48,98.94,25.574,Kharif
17555,moong,20,40,20,5.38,182.5,29.2,Kharif
13134,maize,80,40,20,5.34,199.2125,21.3,Kharif
62198,coriander,10,20,20,6.4,689.88,29.03727273,Rabi
73828,banana,100,75,50,6.48,2817.86,27.90909091,Whole Year
98730,turmeric,25,60,100,5.14,75.32,22.676,Kharif
86560,rapeseed,50,40,20,5.0,87.2,23.106,Rabi
52456,soyabean,20,60,20,5.5,70.11,25.6,Kharif
81855,banana,100,75,50,6.62,1111.68,28.64818182,Whole Year
37509,moong,20,40,20,5.36,510.05,33.37333333,Summer
93166,maize,80,40,20,5.44,1543.76,27.33333333,Kharif
95601,onion,120,60,65,6.08,1246.715,22.6,Rabi
94336,potato,180,60,90,4.92,1299.26,26.51818182,Rabi
12325,banana,100,75,50,6.34,168.257,28.22333333,Whole Year
98081,soyabean,20,60,20,5.68,1875.6,20.1,Kharif
5930,coriander,10,20,20,6.52,1026.64,29.18636364,Rabi
15460,coriander,10,20,20,6.64,167.38,23.56,Rabi
85333,cotton,120,40,20,5.36,1166.94,28.33333333,Kharif
51437,moong,20,40,20,5.36,199.2125,21.3,Summer
91326,banana,100,75,50,6.4,34.81,34.66666667,Whole Year
40064,rapeseed,50,40,20,5.18,288.3,25.46,Rabi
60936,rice,80,40,40,5.46,411.52,34.73,Kharif
41903,potato,180,60,90,5.06,810.26,29.95636364,Rabi
32086,orange,20,10,10,4.18,2169.32,23.73636364,Whole Year
98091,maize,80,40,20,5.58,1875.6,20.1,Kharif
3198,ragi,50,40,20,5.5,884.5,27.65454545,Kharif
27607,sweetpotato,90,20,120,5.18,2817.86,27.90909091,Rabi
79574,rice,80,40,40,5.62,87.2,23.106,Kharif
10809,rice,80,40,40,5.58,182.5,29.2,Kharif
97101,soyabean,20,60,20,5.58,207.55,26.43333333,Kharif
52374,wheat,60,30,30,7.0,70.11,25.6,Rabi
85528,jute,80,40,40,5.34,1166.94,28.33333333,Kharif
3912,moong,20,40,20,5.32,579.75,34.01,Summer
94616,maize,80,40,20,5.36,790.98,30.61666667,Summer
8441,moong,20,40,20,5.38,113.7,30.26666667,Summer
44126,coriander,10,20,20,6.6,1111.68,28.64818182,Rabi
97539,maize,80,40,20,5.42,113.7,30.26666667,Summer
98415,maize,80,40,20,5.4,770.44,28.68,Kharif
87610,rice,80,40,40,5.34,1246.715,22.6,Kharif
98476,coriander,10,20,20,6.58,942.8,28.99454545,Rabi
84549,garlic,50,10,60,5.5,75.32,22.676,Rabi
6974,ragi,50,40,20,5.68,1246.715,22.6,Kharif
7302,rice,80,40,40,5.48,1997.12,27.0,Kharif
54466,sunflower,50,60,30,5.38,297.66,29.56666667,Whole Year
97396,wheat,60,30,30,6.6,113.7,30.26666667,Rabi
97444,maize,80,40,20,5.66,1145.22,28.5,Kharif
14740,rice,80,40,40,5.5,235.4251,26.64666667,Kharif
86947,rice,80,40,40,5.64,1151.02,28.03333333,Kharif
4586,rice,80,40,40,5.5,182.5,29.2,Kharif
52011,rapeseed,50,40,20,5.14,73.47,23.562,Rabi
67587,moong,20,40,20,5.4,1145.22,28.5,Summer
87595,maize,80,40,20,5.66,157.31,25.83333333,Summer
41255,maize,80,40,20,5.48,87.2,23.106,Kharif
33805,rapeseed,50,40,20,4.92,293.36,14.7,Rabi
47382,wheat,60,30,30,6.8,75.32,22.676,Rabi
79656,moong,20,40,20,5.56,94.02,22.38,Summer
70900,turmeric,25,60,100,4.96,2169.32,23.73636364,Kharif
68177,wheat,60,30,30,6.7,19.38,22.766,Rabi
7026,coriander,10,20,20,6.48,1603.2375,22.89090909,Rabi
32216,potato,180,60,90,5.0,2169.32,23.73636364,Rabi
25303,rice,80,40,40,5.4,127.68,20.8,Kharif
49767,maize,80,40,20,5.36,840.46,33.58333333,Summer
74030,coriander,10,20,20,6.36,1111.68,28.64818182,Rabi
20473,sunflower,50,60,30,5.48,157.31,25.83333333,Whole Year
71265,onion,120,60,65,5.98,1026.64,29.18636364,Kharif
38717,rice,80,40,40,5.5,579.75,34.01,Kharif
60057,soyabean,20,60,20,5.48,607.48,26.36666667,Kharif
88912,sweetpotato,90,20,120,5.12,1111.68,28.64818182,Kharif
70137,coriander,10,20,20,6.66,689.88,29.03727273,Rabi
69512,jowar,80,40,40,5.56,579.75,34.01,Kharif
54108,soyabean,20,60,20,5.44,1875.6,20.1,Kharif
91062,onion,120,60,65,6.08,770.44,28.68,Kharif
38702,jowar,80,40,40,5.36,579.75,34.01,Rabi
90653,rice,80,40,40,5.58,297.66,29.56666667,Kharif
4812,jowar,80,40,40,5.34,1501.98,25.81818182,Kharif
4363,sunflower,50,60,30,5.34,75.32,22.676,Whole Year
96664,soyabean,20,60,20,5.54,1011.49,30.43,Kharif
80252,maize,80,40,20,5.54,331.88,35.34666667,Kharif
40053,maize,80,40,20,5.34,654.34,29.26666667,Summer
22693,rapeseed,50,40,20,4.94,19.38,22.766,Rabi
47380,onion,120,60,65,6.04,75.32,22.676,Kharif
79939,cotton,120,40,20,5.5,790.98,30.61666667,Kharif
28863,rapeseed,50,40,20,5.08,167.38,23.56,Rabi
4815,rapeseed,50,40,20,5.06,1501.98,25.81818182,Rabi
81079,rice,80,40,40,5.46,157.31,25.83333333,Kharif
57837,rice,80,40,40,5.46,3.94,33.76333333,Kharif
65975,sunflower,50,60,30,5.64,1246.715,22.6,Whole Year
51816,garlic,50,10,60,5.6,1111.68,28.64818182,Rabi
22977,turmeric,25,60,100,5.0,884.5,27.65454545,Kharif
82528,rice,80,40,40,5.44,207.55,26.43333333,Kharif
61424,sunflower,50,60,30,5.42,297.66,29.56666667,Whole Year
81497,wheat,60,30,30,6.8,73.47,23.562,Rabi
64404,rapeseed,50,40,20,4.92,87.2,23.106,Rabi
98058,wheat,60,30,30,6.11,19.38,22.766,Rabi
53167,maize,80,40,20,5.38,1145.22,28.5,Kharif
62920,rapeseed,50,40,20,4.96,169.82,14.6,Rabi
25031,rice,80,40,40,5.34,1712.66,11.2,Kharif
50960,rice,80,40,40,5.48,157.31,25.83333333,Kharif
71555,barley,70,40,45,5.58,87.2,23.106,Rabi
53508,horsegram,20,60,20,6.08,167.38,23.56,Kharif
99682,potato,180,60,90,4.92,152.54,22.28,Rabi
91135,cotton,120,40,20,5.4,770.44,28.68,Kharif
55199,maize,80,40,20,5.48,579.75,34.01,Kharif
44575,wheat,60,30,30,6.1,70.11,25.6,Rabi
40113,maize,80,40,20,5.68,654.34,29.26666667,Summer
35484,maize,80,40,20,5.42,1011.49,30.43,Kharif
50474,banana,100,75,50,6.38,810.26,29.95636364,Whole Year
10259,onion,120,60,65,5.86,689.88,29.03727273,Kharif
84678,moong,20,40,20,5.6,34.81,34.66666667,Kharif
79090,maize,80,40,20,5.54,840.46,33.58333333,Kharif
24052,maize,80,40,20,5.48,579.75,34.01,Kharif
3233,moong,20,40,20,5.68,884.5,27.65454545,Kharif
10380,wheat,60,30,30,6.9,75.32,22.676,Rabi
69571,wheat,60,30,30,6.4,75.32,22.676,Rabi
34287,moong,20,40,20,5.64,1246.715,22.6,Summer
74007,potato,180,60,90,4.92,1111.68,28.64818182,Rabi
37897,pumpkin,80,50,30,5.5,884.5,27.65454545,Summer
77164,sweetpotato,90,20,120,4.94,579.75,34.01,Kharif
82162,rice,80,40,40,5.6,607.48,26.36666667,Kharif
83865,coriander,10,20,20,6.32,884.5,27.65454545,Rabi
19484,jowar,80,40,40,5.68,790.98,30.61666667,Rabi
73264,sunflower,50,60,30,5.58,157.31,25.83333333,Whole Year
8617,maize,80,40,20,5.38,1145.22,28.5,Kharif
88434,jowar,80,40,40,5.44,1011.49,30.43,Kharif
69494,rapeseed,50,40,20,5.16,75.32,22.676,Rabi
52002,cotton,120,40,20,5.66,1011.49,30.43,Kharif
32619,maize,80,40,20,5.4,840.46,33.58333333,Kharif
58250,rice,80,40,40,5.66,664.94,22.03333333,Kharif
40217,horsegram,20,60,20,6.12,288.3,25.46,Kharif
3586,rice,80,40,40,5.36,98.94,25.574,Kharif
17201,turmeric,25,60,100,4.86,689.88,29.03727273,Kharif
74044,wheat,60,30,30,6.8,73.47,23.562,Rabi
43917,soyabean,20,60,20,5.34,1011.49,30.43,Kharif
60925,rice,80,40,40,5.54,411.52,34.73,Kharif
54073,soyabean,20,60,20,5.52,510.05,33.37333333,Kharif
97575,moong,20,40,20,5.36,167.38,23.56,Summer
45584,potato,180,60,90,5.18,1426.3,26.73636364,Rabi
62149,garlic,50,10,60,5.38,689.88,29.03727273,Rabi
35414,cabbage,100,65,70,6.62,1111.68,28.64818182,Rabi
3118,rice,80,40,40,5.5,510.05,33.37333333,Kharif
873,maize,80,40,20,5.4,87.2,23.106,Kharif
30430,cotton,120,40,20,5.56,579.75,34.01,Kharif
54570,sunflower,50,60,30,5.62,98.94,25.574,Whole Year
14409,cotton,120,40,20,5.56,607.48,26.36666667,Kharif
71087,rice,80,40,40,5.36,497.88,25.03333333,Kharif
9999,potato,180,60,90,5.02,689.88,29.03727273,Rabi
13208,rapeseed,50,40,20,5.02,199.2125,21.3,Rabi
18337,rice,80,40,40,5.4,127.68,20.8,Kharif
76049,onion,120,60,65,6.0,556.2,28.54545455,Rabi
20237,cotton,120,40,20,5.62,1246.715,22.6,Kharif
4276,rapeseed,50,40,20,4.82,75.32,22.676,Rabi
82170,sunflower,50,60,30,5.58,70.11,25.6,Whole Year
94136,jowar,80,40,40,5.54,1151.02,28.03333333,Rabi
50211,jowar,80,40,40,5.64,1151.02,28.03333333,Kharif
45496,sweetpotato,90,20,120,5.18,1426.3,26.73636364,Kharif
91908,rice,80,40,40,5.56,34.81,34.66666667,Kharif
77412,rapeseed,50,40,20,4.88,75.32,22.676,Rabi
50691,wheat,60,30,30,6.1,293.36,14.7,Rabi
10078,maize,80,40,20,5.56,34.81,34.66666667,Kharif
87756,sweetpotato,90,20,120,4.96,1603.2375,22.89090909,Rabi
74930,sunflower,50,60,30,5.52,70.11,25.6,Whole Year
28473,cotton,120,40,20,5.34,607.48,26.36666667,Kharif
60807,moong,20,40,20,5.38,113.7,30.26666667,Kharif
23181,moong,20,40,20,5.44,297.66,29.56666667,Summer
99269,barley,70,40,45,5.44,75.32,22.676,Rabi
76303,jowar,80,40,40,5.46,884.5,27.65454545,Kharif
63124,jute,80,40,40,5.66,1166.94,28.33333333,Kharif
10239,barley,70,40,45,5.66,75.32,22.676,Rabi
28100,garlic,50,10,60,5.58,1111.68,28.64818182,Rabi
36296,papaya,50,50,50,6.0,1350.025,26.01818182,Whole Year
72679,onion,120,60,65,5.9,293.36,14.7,Rabi
48238,jowar,80,40,40,5.38,579.75,34.01,Rabi
85653,banana,100,75,50,6.5,1037.32,28.08181818,Whole Year
58710,moong,20,40,20,5.6,199.2125,21.3,Kharif
72685,onion,120,60,65,6.04,516.68,27.86666667,Rabi
26700,potato,180,60,90,4.96,1098.26,15.5,Rabi
54188,moong,20,40,20,5.32,297.66,29.56666667,Summer
85559,maize,80,40,20,5.4,1166.94,28.33333333,Summer
67134,rapeseed,50,40,20,4.82,70.11,25.6,Rabi
6561,turmeric,25,60,100,5.08,1098.26,15.5,Kharif
1040,rice,80,40,40,5.34,840.46,33.58333333,Kharif
54301,turmeric,25,60,100,4.98,884.5,27.65454545,Kharif
6956,rice,80,40,40,5.36,199.2125,21.3,Kharif
66276,jowar,80,40,40,5.36,1011.49,30.43,Rabi
10374,moong,20,40,20,5.36,579.75,34.01,Summer
63981,moong,20,40,20,5.34,127.68,20.8,Summer
23561,wheat,60,30,30,6.3,75.32,22.676,Rabi
11750,rapeseed,50,40,20,4.94,87.2,23.106,Rabi
55564,maize,80,40,20,5.64,579.75,34.01,Kharif
96795,moong,20,40,20,5.6,607.48,26.36666667,Summer
674,maize,80,40,20,5.52,98.98,34.92333333,Kharif
8063,turmeric,25,60,100,4.82,702.459,27.23333333,Kharif
49798,banana,100,75,50,6.32,1026.64,29.18636364,Whole Year
53631,cotton,120,40,20,5.42,411.52,34.73,Kharif
1655,maize,80,40,20,5.56,1246.715,22.6,Kharif
79124,ragi,50,40,20,5.46,840.46,33.58333333,Kharif
31161,rice,80,40,40,5.52,152.54,22.28,Kharif
69140,coriander,10,20,20,6.38,942.8,28.99454545,Rabi
2060,jowar,80,40,40,5.48,1011.49,30.43,Kharif
60575,ragi,50,40,20,5.6,167.38,23.56,Kharif
7686,rice,80,40,40,5.66,1011.49,30.43,Kharif
92083,onion,120,60,65,6.06,34.81,34.66666667,Kharif
22389,moong,20,40,20,5.36,10.265748,25.76,Summer
90821,moong,20,40,20,5.4,884.5,27.65454545,Kharif
21138,onion,120,60,65,5.94,1111.68,28.64818182,Kharif
60493,moong,20,40,20,5.46,167.38,23.56,Summer
31735,moong,20,40,20,5.4,288.3,25.46,Summer
96502,rapeseed,50,40,20,5.02,73.47,23.562,Rabi
98232,moong,20,40,20,5.4,297.66,29.56666667,Summer
80710,maize,80,40,20,5.68,157.31,25.83333333,Kharif
88609,jowar,80,40,40,5.52,1011.49,30.43,Kharif
41683,moong,20,40,20,5.36,1151.02,28.03333333,Summer
79138,rice,80,40,40,5.68,840.46,33.58333333,Kharif
36259,bottlegourd,100,50,50,6.6,1350.025,26.01818182,Summer
66831,rapeseed,50,40,20,5.12,73.47,23.562,Rabi
22509,soyabean,20,60,20,5.58,510.05,33.37333333,Kharif
59809,rapeseed,50,40,20,4.86,73.47,23.562,Rabi
4087,potato,180,60,90,4.98,689.88,29.03727273,Rabi
32728,rice,80,40,40,5.62,87.2,23.106,Kharif
54148,horsegram,20,60,20,6.04,297.66,29.56666667,Rabi
63419,horsegram,20,60,20,6.14,288.3,25.46,Rabi
23708,rice,80,40,40,5.38,579.75,34.01,Kharif
14503,maize,80,40,20,5.56,607.48,26.36666667,Kharif
50410,rapeseed,50,40,20,5.08,15.34,27.276,Rabi
36650,potato,180,60,90,4.92,1426.3,26.73636364,Rabi
23476,horsegram,20,60,20,6.02,98.94,25.574,Kharif
82066,onion,120,60,65,6.08,1111.68,28.64818182,Rabi
52976,ragi,50,40,20,5.62,1145.22,28.5,Kharif
13464,turmeric,25,60,100,5.1,2817.86,27.90909091,Kharif
67412,rice,80,40,40,5.34,56.236,15.852,Kharif
50996,sunflower,50,60,30,5.66,1246.715,22.6,Whole Year
96694,sunflower,50,60,30,5.66,70.11,25.6,Whole Year
44993,cauliflower,80,70,50,6.64,1350.025,26.01818182,Rabi
90547,soyabean,20,60,20,5.54,1875.6,20.1,Kharif
84541,jowar,80,40,40,5.4,579.75,34.01,Rabi
76518,turmeric,25,60,100,4.94,884.5,27.65454545,Kharif
70095,sweetpotato,90,20,120,5.08,579.75,34.01,Kharif
19211,banana,100,75,50,6.58,1299.26,26.51818182,Whole Year
57117,rapeseed,50,40,20,4.84,87.2,23.106,Rabi
82276,wheat,60,30,30,6.9,70.11,25.6,Rabi
4508,maize,80,40,20,5.48,579.75,34.01,Summer
23605,turmeric,25,60,100,5.16,689.88,29.03727273,Kharif
53057,moong,20,40,20,5.52,167.38,23.56,Kharif
55730,ragi,50,40,20,5.36,1110.78,25.66666667,Kharif
89842,rapeseed,50,40,20,4.92,167.38,23.56,Rabi
44295,onion,120,60,65,5.94,1111.68,28.64818182,Rabi
42302,potato,180,60,90,4.94,1089.6,20.70909091,Rabi
73814,rice,80,40,40,5.36,1997.12,27.0,Kharif
35325,wheat,60,30,30,7.0,73.47,23.562,Rabi
82561,wheat,60,30,30,6.3,70.598,18.92,Rabi
63693,potato,180,60,90,5.08,2169.32,23.73636364,Rabi
41431,rice,80,40,40,5.48,840.46,33.58333333,Kharif
97161,potato,180,60,90,5.08,207.55,26.43333333,Rabi
57628,horsegram,20,60,20,5.88,94.02,22.38,Rabi
15062,coriander,10,20,20,6.64,167.38,23.56,Rabi
19090,coriander,10,20,20,6.66,1026.64,29.18636364,Rabi
99645,maize,80,40,20,5.66,1166.94,28.33333333,Summer
48871,rice,80,40,40,5.54,288.3,25.46,Kharif
89677,maize,80,40,20,5.54,113.7,30.26666667,Summer
53973,rapeseed,50,40,20,5.06,19.38,22.766,Rabi
60899,barley,70,40,45,5.32,66.52,20.312,Rabi
58748,ragi,50,40,20,5.34,157.31,25.83333333,Kharif
9022,garlic,50,10,60,5.34,556.2,28.54545455,Rabi
18041,potato,180,60,90,5.16,2569.52,4.9,Rabi
68695,jowar,80,40,40,5.54,884.5,27.65454545,Rabi
21592,cotton,120,40,20,5.34,607.48,26.36666667,Kharif
77790,ragi,50,40,20,5.58,1110.78,25.66666667,Kharif
12276,horsegram,20,60,20,6.04,840.46,33.58333333,Rabi
71462,jute,80,40,40,5.4,840.46,33.58333333,Kharif
68064,moong,20,40,20,5.34,411.52,34.73,Summer
79809,maize,80,40,20,5.42,1151.02,28.03333333,Summer
71110,turmeric,25,60,100,5.02,2169.32,23.73636364,Kharif
31982,pineapple,160,40,120,6.4,2169.32,23.73636364,Whole Year
94218,garlic,50,10,60,5.34,1299.26,26.51818182,Rabi
21353,maize,80,40,20,5.56,70.11,25.6,Summer
25959,horsegram,20,60,20,6.18,840.46,33.58333333,Kharif
46364,jowar,80,40,40,5.32,297.66,29.56666667,Rabi
62179,rice,80,40,40,5.52,579.75,34.01,Kharif
53282,turmeric,25,60,100,4.84,1426.3,26.73636364,Kharif
47437,potato,180,60,90,5.02,689.88,29.03727273,Rabi
99421,rice,80,40,40,5.4,1110.78,25.66666667,Kharif
44982,sweetpotato,90,20,120,5.16,1350.025,26.01818182,Rabi
29231,moong,20,40,20,5.6,1145.22,28.5,Kharif
52939,potato,180,60,90,4.96,700.241,22.19090909,Rabi
21124,wheat,60,30,30,6.6,73.47,23.562,Rabi
53280,onion,120,60,65,6.06,1426.3,26.73636364,Kharif
48595,rapeseed,50,40,20,4.98,152.54,22.28,Rabi
13644,cotton,120,40,20,5.38,1011.49,30.43,Kharif
95830,rice,80,40,40,5.6,330.0,29.33333333,Kharif
14502,jowar,80,40,40,5.4,607.48,26.36666667,Kharif
24492,rice,80,40,40,5.44,152.54,22.28,Kharif
14806,rapeseed,50,40,20,4.86,70.598,18.92,Rabi
58404,potato,180,60,90,5.18,122.42,18.58,Rabi
81648,soyabean,20,60,20,5.58,1011.49,30.43,Kharif
81640,onion,120,60,65,5.86,1111.68,28.64818182,Rabi
7123,maize,80,40,20,5.66,199.2125,21.3,Summer
53272,maize,80,40,20,5.48,113.7,30.26666667,Kharif
26443,rapeseed,50,40,20,5.18,15.34,27.276,Rabi
27758,turmeric,25,60,100,5.06,1111.68,28.64818182,Kharif
57469,rice,80,40,40,5.6,87.2,23.106,Kharif
2371,rice,80,40,40,5.6,702.459,27.23333333,Kharif
68822,banana,100,75,50,6.66,884.5,27.65454545,Whole Year
8849,rapeseed,50,40,20,4.94,19.38,22.766,Rabi
83519,barley,70,40,45,5.46,140.52,12.5,Rabi
24088,maize,80,40,20,5.46,75.32,22.676,Summer
76166,rice,80,40,40,5.44,297.66,29.56666667,Kharif
49333,horsegram,20,60,20,6.14,840.46,33.58333333,Kharif
32662,rapeseed,50,40,20,5.02,87.2,23.106,Rabi
20727,rice,80,40,40,5.42,1997.12,27.0,Kharif
28954,onion,120,60,65,6.06,1426.3,26.73636364,Rabi
71204,blackpepper,100,60,50,5.02,2169.32,23.73636364,Whole Year
20441,rice,80,40,40,5.42,199.2125,21.3,Kharif
29534,maize,80,40,20,5.44,510.05,33.37333333,Kharif
75238,wheat,60,30,30,6.1,113.7,30.26666667,Rabi
43980,maize,80,40,20,5.62,1011.49,30.43,Summer
43795,soyabean,20,60,20,5.52,1011.49,30.43,Kharif
24393,soyabean,20,60,20,5.5,1110.78,25.66666667,Kharif
28347,maize,80,40,20,5.42,607.48,26.36666667,Summer
68813,maize,80,40,20,5.6,884.5,27.65454545,Kharif
45218,soyabean,20,60,20,5.38,235.4251,26.64666667,Kharif
42540,maize,80,40,20,5.66,199.2125,21.3,Kharif
60187,turmeric,25,60,100,4.96,1350.025,26.01818182,Kharif
4578,maize,80,40,20,5.54,34.81,34.66666667,Summer
89013,onion,120,60,65,6.1,1111.68,28.64818182,Kharif
74186,soyabean,20,60,20,5.62,1011.49,30.43,Kharif
89240,soyabean,20,60,20,5.46,607.48,26.36666667,Kharif
17082,sunflower,50,60,30,5.56,579.75,34.01,Whole Year
49417,rice,80,40,40,5.32,87.2,23.106,Kharif
4664,moong,20,40,20,5.66,152.54,22.28,Kharif
85258,rice,80,40,40,5.56,1110.78,25.66666667,Kharif
5719,wheat,60,30,30,6.3,87.2,23.106,Rabi
56689,rice,80,40,40,5.38,1543.76,27.33333333,Kharif
60559,moong,20,40,20,5.48,113.7,30.26666667,Kharif
398,onion,120,60,65,6.0,2169.32,23.73636364,Kharif
76356,banana,100,75,50,6.42,884.5,27.65454545,Whole Year
98000,onion,120,60,65,6.08,556.2,28.54545455,Kharif
66952,rice,80,40,40,5.34,1011.49,30.43,Kharif
66566,garlic,50,10,60,5.38,1111.68,28.64818182,Rabi
20832,wheat,60,30,30,6.7,73.47,23.562,Rabi
12827,barley,70,40,45,5.52,293.36,14.7,Rabi
37852,moong,20,40,20,5.46,297.66,29.56666667,Summer
20949,maize,80,40,20,5.58,1011.49,30.43,Summer
39999,onion,120,60,65,6.16,288.3,25.46,Kharif
38836,cotton,120,40,20,5.5,579.75,34.01,Kharif
48712,sweetpotato,90,20,120,4.94,1037.32,28.08181818,Kharif
75934,onion,120,60,65,5.88,556.2,28.54545455,Kharif
5374,wheat,60,30,30,6.5,127.68,20.8,Rabi
10291,jowar,80,40,40,5.38,579.75,34.01,Kharif
91655,rice,80,40,40,5.42,579.75,34.01,Kharif
12898,maize,80,40,20,5.62,157.31,25.83333333,Summer
26603,wheat,60,30,30,7.0,41.3,21.704,Rabi
29358,wheat,60,30,30,6.11,66.52,20.312,Rabi
67775,moong,20,40,20,5.54,113.7,30.26666667,Kharif
57157,banana,100,75,50,6.58,1026.64,29.18636364,Whole Year
93962,rice,80,40,40,5.36,87.2,23.106,Kharif
47806,onion,120,60,65,6.02,34.81,34.66666667,Kharif
25208,rice,80,40,40,5.56,1543.76,27.33333333,Kharif
9035,onion,120,60,65,6.1,556.2,28.54545455,Kharif
9234,soyabean,20,60,20,5.4,510.05,33.37333333,Kharif
56142,soyabean,20,60,20,5.56,654.34,29.26666667,Kharif
38963,sunflower,50,60,30,5.32,579.75,34.01,Whole Year
61706,turmeric,25,60,100,5.18,884.5,27.65454545,Kharif
7756,jowar,80,40,40,5.36,70.11,25.6,Kharif
69085,moong,20,40,20,5.62,770.44,28.68,Kharif
18684,ragi,50,40,20,5.48,840.46,33.58333333,Kharif
85361,potato,180,60,90,5.14,1501.98,25.81818182,Rabi
52607,sunflower,50,60,30,5.62,70.11,25.6,Whole Year
98307,banana,100,75,50,6.32,942.8,28.99454545,Whole Year
34595,maize,80,40,20,5.32,199.2125,21.3,Summer
90253,jowar,80,40,40,5.66,510.05,33.37333333,Rabi
20812,jowar,80,40,40,5.58,1011.49,30.43,Rabi
35766,tomato,100,40,90,6.08,1111.68,28.64818182,Whole Year
74929,rapeseed,50,40,20,5.06,70.11,25.6,Rabi
91373,onion,120,60,65,6.04,34.81,34.66666667,Kharif
96379,rice,80,40,40,5.46,1011.49,30.43,Kharif
57156,rice,80,40,40,5.68,98.98,34.92333333,Kharif
23987,rice,80,40,40,5.4,579.75,34.01,Kharif
36474,sunflower,50,60,30,5.68,70.598,18.92,Whole Year
83244,jowar,80,40,40,5.42,510.05,33.37333333,Rabi
4568,potato,180,60,90,4.96,689.88,29.03727273,Rabi
21709,banana,100,75,50,6.36,1050.245,18.77818182,Whole Year
70075,maize,80,40,20,5.36,34.81,34.66666667,Kharif
45839,wheat,60,30,30,6.12,66.52,20.312,Rabi
35188,onion,120,60,65,5.92,1111.68,28.64818182,Rabi
99313,barley,70,40,45,5.42,75.32,22.676,Rabi
44981,radish,25,100,50,5.82,1350.025,26.01818182,Kharif
55068,rice,80,40,40,5.64,579.75,34.01,Kharif
66717,jute,80,40,40,5.48,1011.49,30.43,Kharif
20831,rapeseed,50,40,20,4.92,73.47,23.562,Rabi
56817,ragi,50,40,20,5.46,840.46,33.58333333,Kharif
78508,rice,80,40,40,5.5,1543.76,27.33333333,Kharif
29708,cotton,120,40,20,5.4,510.05,33.37333333,Kharif
89860,moong,20,40,20,5.38,113.7,30.26666667,Kharif
90562,sunflower,50,60,30,5.58,884.5,27.65454545,Whole Year
98438,moong,20,40,20,5.38,770.44,28.68,Kharif
79883,ragi,50,40,20,5.64,1151.02,28.03333333,Kharif
82381,sweetpotato,90,20,120,4.9,1050.245,18.77818182,Kharif
14468,sunflower,50,60,30,5.46,37.09,27.96666667,Whole Year
19051,onion,120,60,65,5.94,1026.64,29.18636364,Kharif
85690,onion,120,60,65,6.02,654.34,29.26666667,Rabi
81704,wheat,60,30,30,6.1,73.47,23.562,Rabi
54262,maize,80,40,20,5.42,297.66,29.56666667,Summer
61581,blackpepper,100,60,50,4.84,884.5,27.65454545,Whole Year
92511,cotton,120,40,20,5.68,1166.94,28.33333333,Kharif
87116,wheat,60,30,30,6.1,94.02,22.38,Rabi
20347,horsegram,20,60,20,6.02,1246.715,22.6,Kharif
49019,potato,180,60,90,5.06,2569.52,4.9,Rabi
38189,bittergourd,60,10,20,6.46,884.5,27.65454545,Kharif
47169,brinjal,80,15,40,6.48,942.8,28.99454545,Whole Year
39139,potato,180,60,90,5.14,689.88,29.03727273,Rabi
35220,cauliflower,80,70,50,6.44,1111.68,28.64818182,Rabi
21977,rice,80,40,40,5.34,113.7,30.26666667,Kharif
24635,rice,80,40,40,5.62,182.5,29.2,Kharif
73575,onion,120,60,65,5.98,1246.715,22.6,Rabi
71457,onion,120,60,65,6.06,1026.64,29.18636364,Kharif
53240,garlic,50,10,60,5.62,1426.3,26.73636364,Rabi
96131,horsegram,20,60,20,6.04,1011.49,30.43,Rabi
17070,barley,70,40,45,5.32,75.32,22.676,Rabi
20061,ragi,50,40,20,5.42,157.31,25.83333333,Kharif
10424,wheat,60,30,30,6.11,75.32,22.676,Rabi
82914,maize,80,40,20,5.4,1145.22,28.5,Kharif
44027,maize,80,40,20,5.68,1011.49,30.43,Summer
13075,rice,80,40,40,5.64,157.31,25.83333333,Kharif
14486,maize,80,40,20,5.36,70.11,25.6,Summer
48434,wheat,60,30,30,6.7,152.54,22.28,Rabi
65161,ragi,50,40,20,5.38,664.94,22.03333333,Kharif
75107,rice,80,40,40,5.5,207.55,26.43333333,Kharif
57565,sweetpotato,90,20,120,5.1,1299.26,26.51818182,Rabi
44670,maize,80,40,20,5.54,70.11,25.6,Summer
9197,garlic,50,10,60,5.66,556.2,28.54545455,Rabi
96022,maize,80,40,20,5.5,1011.49,30.43,Summer
91426,potato,180,60,90,5.16,75.32,22.676,Rabi
18875,moong,20,40,20,5.54,87.2,23.106,Summer
93679,maize,80,40,20,5.52,87.2,23.106,Summer
67045,soyabean,20,60,20,5.46,607.48,26.36666667,Kharif
75580,sunflower,50,60,30,5.46,162.72,29.4,Whole Year
1458,rice,80,40,40,5.36,331.88,35.34666667,Kharif
18185,potato,180,60,90,4.96,2169.32,23.73636364,Rabi
88990,soyabean,20,60,20,5.58,1111.68,28.64818182,Kharif
2428,turmeric,25,60,100,5.08,1050.245,18.77818182,Kharif
88143,cardamom,75,75,150,4.94,1603.2375,22.89090909,Kharif
15862,garlic,50,10,60,5.44,556.2,28.54545455,Rabi
63223,moong,20,40,20,5.52,152.54,22.28,Summer
75443,potato,180,60,90,4.82,167.38,23.56,Rabi
22708,onion,120,60,65,5.88,556.2,28.54545455,Rabi
53793,potato,180,60,90,5.12,556.2,28.54545455,Rabi
73534,ragi,50,40,20,5.64,1246.715,22.6,Kharif
28723,maize,80,40,20,5.42,85.24316,21.482,Kharif
93015,banana,100,75,50,6.5,1037.32,28.08181818,Whole Year
80816,rice,80,40,40,5.56,157.31,25.83333333,Kharif
87519,potato,180,60,90,5.18,1246.715,22.6,Rabi
8938,onion,120,60,65,5.94,556.2,28.54545455,Kharif
28649,maize,80,40,20,5.4,423.745,22.07,Summer
17425,moong,20,40,20,5.6,34.81,34.66666667,Kharif
34376,ragi,50,40,20,5.46,1246.715,22.6,Kharif
43332,rice,80,40,40,5.56,1997.12,27.0,Kharif
41549,horsegram,20,60,20,6.1,1151.02,28.03333333,Kharif
26307,sweetpotato,90,20,120,5.0,1299.26,26.51818182,Kharif
56287,sweetpotato,90,20,120,5.02,1037.32,28.08181818,Rabi
85176,maize,80,40,20,5.58,1110.78,25.66666667,Kharif
91568,rapeseed,50,40,20,4.88,75.32,22.676,Rabi
75813,rapeseed,50,40,20,4.94,19.38,22.766,Rabi
83428,rice,80,40,40,5.48,510.05,33.37333333,Kharif
18552,ragi,50,40,20,5.66,840.46,33.58333333,Kharif
373,turmeric,25,60,100,5.02,2169.32,23.73636364,Kharif
6264,wheat,60,30,30,6.9,15.34,27.276,Rabi
8543,rice,80,40,40,5.4,113.7,30.26666667,Kharif
80877,coriander,10,20,20,6.46,1603.2375,22.89090909,Rabi
23048,cotton,120,40,20,5.36,297.66,29.56666667,Kharif
76445,moong,20,40,20,5.4,884.5,27.65454545,Summer
49618,rice,80,40,40,5.32,98.98,34.92333333,Kharif
96884,ragi,50,40,20,5.46,607.48,26.36666667,Kharif
7110,cotton,120,40,20,5.68,1246.715,22.6,Kharif
89578,rice,80,40,40,5.54,207.55,26.43333333,Kharif
81073,moong,20,40,20,5.58,199.2125,21.3,Summer
34991,cauliflower,80,70,50,6.56,1111.68,28.64818182,Rabi
60381,rice,80,40,40,5.66,207.55,26.43333333,Kharif
76835,potato,180,60,90,5.1,75.32,22.676,Rabi
67844,rice,80,40,40,5.52,113.7,30.26666667,Kharif
87537,sunflower,50,60,30,5.44,157.31,25.83333333,Whole Year
42413,ragi,50,40,20,5.44,976.06,25.66666667,Kharif
82320,sunflower,50,60,30,5.38,70.11,25.6,Whole Year
76172,horsegram,20,60,20,6.14,884.5,27.65454545,Kharif
76977,coriander,10,20,20,6.66,75.32,22.676,Rabi
60928,rice,80,40,40,5.64,411.52,34.73,Kharif
89048,wheat,60,30,30,6.1,1111.68,28.64818182,Rabi
47265,cotton,120,40,20,5.64,770.44,28.68,Kharif
16790,potato,180,60,90,5.12,689.88,29.03727273,Rabi
23633,rapeseed,50,40,20,5.08,75.32,22.676,Rabi
90437,maize,80,40,20,5.46,510.05,33.37333333,Summer
6219,rice,80,40,40,5.66,790.98,30.61666667,Kharif
61312,potato,180,60,90,4.96,556.2,28.54545455,Rabi
27403,sunflower,50,60,30,5.48,199.2125,21.3,Whole Year
12804,barley,70,40,45,5.54,293.36,14.7,Rabi
49246,potato,180,60,90,4.96,2169.32,23.73636364,Rabi
68233,jowar,80,40,40,5.54,510.05,33.37333333,Rabi
49667,maize,80,40,20,5.48,87.2,23.106,Summer
55010,rice,80,40,40,5.6,579.75,34.01,Kharif
67483,rice,80,40,40,5.36,235.4251,26.64666667,Kharif
62144,rapeseed,50,40,20,4.84,75.32,22.676,Rabi
26557,sweetpotato,90,20,120,4.98,421.14,28.50727273,Rabi
83684,cotton,120,40,20,5.44,884.5,27.65454545,Kharif
62045,rice,80,40,40,5.34,579.75,34.01,Kharif
44768,rice,80,40,40,5.62,607.48,26.36666667,Kharif
61701,coriander,10,20,20,6.48,884.5,27.65454545,Rabi
70281,rapeseed,50,40,20,4.92,169.82,14.6,Rabi
66818,garlic,50,10,60,5.38,1111.68,28.64818182,Rabi
64407,maize,80,40,20,5.46,98.98,34.92333333,Kharif
67133,maize,80,40,20,5.48,70.11,25.6,Kharif
35782,onion,120,60,65,5.9,1111.68,28.64818182,Kharif
21176,garlic,50,10,60,5.36,1111.68,28.64818182,Rabi
38323,jackfruit,75,40,50,5.06,884.5,27.65454545,Whole Year
91667,jowar,80,40,40,5.4,579.75,34.01,Rabi
57058,rapeseed,50,40,20,4.82,87.2,23.106,Rabi
47781,maize,80,40,20,5.38,579.75,34.01,Kharif
31581,rice,80,40,40,5.56,288.3,25.46,Kharif
85797,moong,20,40,20,5.5,654.34,29.26666667,Summer
77793,barley,70,40,45,5.42,169.82,14.6,Rabi
65136,rice,80,40,40,5.44,664.94,22.03333333,Kharif
91949,barley,70,40,45,5.66,75.32,22.676,Rabi
56255,moong,20,40,20,5.38,288.3,25.46,Kharif
99571,maize,80,40,20,5.46,1166.94,28.33333333,Summer
20814,rice,80,40,40,5.32,1011.49,30.43,Kharif
25418,maize,80,40,20,5.42,840.46,33.58333333,Summer
35387,banana,100,75,50,6.5,1111.68,28.64818182,Whole Year
91276,rapeseed,50,40,20,4.94,75.32,22.676,Rabi
11689,onion,120,60,65,6.1,1026.64,29.18636364,Rabi
20370,coriander,10,20,20,6.68,1603.2375,22.89090909,Rabi
70753,potato,180,60,90,5.12,2569.52,4.9,Rabi
83693,banana,100,75,50,6.68,884.5,27.65454545,Whole Year
8317,rice,80,40,40,5.62,1145.22,28.5,Kharif
52625,rice,80,40,40,5.44,607.48,26.36666667,Kharif
59239,rice,80,40,40,5.48,330.0,29.33333333,Kharif
70660,maize,80,40,20,5.52,288.3,25.46,Kharif
72817,rice,80,40,40,5.64,516.68,27.86666667,Kharif
379,rapeseed,50,40,20,5.1,127.68,20.8,Rabi
84933,rice,80,40,40,5.64,579.75,34.01,Kharif
59815,jowar,80,40,40,5.42,1011.49,30.43,Kharif
57887,cotton,120,40,20,5.5,790.98,30.61666667,Kharif
70622,onion,120,60,65,6.06,654.34,29.26666667,Rabi
79524,moong,20,40,20,5.38,840.46,33.58333333,Summer
80209,jowar,80,40,40,5.4,331.88,35.34666667,Kharif
25554,ragi,50,40,20,5.38,840.46,33.58333333,Kharif
85573,rice,80,40,40,5.36,182.5,29.2,Kharif
41647,jowar,80,40,40,5.32,1151.02,28.03333333,Rabi
44902,grapes,20,125,200,3.94,714.68,26.45454545,Whole Year
95929,jowar,80,40,40,5.5,1011.49,30.43,Kharif
87718,ragi,50,40,20,5.5,199.2125,21.3,Kharif
948,onion,120,60,65,6.0,1026.64,29.18636364,Rabi
19919,garlic,50,10,60,5.5,1089.6,20.70909091,Rabi
96097,sweetpotato,90,20,120,5.02,1111.68,28.64818182,Rabi
62717,rapeseed,50,40,20,4.84,75.32,22.676,Rabi
94197,moong,20,40,20,5.34,94.02,22.38,Kharif
36557,potato,180,60,90,5.1,700.241,22.19090909,Rabi
63735,wheat,60,30,30,6.9,127.68,20.8,Rabi
91466,rice,80,40,40,5.5,579.75,34.01,Kharif
28342,rice,80,40,40,5.5,607.48,26.36666667,Kharif
65528,jowar,80,40,40,5.4,199.2125,21.3,Kharif
84143,maize,80,40,20,5.5,1220.22,27.26666667,Kharif
17246,potato,180,60,90,4.86,689.88,29.03727273,Rabi
82240,jowar,80,40,40,5.66,70.11,25.6,Kharif
46644,jackfruit,75,40,50,5.1,884.5,27.65454545,Whole Year
83592,turmeric,25,60,100,5.02,884.5,27.65454545,Kharif
13738,rapeseed,50,40,20,4.98,73.47,23.562,Rabi
31144,potato,180,60,90,4.88,1501.98,25.81818182,Rabi
39660,turmeric,25,60,100,5.02,1411.78,19.94545455,Kharif
77943,potato,180,60,90,5.0,1501.98,25.81818182,Rabi
92721,maize,80,40,20,5.38,1166.94,28.33333333,Summer
40012,mango,20,20,30,5.08,1037.32,28.08181818,Summer
43398,sweetpotato,90,20,120,4.92,2817.86,27.90909091,Rabi
45025,ladyfinger,80,10,40,6.5,1350.025,26.01818182,Kharif
28362,soyabean,20,60,20,5.42,607.48,26.36666667,Kharif
95924,garlic,50,10,60,5.42,1111.68,28.64818182,Rabi
15756,barley,70,40,45,5.32,19.38,22.766,Rabi
30687,barley,70,40,45,5.56,75.32,22.676,Rabi
78690,wheat,60,30,30,6.1,127.68,20.8,Rabi
11652,sweetpotato,90,20,120,5.1,2169.32,23.73636364,Kharif
37224,barley,70,40,45,5.58,19.38,22.766,Rabi
86842,rice,80,40,40,5.42,98.98,34.92333333,Kharif
80593,rice,80,40,40,5.68,157.31,25.83333333,Kharif
74672,maize,80,40,20,5.32,37.09,27.96666667,Kharif
95712,ragi,50,40,20,5.68,157.31,25.83333333,Kharif
42366,potato,180,60,90,4.98,1089.6,20.70909091,Rabi
47827,rapeseed,50,40,20,5.12,75.32,22.676,Rabi
91880,maize,80,40,20,5.34,75.32,22.676,Summer
60829,ragi,50,40,20,5.5,167.38,23.56,Kharif
32858,maize,80,40,20,5.6,98.98,34.92333333,Summer
92560,jute,80,40,40,5.38,1166.94,28.33333333,Kharif
38470,bottlegourd,100,50,50,6.5,942.8,28.99454545,Kharif
21513,sunflower,50,60,30,5.56,70.11,25.6,Whole Year
30669,turmeric,25,60,100,5.08,689.88,29.03727273,Kharif
25108,banana,100,75,50,6.56,2169.32,23.73636364,Whole Year
37427,wheat,60,30,30,6.3,19.38,22.766,Rabi
14536,maize,80,40,20,5.54,607.48,26.36666667,Summer
60842,maize,80,40,20,5.38,167.38,23.56,Kharif
48085,maize,80,40,20,5.4,34.81,34.66666667,Kharif
77410,onion,120,60,65,6.08,75.32,22.676,Rabi
14051,maize,80,40,20,5.68,1011.49,30.43,Summer
26816,maize,80,40,20,5.68,664.94,22.03333333,Kharif
81732,rice,80,40,40,5.64,1011.49,30.43,Kharif
84850,barley,70,40,45,5.64,75.32,22.676,Rabi
56528,rice,80,40,40,5.56,497.88,25.03333333,Kharif
20799,garlic,50,10,60,5.64,1111.68,28.64818182,Rabi
73936,potato,180,60,90,5.12,1111.68,28.64818182,Rabi
6271,moong,20,40,20,5.34,790.98,30.61666667,Summer
48082,onion,120,60,65,6.18,75.32,22.676,Kharif
13278,potato,180,60,90,5.1,1603.2375,22.89090909,Rabi
88410,soyabean,20,60,20,5.52,1111.68,28.64818182,Kharif
91677,rapeseed,50,40,20,4.82,75.32,22.676,Rabi
87769,maize,80,40,20,5.5,199.2125,21.3,Kharif
29976,jowar,80,40,40,5.54,297.66,29.56666667,Kharif
47537,onion,120,60,65,5.9,34.81,34.66666667,Rabi
44644,wheat,60,30,30,6.11,70.11,25.6,Rabi
11177,cotton,120,40,20,5.44,654.34,29.26666667,Kharif
44584,soyabean,20,60,20,5.36,607.48,26.36666667,Kharif
29383,barley,70,40,45,5.36,66.52,20.312,Rabi
42223,maize,80,40,20,5.68,331.88,35.34666667,Summer
81631,jowar,80,40,40,5.34,1011.49,30.43,Rabi
92683,rice,80,40,40,5.32,152.54,22.28,Kharif
62371,potato,180,60,90,4.9,75.32,22.676,Rabi
71817,maize,80,40,20,5.32,840.46,33.58333333,Kharif
21909,coriander,10,20,20,6.54,1426.3,26.73636364,Rabi
57754,banana,100,75,50,6.32,1299.26,26.51818182,Whole Year
71920,potato,180,60,90,4.98,1151.02,28.03333333,Rabi
92998,cotton,120,40,20,5.32,654.34,29.26666667,Kharif
89050,moong,20,40,20,5.4,1011.49,30.43,Kharif
97630,rice,80,40,40,5.5,411.52,34.73,Kharif
35095,cauliflower,80,70,50,6.56,1111.68,28.64818182,Rabi
47053,bottlegourd,100,50,50,6.56,884.5,27.65454545,Kharif
32877,rice,80,40,40,5.4,840.46,33.58333333,Kharif
98260,maize,80,40,20,5.32,297.66,29.56666667,Kharif
22986,sunflower,50,60,30,5.44,297.66,29.56666667,Whole Year
65540,cotton,120,40,20,5.32,1603.2375,22.89090909,Kharif
80287,horsegram,20,60,20,6.02,664.94,22.03333333,Rabi
8181,rice,80,40,40,5.66,423.745,22.07,Kharif
92455,onion,120,60,65,6.16,1411.78,19.94545455,Kharif
65684,onion,120,60,65,6.12,1603.2375,22.89090909,Rabi
46272,cotton,120,40,20,5.38,510.05,33.37333333,Kharif
89727,rice,80,40,40,5.64,167.38,23.56,Kharif
25421,moong,20,40,20,5.64,840.46,33.58333333,Kharif
36168,soyabean,20,60,20,5.48,607.48,26.36666667,Kharif
39371,maize,80,40,20,5.68,75.32,22.676,Kharif
147,maize,80,40,20,5.56,654.34,29.26666667,Kharif
55384,cotton,120,40,20,5.36,579.75,34.01,Kharif
93813,ragi,50,40,20,5.42,840.46,33.58333333,Kharif
94329,moong,20,40,20,5.4,94.02,22.38,Summer
30144,moong,20,40,20,5.66,770.44,28.68,Summer
85983,wheat,60,30,30,6.6,127.68,20.8,Rabi
75549,moong,20,40,20,5.54,1145.22,28.5,Summer
2300,jowar,80,40,40,5.32,70.11,25.6,Kharif
97893,moong,20,40,20,5.5,510.05,33.37333333,Summer
33931,rice,80,40,40,5.4,122.42,18.58,Kharif
75803,rapeseed,50,40,20,4.86,19.38,22.766,Rabi
56130,sunflower,50,60,30,5.58,1037.32,28.08181818,Whole Year
47464,jowar,80,40,40,5.48,579.75,34.01,Kharif
47441,rice,80,40,40,5.42,579.75,34.01,Kharif
63060,rice,80,40,40,5.38,152.54,22.28,Kharif
81529,garlic,50,10,60,5.32,1111.68,28.64818182,Rabi
71935,horsegram,20,60,20,5.82,1151.02,28.03333333,Kharif
18035,rice,80,40,40,5.32,1712.66,11.2,Kharif
56180,moong,20,40,20,5.64,654.34,29.26666667,Kharif
39193,potato,180,60,90,4.86,689.88,29.03727273,Rabi
28600,cotton,120,40,20,5.5,607.48,26.36666667,Kharif
10990,rice,80,40,40,5.68,1166.94,28.33333333,Kharif
65628,sunflower,50,60,30,5.54,157.31,25.83333333,Whole Year
15766,maize,80,40,20,5.42,510.05,33.37333333,Kharif
3251,cotton,120,40,20,5.66,884.5,27.65454545,Kharif
2741,maize,80,40,20,5.62,1145.22,28.5,Kharif
79234,ragi,50,40,20,5.64,840.46,33.58333333,Kharif
56520,rice,80,40,40,5.44,127.68,20.8,Kharif
16885,barley,70,40,45,5.62,75.32,22.676,Rabi
48571,jute,80,40,40,5.38,1166.94,28.33333333,Kharif
5953,sweetpotato,90,20,120,5.12,1026.64,29.18636364,Kharif
94316,sweetpotato,90,20,120,5.02,1299.26,26.51818182,Rabi
15006,onion,120,60,65,6.02,1426.3,26.73636364,Rabi
20409,horsegram,20,60,20,6.06,1246.715,22.6,Rabi
55646,potato,180,60,90,4.92,1411.78,19.94545455,Rabi
4402,potato,180,60,90,4.98,689.88,29.03727273,Rabi
71508,wheat,60,30,30,6.4,87.2,23.106,Rabi
63529,horsegram,20,60,20,6.08,288.3,25.46,Rabi
90507,moong,20,40,20,5.4,510.05,33.37333333,Kharif
45553,garlic,50,10,60,5.54,1426.3,26.73636364,Rabi
46587,rice,80,40,40,5.42,297.66,29.56666667,Kharif
39930,rice,80,40,40,5.52,1166.94,28.33333333,Kharif
37942,banana,100,75,50,6.4,884.5,27.65454545,Whole Year
42909,maize,80,40,20,5.66,157.31,25.83333333,Kharif
99154,onion,120,60,65,5.86,75.32,22.676,Rabi
78037,moong,20,40,20,5.38,182.5,29.2,Summer
90133,wheat,60,30,30,6.4,66.52,20.312,Rabi
6877,rice,80,40,40,5.54,199.2125,21.3,Kharif
65922,coriander,10,20,20,6.38,1603.2375,22.89090909,Rabi
71581,sweetpotato,90,20,120,4.94,1026.64,29.18636364,Kharif
22450,rice,80,40,40,5.4,411.52,34.73,Kharif
6478,coriander,10,20,20,6.34,240.1,10.38,Rabi
62925,maize,80,40,20,5.48,1110.78,25.66666667,Summer
22471,cotton,120,40,20,5.36,411.52,34.73,Kharif
56650,wheat,60,30,30,6.3,127.68,20.8,Rabi
8563,horsegram,20,60,20,5.88,167.38,23.56,Kharif
57258,sunflower,50,60,30,5.44,840.46,33.58333333,Whole Year
8033,sunflower,50,60,30,5.54,37.09,27.96666667,Whole Year
66574,moong,20,40,20,5.36,1011.49,30.43,Kharif
13325,jowar,80,40,40,5.68,1246.715,22.6,Rabi
16694,cotton,120,40,20,5.62,579.75,34.01,Kharif
16624,maize,80,40,20,5.48,579.75,34.01,Summer
35633,banana,100,75,50,6.32,1111.68,28.64818182,Whole Year
83378,rice,80,40,40,5.48,510.05,33.37333333,Kharif
68362,rice,80,40,40,5.34,510.05,33.37333333,Kharif
62505,potato,180,60,90,5.0,75.32,22.676,Rabi
4916,sunflower,50,60,30,5.38,654.34,29.26666667,Whole Year
66882,rapeseed,50,40,20,5.0,73.47,23.562,Rabi
24565,rapeseed,50,40,20,4.86,152.54,22.28,Rabi
52205,soyabean,20,60,20,5.36,1011.49,30.43,Kharif
45561,rice,80,40,40,5.62,1145.22,28.5,Kharif
42218,banana,100,75,50,6.58,421.14,28.50727273,Whole Year
16327,ragi,50,40,20,5.42,297.66,29.56666667,Kharif
29450,sweetpotato,90,20,120,4.94,556.2,28.54545455,Kharif
74639,maize,80,40,20,5.56,37.09,27.96666667,Summer
12503,banana,100,75,50,6.46,810.26,29.95636364,Whole Year
15572,maize,80,40,20,5.56,411.52,34.73,Summer
86136,jute,80,40,40,5.34,1543.76,27.33333333,Kharif
12526,jowar,80,40,40,5.36,331.88,35.34666667,Rabi
41537,sunflower,50,60,30,5.62,1151.02,28.03333333,Whole Year
65373,ragi,50,40,20,5.52,976.06,25.66666667,Kharif
83356,moong,20,40,20,5.6,510.05,33.37333333,Summer
46107,moong,20,40,20,5.54,510.05,33.37333333,Summer
69520,potato,180,60,90,5.14,75.32,22.676,Rabi
33048,sweetpotato,90,20,120,5.08,1299.26,26.51818182,Kharif
54103,soyabean,20,60,20,5.42,1875.6,20.1,Kharif
55908,moong,20,40,20,5.36,182.5,29.2,Kharif
79873,garlic,50,10,60,5.52,1299.26,26.51818182,Rabi
70930,onion,120,60,65,5.9,2169.32,23.73636364,Kharif
6881,maize,80,40,20,5.62,157.31,25.83333333,Kharif
91582,maize,80,40,20,5.36,75.32,22.676,Kharif
76183,turmeric,25,60,100,4.94,884.5,27.65454545,Kharif
76594,cotton,120,40,20,5.32,770.44,28.68,Kharif
78436,rice,80,40,40,5.58,288.3,25.46,Kharif
43425,rice,80,40,40,5.4,1997.12,27.0,Kharif
98301,maize,80,40,20,5.56,98.94,25.574,Summer
69978,wheat,60,30,30,6.4,75.32,22.676,Rabi
73218,onion,120,60,65,6.16,1246.715,22.6,Rabi
55085,rapeseed,50,40,20,5.04,75.32,22.676,Rabi
28120,maize,80,40,20,5.5,1011.49,30.43,Summer
88403,garlic,50,10,60,5.36,1111.68,28.64818182,Rabi
50221,wheat,60,30,30,6.3,94.02,22.38,Rabi
47748,wheat,60,30,30,6.3,75.32,22.676,Rabi
22379,onion,120,60,65,6.18,1426.3,26.73636364,Kharif
40940,banana,100,75,50,6.66,1026.64,29.18636364,Whole Year
61881,soyabean,20,60,20,5.32,770.44,28.68,Kharif
28817,wheat,60,30,30,7.0,70.598,18.92,Rabi
18359,banana,100,75,50,6.34,2169.32,23.73636364,Whole Year
66526,jowar,80,40,40,5.68,73.47,23.562,Kharif
20364,maize,80,40,20,5.56,157.31,25.83333333,Summer
85379,rice,80,40,40,5.62,152.54,22.28,Kharif
74250,sunflower,50,60,30,5.66,1111.68,28.64818182,Whole Year
15815,onion,120,60,65,6.14,556.2,28.54545455,Kharif
13486,garlic,50,10,60,5.42,2817.86,27.90909091,Rabi
46088,rapeseed,50,40,20,4.84,19.38,22.766,Rabi
58395,wheat,60,30,30,6.1,122.42,18.58,Rabi
76995,rapeseed,50,40,20,5.14,75.32,22.676,Rabi
87704,garlic,50,10,60,5.36,1603.2375,22.89090909,Rabi
36891,rice,80,40,40,5.64,1145.22,28.5,Kharif
94994,rapeseed,50,40,20,5.04,122.42,18.58,Rabi
42979,banana,100,75,50,6.64,1603.2375,22.89090909,Whole Year
89635,moong,20,40,20,5.64,207.55,26.43333333,Summer
28265,banana,100,75,50,6.44,1111.68,28.64818182,Whole Year
19438,moong,20,40,20,5.4,790.98,30.61666667,Summer
36165,cotton,120,40,20,5.46,607.48,26.36666667,Kharif
39572,moong,20,40,20,5.62,169.82,14.6,Summer
15530,wheat,60,30,30,6.6,66.52,20.312,Rabi
8492,rice,80,40,40,5.32,1145.22,28.5,Kharif
21582,sunflower,50,60,30,5.62,607.48,26.36666667,Whole Year
37270,cotton,120,40,20,5.4,510.05,33.37333333,Kharif
87506,maize,80,40,20,5.34,157.31,25.83333333,Kharif
64443,barley,70,40,45,5.38,87.2,23.106,Rabi
42062,moong,20,40,20,5.46,331.88,35.34666667,Kharif
2225,rice,80,40,40,5.46,37.09,27.96666667,Kharif
64330,maize,80,40,20,5.48,840.46,33.58333333,Summer
81151,rice,80,40,40,5.4,157.31,25.83333333,Kharif
8856,cotton,120,40,20,5.6,510.05,33.37333333,Kharif
89347,maize,80,40,20,5.56,70.11,25.6,Summer
97509,rapeseed,50,40,20,4.82,167.38,23.56,Rabi
82188,sunflower,50,60,30,5.48,607.48,26.36666667,Whole Year
84011,jowar,80,40,40,5.32,770.44,28.68,Kharif
25082,rice,80,40,40,5.48,1543.76,27.33333333,Kharif
67956,maize,80,40,20,5.5,1145.22,28.5,Summer
30959,barley,70,40,45,5.64,75.32,22.676,Rabi
68969,onion,120,60,65,6.02,98.94,25.574,Rabi
93001,maize,80,40,20,5.36,654.34,29.26666667,Summer
82863,maize,80,40,20,5.52,113.7,30.26666667,Summer
17720,rice,80,40,40,5.44,182.5,29.2,Kharif
28596,moong,20,40,20,5.58,607.48,26.36666667,Summer
2417,turmeric,25,60,100,5.08,1050.245,18.77818182,Kharif
32134,rice,80,40,40,5.68,1543.76,27.33333333,Kharif
20788,garlic,50,10,60,5.5,1111.68,28.64818182,Rabi
48130,potato,180,60,90,4.92,689.88,29.03727273,Rabi
32242,moong,20,40,20,5.54,127.68,20.8,Summer
56775,banana,100,75,50,6.42,2169.32,23.73636364,Whole Year
74313,garlic,50,10,60,5.42,1111.68,28.64818182,Rabi
16815,rice,80,40,40,5.32,34.81,34.66666667,Kharif
8529,maize,80,40,20,5.54,167.38,23.56,Summer
38957,cotton,120,40,20,5.4,579.75,34.01,Kharif
48018,maize,80,40,20,5.54,75.32,22.676,Summer
73054,horsegram,20,60,20,6.18,1246.715,22.6,Rabi
38670,onion,120,60,65,6.14,75.32,22.676,Rabi
87670,cotton,120,40,20,5.52,1603.2375,22.89090909,Kharif
51859,sweetpotato,90,20,120,5.14,1111.68,28.64818182,Kharif
51872,wheat,60,30,30,7.0,73.47,23.562,Rabi
7323,rice,80,40,40,5.64,1997.12,27.0,Kharif
99587,cotton,120,40,20,5.42,1166.94,28.33333333,Kharif
12547,moong,20,40,20,5.36,331.88,35.34666667,Kharif
21615,soyabean,20,60,20,5.68,607.48,26.36666667,Kharif
86848,barley,70,40,45,5.36,87.2,23.106,Rabi
64897,potato,180,60,90,4.94,810.26,29.95636364,Rabi
74580,wheat,60,30,30,7.0,73.47,23.562,Rabi
85141,rice,80,40,40,5.52,579.75,34.01,Kharif
42617,garlic,50,10,60,5.32,1603.2375,22.89090909,Rabi
67858,ragi,50,40,20,5.58,113.7,30.26666667,Kharif
78381,horsegram,20,60,20,5.9,654.34,29.26666667,Rabi
87881,coriander,10,20,20,6.52,1603.2375,22.89090909,Rabi
56952,maize,80,40,20,5.38,840.46,33.58333333,Summer
84609,rice,80,40,40,5.34,579.75,34.01,Kharif
51494,turmeric,25,60,100,5.0,1603.2375,22.89090909,Kharif
32444,rapeseed,50,40,20,5.08,87.2,23.106,Rabi
58197,rice,80,40,40,5.36,664.94,22.03333333,Kharif
50319,cotton,120,40,20,5.62,790.98,30.61666667,Kharif
71772,banana,100,75,50,6.32,1026.64,29.18636364,Whole Year
70567,rice,80,40,40,5.42,152.54,22.28,Kharif
68869,moong,20,40,20,5.46,884.5,27.65454545,Summer
48835,moong,20,40,20,5.42,654.34,29.26666667,Summer
26083,ragi,50,40,20,5.42,1151.02,28.03333333,Kharif
66059,maize,80,40,20,5.64,157.31,25.83333333,Summer
78384,moong,20,40,20,5.4,654.34,29.26666667,Summer
32729,maize,80,40,20,5.4,840.46,33.58333333,Summer
61479,sunflower,50,60,30,5.34,297.66,29.56666667,Whole Year
53393,maize,80,40,20,5.4,1145.22,28.5,Kharif
87202,jowar,80,40,40,5.44,790.98,30.61666667,Rabi
58638,sunflower,50,60,30,5.34,157.31,25.83333333,Whole Year
3593,jowar,80,40,40,5.44,770.44,28.68,Kharif
90115,wheat,60,30,30,6.6,66.52,20.312,Rabi
61188,onion,120,60,65,6.18,556.2,28.54545455,Rabi
53247,rapeseed,50,40,20,5.0,167.38,23.56,Rabi
25007,potato,180,60,90,4.96,2569.52,4.9,Rabi
78331,banana,100,75,50,6.46,1037.32,28.08181818,Whole Year
65083,onion,120,60,65,5.92,421.14,28.50727273,Kharif
12266,rapeseed,50,40,20,4.98,87.2,23.106,Rabi
7995,soyabean,20,60,20,5.38,607.48,26.36666667,Kharif
62202,cotton,120,40,20,5.48,579.75,34.01,Kharif
79757,coriander,10,20,20,6.48,1299.26,26.51818182,Rabi
46327,horsegram,20,60,20,5.82,297.66,29.56666667,Rabi
69040,turmeric,25,60,100,5.12,942.8,28.99454545,Kharif
36198,radish,25,100,50,6.1,1350.025,26.01818182,Rabi
41314,banana,100,75,50,6.58,1026.64,29.18636364,Whole Year
79682,jowar,80,40,40,5.32,1151.02,28.03333333,Kharif
24376,ragi,50,40,20,5.34,1110.78,25.66666667,Kharif
23963,rice,80,40,40,5.32,579.75,34.01,Kharif
23280,coriander,10,20,20,6.46,884.5,27.65454545,Rabi
32592,moong,20,40,20,5.64,98.98,34.92333333,Summer
3368,moong,20,40,20,5.4,884.5,27.65454545,Summer
78476,potato,180,60,90,4.88,2569.52,4.9,Rabi
33990,ragi,50,40,20,5.56,157.31,25.83333333,Kharif
93310,moong,20,40,20,5.66,127.68,20.8,Kharif
5679,rapeseed,50,40,20,4.92,87.2,23.106,Rabi
77626,onion,120,60,65,5.9,75.32,22.676,Kharif
26180,potato,180,60,90,4.94,1299.26,26.51818182,Rabi
58610,potato,180,60,90,4.88,199.2125,21.3,Rabi
66476,coriander,10,20,20,6.32,1111.68,28.64818182,Rabi
39089,sunflower,50,60,30,5.32,579.75,34.01,Whole Year
30102,coriander,10,20,20,6.56,942.8,28.99454545,Rabi
41685,rice,80,40,40,5.54,1151.02,28.03333333,Kharif
93233,rice,80,40,40,5.56,127.68,20.8,Kharif
6592,rice,80,40,40,5.38,1246.715,22.6,Kharif
24500,rapeseed,50,40,20,4.96,152.54,22.28,Rabi
63791,jute,80,40,40,5.48,1543.76,27.33333333,Kharif
88814,barley,70,40,45,5.5,1111.68,28.64818182,Rabi
45287,sunflower,50,60,30,5.54,70.598,18.92,Whole Year
43545,horsegram,20,60,20,6.0,73.47,23.562,Rabi
87198,rapeseed,50,40,20,5.06,15.34,27.276,Rabi
64688,potato,180,60,90,5.18,94.02,22.38,Rabi
14430,maize,80,40,20,5.54,70.11,25.6,Summer
27021,ragi,50,40,20,5.64,1246.715,22.6,Kharif
37149,moong,20,40,20,5.36,510.05,33.37333333,Kharif
96325,moong,20,40,20,5.48,73.47,23.562,Kharif
86826,barley,70,40,45,5.42,87.2,23.106,Rabi
70537,cotton,120,40,20,5.46,1166.94,28.33333333,Kharif
95252,rice,80,40,40,5.58,199.2125,21.3,Kharif
39944,rice,80,40,40,5.64,152.54,22.28,Kharif
5545,sweetpotato,90,20,120,4.94,1026.64,29.18636364,Kharif
67851,rice,80,40,40,5.66,167.38,23.56,Kharif
86030,rice,80,40,40,5.36,127.68,20.8,Kharif
37838,cucumber,60,60,85,6.48,884.5,27.65454545,Kharif
29555,onion,120,60,65,5.82,556.2,28.54545455,Kharif
17364,potato,180,60,90,4.84,689.88,29.03727273,Rabi
15844,sunflower,50,60,30,5.56,510.05,33.37333333,Whole Year
65828,sweetpotato,90,20,120,5.16,1603.2375,22.89090909,Kharif
71440,sunflower,50,60,30,5.4,87.2,23.106,Whole Year
2388,rapeseed,50,40,20,5.18,56.236,15.852,Rabi
57349,rice,80,40,40,5.54,840.46,33.58333333,Kharif
51218,wheat,60,30,30,6.5,199.2125,21.3,Rabi
98395,sunflower,50,60,30,5.34,942.8,28.99454545,Whole Year
67644,rapeseed,50,40,20,5.16,167.38,23.56,Rabi
67943,maize,80,40,20,5.34,113.7,30.26666667,Kharif
14805,sunflower,50,60,30,5.46,207.55,26.43333333,Whole Year
73977,rapeseed,50,40,20,5.08,73.47,23.562,Rabi
36083,jowar,80,40,40,5.38,607.48,26.36666667,Kharif
15550,wheat,60,30,30,6.3,66.52,20.312,Rabi
57303,maize,80,40,20,5.52,98.98,34.92333333,Summer
22261,sweetpotato,90,20,120,4.84,1426.3,26.73636364,Kharif
13579,turmeric,25,60,100,4.86,2817.86,27.90909091,Kharif
69223,onion,120,60,65,6.16,34.81,34.66666667,Rabi
26346,jowar,80,40,40,5.6,790.98,30.61666667,Rabi
34093,maize,80,40,20,5.64,1246.715,22.6,Summer
60203,rice,80,40,40,5.62,423.745,22.07,Kharif
37244,cotton,120,40,20,5.6,510.05,33.37333333,Kharif
42602,horsegram,20,60,20,5.94,199.2125,21.3,Rabi
21192,jowar,80,40,40,5.62,1011.49,30.43,Kharif
92115,onion,120,60,65,6.14,34.81,34.66666667,Kharif
15287,horsegram,20,60,20,6.0,167.38,23.56,Rabi
87268,wheat,60,30,30,6.6,15.34,27.276,Rabi
88194,horsegram,20,60,20,6.0,1246.715,22.6,Kharif
99205,maize,80,40,20,5.4,579.75,34.01,Summer
88435,moong,20,40,20,5.4,1011.49,30.43,Kharif
34291,soyabean,20,60,20,5.66,1246.715,22.6,Kharif
78796,blackpepper,100,60,50,5.18,2169.32,23.73636364,Whole Year
75521,maize,80,40,20,5.66,113.7,30.26666667,Kharif
60297,maize,80,40,20,5.62,85.24316,21.482,Summer
18241,banana,100,75,50,6.56,2169.32,23.73636364,Whole Year
93788,rice,80,40,40,5.58,87.2,23.106,Kharif
17092,jowar,80,40,40,5.34,579.75,34.01,Rabi
38965,maize,80,40,20,5.36,75.32,22.676,Summer
19181,jowar,80,40,40,5.68,1151.02,28.03333333,Rabi
4116,jowar,80,40,40,5.42,579.75,34.01,Rabi
69227,jowar,80,40,40,5.66,579.75,34.01,Rabi
62697,wheat,60,30,30,6.9,75.32,22.676,Rabi
90882,maize,80,40,20,5.6,884.5,27.65454545,Kharif
97000,cotton,120,40,20,5.42,423.745,22.07,Kharif
45250,potato,180,60,90,5.1,700.241,22.19090909,Rabi
21282,soyabean,20,60,20,5.68,1011.49,30.43,Kharif
2709,maize,80,40,20,5.68,1145.22,28.5,Kharif
73949,garlic,50,10,60,5.54,1111.68,28.64818182,Rabi
16361,maize,80,40,20,5.46,297.66,29.56666667,Summer
21184,sunflower,50,60,30,5.4,1011.49,30.43,Whole Year
46951,mango,20,20,30,4.86,884.5,27.65454545,Summer
2913,barley,70,40,45,5.5,19.38,22.766,Rabi
97356,maize,80,40,20,5.4,113.7,30.26666667,Kharif
62622,jowar,80,40,40,5.6,579.75,34.01,Rabi
19543,onion,120,60,65,5.86,810.26,29.95636364,Rabi
39179,onion,120,60,65,6.12,34.81,34.66666667,Rabi
97386,maize,80,40,20,5.44,167.38,23.56,Kharif
24572,rice,80,40,40,5.32,152.54,22.28,Kharif
51366,ragi,50,40,20,5.52,157.31,25.83333333,Kharif
2901,rice,80,40,40,5.36,510.05,33.37333333,Kharif
24080,wheat,60,30,30,6.4,75.32,22.676,Rabi
59910,potato,180,60,90,4.88,1111.68,28.64818182,Rabi
30840,sunflower,50,60,30,5.4,579.75,34.01,Whole Year
27986,wheat,60,30,30,6.8,73.47,23.562,Rabi
70820,maize,80,40,20,5.62,1543.76,27.33333333,Summer
59997,sunflower,50,60,30,5.66,607.48,26.36666667,Whole Year
30409,wheat,60,30,30,6.8,75.32,22.676,Rabi
69807,maize,80,40,20,5.52,75.32,22.676,Kharif
16814,moong,20,40,20,5.58,34.81,34.66666667,Summer
95919,soyabean,20,60,20,5.34,1011.49,30.43,Kharif
87139,garlic,50,10,60,5.66,1299.26,26.51818182,Rabi
31482,moong,20,40,20,5.38,288.3,25.46,Kharif
21568,sunflower,50,60,30,5.58,607.48,26.36666667,Whole Year
2721,wheat,60,30,30,7.0,167.38,23.56,Rabi
64126,barley,70,40,45,5.46,87.2,23.106,Rabi
86013,rice,80,40,40,5.64,1543.76,27.33333333,Kharif
46528,mango,20,20,30,5.02,884.5,27.65454545,Summer
81451,turmeric,25,60,100,4.92,1111.68,28.64818182,Kharif
10917,potato,180,60,90,4.9,1501.98,25.81818182,Rabi
62794,rice,80,40,40,5.62,579.75,34.01,Kharif
81733,soyabean,20,60,20,5.66,1011.49,30.43,Kharif
87080,moong,20,40,20,5.52,1151.02,28.03333333,Kharif
98330,garlic,50,10,60,5.4,942.8,28.99454545,Rabi
61443,sunflower,50,60,30,5.54,297.66,29.56666667,Whole Year
59907,rapeseed,50,40,20,4.94,73.47,23.562,Rabi
8797,moong,20,40,20,5.54,411.52,34.73,Kharif
29342,maize,80,40,20,5.34,411.52,34.73,Kharif
24934,ragi,50,40,20,5.56,288.3,25.46,Kharif
62012,rapeseed,50,40,20,5.16,75.32,22.676,Rabi
58944,rice,80,40,40,5.5,1246.715,22.6,Kharif
18025,jowar,80,40,40,5.64,288.3,25.46,Kharif
48796,sunflower,50,60,30,5.56,654.34,29.26666667,Whole Year
49078,turmeric,25,60,100,4.9,2169.32,23.73636364,Kharif
41717,moong,20,40,20,5.54,1151.02,28.03333333,Summer
752,turmeric,25,60,100,5.18,1026.64,29.18636364,Kharif
19286,jowar,80,40,40,5.44,1151.02,28.03333333,Rabi
18755,maize,80,40,20,5.64,840.46,33.58333333,Kharif
54998,jowar,80,40,40,5.44,579.75,34.01,Kharif
12928,rice,80,40,40,5.46,157.31,25.83333333,Kharif
75272,rapeseed,50,40,20,5.18,167.38,23.56,Rabi
18052,maize,80,40,20,5.64,1712.66,11.2,Kharif
80147,cotton,120,40,20,5.58,331.88,35.34666667,Kharif
51256,onion,120,60,65,5.84,1603.2375,22.89090909,Rabi
83408,garlic,50,10,60,5.66,556.2,28.54545455,Rabi
55183,onion,120,60,65,5.84,689.88,29.03727273,Kharif
98505,rapeseed,50,40,20,4.92,145.76,21.66,Rabi
48696,ragi,50,40,20,5.58,654.34,29.26666667,Kharif
72186,barley,70,40,45,5.54,94.02,22.38,Rabi
83145,wheat,60,30,30,6.4,19.38,22.766,Rabi
27479,rice,80,40,40,5.46,1246.715,22.6,Kharif
23256,sweetpotato,90,20,120,4.98,884.5,27.65454545,Kharif
31119,rice,80,40,40,5.66,169.82,14.6,Kharif
41194,turmeric,25,60,100,4.94,1026.64,29.18636364,Kharif
44697,rice,80,40,40,5.58,607.48,26.36666667,Kharif
80408,wheat,60,30,30,6.1,240.1,10.38,Rabi
41046,rice,80,40,40,5.46,87.2,23.106,Kharif
41774,soyabean,20,60,20,5.4,1151.02,28.03333333,Kharif
98207,cotton,120,40,20,5.34,297.66,29.56666667,Kharif
67086,rice,80,40,40,5.4,607.48,26.36666667,Kharif
23986,moong,20,40,20,5.36,579.75,34.01,Summer
11562,rice,80,40,40,5.36,1543.76,27.33333333,Kharif
46058,moong,20,40,20,5.68,510.05,33.37333333,Kharif
5847,barley,70,40,45,5.48,87.2,23.106,Rabi
8854,potato,180,60,90,5.16,556.2,28.54545455,Rabi
61668,banana,100,75,50,6.64,884.5,27.65454545,Whole Year
85743,rice,80,40,40,5.42,288.3,25.46,Kharif
82958,wheat,60,30,30,6.7,113.7,30.26666667,Rabi
62915,maize,80,40,20,5.44,1110.78,25.66666667,Summer
99362,maize,80,40,20,5.62,579.75,34.01,Kharif
50871,rice,80,40,40,5.34,1246.715,22.6,Kharif
2271,cotton,120,40,20,5.58,714.68,26.45454545,Kharif
82525,maize,80,40,20,5.56,207.55,26.43333333,Kharif
89803,horsegram,20,60,20,6.0,167.38,23.56,Rabi
83646,rice,80,40,40,5.4,297.66,29.56666667,Kharif
43544,sunflower,50,60,30,5.62,1011.49,30.43,Whole Year
71292,maize,80,40,20,5.46,98.98,34.92333333,Kharif
35202,ladyfinger,80,10,40,6.58,1111.68,28.64818182,Kharif
22810,cotton,120,40,20,5.64,510.05,33.37333333,Kharif
74259,wheat,60,30,30,6.6,73.47,23.562,Rabi
70315,sunflower,50,60,30,5.66,1110.78,25.66666667,Whole Year
30896,barley,70,40,45,5.62,75.32,22.676,Rabi
7037,turmeric,25,60,100,4.84,1603.2375,22.89090909,Kharif
97264,horsegram,20,60,20,5.98,113.7,30.26666667,Kharif
90901,ragi,50,40,20,5.5,884.5,27.65454545,Kharif
33659,cotton,120,40,20,5.62,664.94,22.03333333,Kharif
62361,potato,180,60,90,4.82,75.32,22.676,Rabi
90219,onion,120,60,65,6.14,556.2,28.54545455,Kharif
69824,potato,180,60,90,5.16,75.32,22.676,Rabi
86175,banana,100,75,50,6.36,127.68,20.8,Whole Year
42060,jowar,80,40,40,5.6,331.88,35.34666667,Kharif
96891,moong,20,40,20,5.48,607.48,26.36666667,Kharif
69834,garlic,50,10,60,5.4,75.32,22.676,Rabi
31200,barley,70,40,45,5.32,152.54,22.28,Rabi
85646,horsegram,20,60,20,6.18,288.3,25.46,Rabi
94709,moong,20,40,20,5.6,331.88,35.34666667,Summer
47682,rapeseed,50,40,20,5.04,75.32,22.676,Rabi
83361,coriander,10,20,20,6.62,556.2,28.54545455,Rabi
90800,sweetpotato,90,20,120,4.98,884.5,27.65454545,Rabi
28168,jowar,80,40,40,5.48,1011.49,30.43,Kharif
51436,maize,80,40,20,5.46,199.2125,21.3,Kharif
90587,jowar,80,40,40,5.66,884.5,27.65454545,Kharif
73556,sunflower,50,60,30,5.62,1246.715,22.6,Whole Year
97851,rice,80,40,40,5.64,510.05,33.37333333,Kharif
39797,rice,80,40,40,5.6,1166.94,28.33333333,Kharif
12238,horsegram,20,60,20,5.96,840.46,33.58333333,Rabi
33643,onion,120,60,65,6.0,1098.26,15.5,Rabi
23861,barley,70,40,45,5.68,75.32,22.676,Rabi
95093,sunflower,50,60,30,5.48,199.2125,21.3,Whole Year
65952,sunflower,50,60,30,5.44,1246.715,22.6,Whole Year
69594,onion,120,60,65,5.94,34.81,34.66666667,Rabi
35473,brinjal,80,15,40,6.54,1111.68,28.64818182,Whole Year
40844,rapeseed,50,40,20,5.02,87.2,23.106,Rabi
69913,rapeseed,50,40,20,4.94,75.32,22.676,Rabi
29732,garlic,50,10,60,5.44,556.2,28.54545455,Rabi
42661,sunflower,50,60,30,5.6,199.2125,21.3,Whole Year
73406,horsegram,20,60,20,6.16,199.2125,21.3,Rabi
68793,turmeric,25,60,100,4.86,884.5,27.65454545,Kharif
30452,rapeseed,50,40,20,4.84,75.32,22.676,Rabi
32365,turmeric,25,60,100,4.88,1026.64,29.18636364,Kharif
97533,rice,80,40,40,5.54,167.38,23.56,Kharif
70636,rice,80,40,40,5.68,288.3,25.46,Kharif
95589,onion,120,60,65,6.04,157.31,25.83333333,Kharif
44682,moong,20,40,20,5.32,607.48,26.36666667,Summer
21907,wheat,60,30,30,6.4,167.38,23.56,Rabi
1370,garlic,50,10,60,5.42,810.26,29.95636364,Rabi
76604,cotton,120,40,20,5.62,770.44,28.68,Kharif
84691,banana,100,75,50,6.44,34.81,34.66666667,Whole Year
96411,rapeseed,50,40,20,5.08,73.47,23.562,Rabi
26900,horsegram,20,60,20,5.86,516.68,27.86666667,Rabi
72859,rice,80,40,40,5.62,122.42,18.58,Kharif
82877,maize,80,40,20,5.68,113.7,30.26666667,Summer
98620,jowar,80,40,40,5.42,579.75,34.01,Kharif
92222,rapeseed,50,40,20,4.92,75.32,22.676,Rabi
47180,cotton,120,40,20,5.62,770.44,28.68,Kharif
88878,rapeseed,50,40,20,5.14,1111.68,28.64818182,Rabi
21906,sunflower,50,60,30,5.42,167.38,23.56,Whole Year
45996,rapeseed,50,40,20,5.04,19.38,22.766,Rabi
39200,maize,80,40,20,5.5,75.32,22.676,Summer
2403,potato,180,60,90,4.9,1050.245,18.77818182,Rabi
50143,onion,120,60,65,5.98,1299.26,26.51818182,Rabi
20962,rice,80,40,40,5.58,1011.49,30.43,Kharif
91886,banana,100,75,50,6.32,34.81,34.66666667,Whole Year
50453,wheat,60,30,30,6.8,15.34,27.276,Rabi
63007,horsegram,20,60,20,6.08,152.54,22.28,Kharif
14424,maize,80,40,20,5.46,607.48,26.36666667,Summer
82937,potato,180,60,90,4.88,167.38,23.56,Rabi
57098,barley,70,40,45,5.32,87.2,23.106,Rabi
18092,wheat,60,30,30,6.1,127.68,20.8,Rabi
22494,rice,80,40,40,5.68,510.05,33.37333333,Kharif
79846,moong,20,40,20,5.64,94.02,22.38,Summer
35355,tomato,100,40,90,5.96,1111.68,28.64818182,Whole Year
18555,maize,80,40,20,5.44,87.2,23.106,Summer
29474,garlic,50,10,60,5.32,556.2,28.54545455,Rabi
5442,turmeric,25,60,100,5.04,2169.32,23.73636364,Kharif
80823,cotton,120,40,20,5.64,1603.2375,22.89090909,Kharif
37325,moong,20,40,20,5.44,510.05,33.37333333,Kharif
55575,garlic,50,10,60,5.52,689.88,29.03727273,Rabi
73116,turmeric,25,60,100,5.14,1603.2375,22.89090909,Kharif
85227,horsegram,20,60,20,6.14,1110.78,25.66666667,Rabi
99243,rice,80,40,40,5.32,579.75,34.01,Kharif
79666,moong,20,40,20,5.56,1151.02,28.03333333,Summer
76076,barley,70,40,45,5.42,140.52,12.5,Rabi
46076,barley,70,40,45,5.34,19.38,22.766,Rabi
93400,rapeseed,50,40,20,4.92,127.68,20.8,Rabi
97749,rapeseed,50,40,20,4.82,19.38,22.766,Rabi
48399,maize,80,40,20,5.64,131.18,23.13333333,Summer
66334,wheat,60,30,30,6.4,73.47,23.562,Rabi
6266,onion,120,60,65,6.12,810.26,29.95636364,Kharif
19246,garlic,50,10,60,5.42,1299.26,26.51818182,Rabi
5604,rice,80,40,40,5.38,98.98,34.92333333,Kharif
80094,jowar,80,40,40,5.52,15.34,27.276,Rabi
93674,jowar,80,40,40,5.62,840.46,33.58333333,Kharif
49806,horsegram,20,60,20,6.14,840.46,33.58333333,Kharif
96538,onion,120,60,65,6.14,1111.68,28.64818182,Rabi
77122,coriander,10,20,20,6.64,75.32,22.676,Rabi
68067,cotton,120,40,20,5.36,411.52,34.73,Kharif
95472,rice,80,40,40,5.68,157.31,25.83333333,Kharif
80422,barley,70,40,45,5.58,293.36,14.7,Rabi
50544,rapeseed,50,40,20,5.02,41.3,21.704,Rabi
75097,rice,80,40,40,5.32,207.55,26.43333333,Kharif
74392,maize,80,40,20,5.38,1011.49,30.43,Summer
74298,rapeseed,50,40,20,4.98,73.47,23.562,Rabi
24013,rapeseed,50,40,20,4.86,75.32,22.676,Rabi
33140,garlic,50,10,60,5.36,1299.26,26.51818182,Rabi
42519,maize,80,40,20,5.52,157.31,25.83333333,Summer
68516,horsegram,20,60,20,5.82,884.5,27.65454545,Rabi
6204,garlic,50,10,60,5.46,810.26,29.95636364,Rabi
17376,potato,180,60,90,4.92,689.88,29.03727273,Rabi
76065,potato,180,60,90,4.9,556.2,28.54545455,Rabi
32396,maize,80,40,20,5.4,98.98,34.92333333,Kharif
39,rice,80,40,40,5.48,288.3,25.46,Kharif
83883,jowar,80,40,40,5.66,884.5,27.65454545,Rabi
60858,potato,180,60,90,5.14,167.38,23.56,Rabi
36677,sunflower,50,60,30,5.42,167.38,23.56,Whole Year
47625,sunflower,50,60,30,5.48,579.75,34.01,Whole Year
42127,wheat,60,30,30,6.7,41.3,21.704,Rabi
18849,ragi,50,40,20,5.44,840.46,33.58333333,Kharif
30522,potato,180,60,90,4.9,689.88,29.03727273,Rabi
57488,potato,180,60,90,4.94,1026.64,29.18636364,Rabi
80365,garlic,50,10,60,5.68,240.1,10.38,Rabi
31164,jute,80,40,40,5.38,1166.94,28.33333333,Kharif
68855,sweetpotato,90,20,120,4.98,884.5,27.65454545,Rabi
46744,pineapple,160,40,120,6.5,884.5,27.65454545,Whole Year
8260,jute,80,40,40,5.46,207.55,26.43333333,Kharif
98937,rice,80,40,40,5.46,579.75,34.01,Kharif
98152,maize,80,40,20,5.56,297.66,29.56666667,Summer
55964,turmeric,25,60,100,4.88,1501.98,25.81818182,Kharif
23754,barley,70,40,45,5.38,75.32,22.676,Rabi
72950,potato,180,60,90,5.1,122.42,18.58,Rabi
94206,jowar,80,40,40,5.58,1151.02,28.03333333,Kharif
92882,coriander,10,20,20,6.56,1037.32,28.08181818,Rabi
72312,moong,20,40,20,5.32,790.98,30.61666667,Summer
62290,rice,80,40,40,5.38,579.75,34.01,Kharif
96396,rapeseed,50,40,20,4.94,73.47,23.562,Rabi
19261,coriander,10,20,20,6.56,1299.26,26.51818182,Rabi
71262,rice,80,40,40,5.5,98.98,34.92333333,Kharif
25543,barley,70,40,45,5.64,87.2,23.106,Rabi
1483,jowar,80,40,40,5.66,331.88,35.34666667,Kharif
25445,maize,80,40,20,5.6,98.98,34.92333333,Summer
92180,potato,180,60,90,4.84,75.32,22.676,Rabi
94341,jowar,80,40,40,5.66,1151.02,28.03333333,Kharif
57575,horsegram,20,60,20,6.1,94.02,22.38,Kharif
67774,rice,80,40,40,5.34,1145.22,28.5,Kharif
50436,onion,120,60,65,5.9,810.26,29.95636364,Rabi
66926,wheat,60,30,30,6.3,73.47,23.562,Rabi
77446,rice,80,40,40,5.44,579.75,34.01,Kharif
89167,moong,20,40,20,5.42,607.48,26.36666667,Summer
26267,potato,180,60,90,4.98,1299.26,26.51818182,Rabi
70446,potato,180,60,90,5.18,1501.98,25.81818182,Rabi
41807,papaya,50,50,50,6.0,1299.26,26.51818182,Whole Year
28326,wheat,60,30,30,6.1,70.11,25.6,Rabi
29489,cotton,120,40,20,5.62,510.05,33.37333333,Kharif
47466,rice,80,40,40,5.4,579.75,34.01,Kharif
64276,moong,20,40,20,5.32,98.98,34.92333333,Summer
46991,rice,80,40,40,5.52,297.66,29.56666667,Kharif
2110,wheat,60,30,30,6.9,73.47,23.562,Rabi
9807,sunflower,50,60,30,5.62,770.44,28.68,Whole Year
87007,potato,180,60,90,5.06,1299.26,26.51818182,Rabi
19113,onion,120,60,65,6.16,1026.64,29.18636364,Rabi
28102,potato,180,60,90,5.18,1111.68,28.64818182,Rabi
92336,onion,120,60,65,5.84,1411.78,19.94545455,Rabi
88,sunflower,50,60,30,5.38,288.3,25.46,Whole Year
85018,onion,120,60,65,5.86,75.32,22.676,Kharif
960,wheat,60,30,30,6.12,87.2,23.106,Rabi
65692,ragi,50,40,20,5.68,1246.715,22.6,Kharif
25716,banana,100,75,50,6.34,1026.64,29.18636364,Whole Year
1441,maize,80,40,20,5.6,331.88,35.34666667,Summer
18749,garlic,50,10,60,5.62,1026.64,29.18636364,Rabi
90681,ragi,50,40,20,5.58,884.5,27.65454545,Kharif
6316,barley,70,40,45,5.32,41.3,21.704,Rabi
84474,sunflower,50,60,30,5.54,34.81,34.66666667,Whole Year
8928,jowar,80,40,40,5.66,510.05,33.37333333,Kharif
53994,maize,80,40,20,5.44,510.05,33.37333333,Summer
90125,wheat,60,30,30,6.6,66.52,20.312,Rabi
57998,banana,100,75,50,6.44,810.26,29.95636364,Whole Year
81777,potato,180,60,90,5.04,1111.68,28.64818182,Rabi
60300,rice,80,40,40,5.42,742.0124,24.59818182,Kharif
54789,rice,80,40,40,5.64,579.75,34.01,Kharif
70829,onion,120,60,65,6.08,2169.32,23.73636364,Kharif
2375,rice,80,40,40,5.32,702.459,27.23333333,Kharif
84696,maize,80,40,20,5.44,579.75,34.01,Summer
82496,potato,180,60,90,4.96,207.55,26.43333333,Rabi
69923,potato,180,60,90,4.84,75.32,22.676,Rabi
63793,wheat,60,30,30,6.3,127.68,20.8,Rabi
51505,maize,80,40,20,5.68,199.2125,21.3,Summer
72579,potato,180,60,90,4.86,664.94,22.03333333,Rabi
17502,soyabean,20,60,20,5.5,1166.94,28.33333333,Kharif
51386,jowar,80,40,40,5.42,199.2125,21.3,Kharif
28262,barley,70,40,45,5.58,73.47,23.562,Rabi
48495,rapeseed,50,40,20,5.1,152.54,22.28,Rabi
49989,maize,80,40,20,5.62,87.2,23.106,Summer
88660,rapeseed,50,40,20,5.04,1111.68,28.64818182,Rabi
71758,rice,80,40,40,5.68,87.2,23.106,Kharif
35419,onion,120,60,65,6.04,1111.68,28.64818182,Kharif
99031,rice,80,40,40,5.44,579.75,34.01,Kharif
13946,garlic,50,10,60,5.5,1111.68,28.64818182,Rabi
39240,moong,20,40,20,5.66,34.81,34.66666667,Kharif
51976,cotton,120,40,20,5.46,1011.49,30.43,Kharif
35647,maize,80,40,20,5.66,1011.49,30.43,Kharif
51795,barley,70,40,45,5.48,73.47,23.562,Rabi
10329,rice,80,40,40,5.6,34.81,34.66666667,Kharif
55558,rapeseed,50,40,20,5.1,75.32,22.676,Rabi
54135,moong,20,40,20,5.32,297.66,29.56666667,Summer
13022,sunflower,50,60,30,5.36,157.31,25.83333333,Whole Year
54632,ragi,50,40,20,5.64,98.94,25.574,Kharif
61469,sweetpotato,90,20,120,5.0,884.5,27.65454545,Rabi
91586,wheat,60,30,30,6.8,75.32,22.676,Rabi
64345,maize,80,40,20,5.42,840.46,33.58333333,Summer
40337,horsegram,20,60,20,5.96,288.3,25.46,Rabi
96407,rice,80,40,40,5.66,1011.49,30.43,Kharif
88763,horsegram,20,60,20,5.88,1011.49,30.43,Kharif
4230,jowar,80,40,40,5.64,579.75,34.01,Kharif
36690,sunflower,50,60,30,5.38,167.38,23.56,Whole Year
41698,sweetpotato,90,20,120,5.06,1299.26,26.51818182,Kharif
60783,rice,80,40,40,5.38,113.7,30.26666667,Kharif
13600,rice,80,40,40,5.62,490.74,27.6,Kharif
17359,rapeseed,50,40,20,5.18,75.32,22.676,Rabi
43248,jackfruit,75,40,50,4.88,2817.86,27.90909091,Whole Year
80350,onion,120,60,65,5.9,240.1,10.38,Kharif
41674,rapeseed,50,40,20,5.06,94.02,22.38,Rabi
51453,jowar,80,40,40,5.46,1246.715,22.6,Rabi
22107,rice,80,40,40,5.38,1145.22,28.5,Kharif
75968,barley,70,40,45,5.58,19.38,22.766,Rabi
57077,maize,80,40,20,5.54,87.2,23.106,Summer
64956,potato,180,60,90,4.96,810.26,29.95636364,Rabi
82420,rapeseed,50,40,20,4.92,56.236,15.852,Rabi
16935,maize,80,40,20,5.6,75.32,22.676,Summer
63157,wheat,60,30,30,6.3,152.54,22.28,Rabi
12682,barley,70,40,45,5.4,41.3,21.704,Rabi
95641,rice,80,40,40,5.64,157.31,25.83333333,Kharif
38376,onion,120,60,65,6.12,98.94,25.574,Rabi
34080,rice,80,40,40,5.44,157.31,25.83333333,Kharif
78974,sweetpotato,90,20,120,5.16,2169.32,23.73636364,Kharif
39663,potato,180,60,90,5.12,1110.78,25.66666667,Rabi
91855,maize,80,40,20,5.5,579.75,34.01,Summer
21702,jute,80,40,40,5.38,423.745,22.07,Kharif
19066,maize,80,40,20,5.32,98.98,34.92333333,Kharif
84059,jowar,80,40,40,5.68,98.94,25.574,Rabi
2173,maize,80,40,20,5.54,70.11,25.6,Summer
52608,wheat,60,30,30,6.3,70.11,25.6,Rabi
369,potato,180,60,90,4.94,2169.32,23.73636364,Rabi
31580,rapeseed,50,40,20,4.82,288.3,25.46,Rabi
25116,cotton,120,40,20,5.58,1543.76,27.33333333,Kharif
29710,maize,80,40,20,5.36,510.05,33.37333333,Kharif
74844,wheat,60,30,30,6.8,70.11,25.6,Rabi
40578,rice,80,40,40,5.46,127.68,20.8,Kharif
36875,horsegram,20,60,20,5.96,1145.22,28.5,Rabi
9608,blackpepper,100,60,50,4.92,884.5,27.65454545,Whole Year
28367,maize,80,40,20,5.32,37.09,27.96666667,Summer
60376,wheat,60,30,30,6.3,70.598,18.92,Rabi
43707,orange,20,10,10,4.16,1111.68,28.64818182,Whole Year
30594,sunflower,50,60,30,5.68,579.75,34.01,Whole Year
54095,turmeric,25,60,100,4.88,556.2,28.54545455,Kharif
67814,rice,80,40,40,5.6,1145.22,28.5,Kharif
2683,ragi,50,40,20,5.44,113.7,30.26666667,Kharif
98515,wheat,60,30,30,6.5,145.76,21.66,Rabi
2945,soyabean,20,60,20,5.56,510.05,33.37333333,Kharif
91615,barley,70,40,45,5.48,75.32,22.676,Rabi
17819,horsegram,20,60,20,6.0,288.3,25.46,Kharif
64620,soyabean,20,60,20,5.58,1151.02,28.03333333,Kharif
87223,cotton,120,40,20,5.46,790.98,30.61666667,Kharif
9819,moong,20,40,20,5.68,770.44,28.68,Summer
38269,jackfruit,75,40,50,4.98,884.5,27.65454545,Whole Year
20904,barley,70,40,45,5.56,73.47,23.562,Rabi
41122,moong,20,40,20,5.68,840.46,33.58333333,Summer
8579,moong,20,40,20,5.32,167.38,23.56,Kharif
19310,rapeseed,50,40,20,5.18,94.02,22.38,Rabi
5564,maize,80,40,20,5.5,840.46,33.58333333,Summer
27587,banana,100,75,50,6.6,2817.86,27.90909091,Whole Year
73961,soyabean,20,60,20,5.34,1011.49,30.43,Kharif
14603,wheat,60,30,30,6.6,70.11,25.6,Rabi
79354,maize,80,40,20,5.56,98.98,34.92333333,Kharif
74761,maize,80,40,20,5.36,607.48,26.36666667,Summer
82080,cotton,120,40,20,5.58,607.48,26.36666667,Kharif
8247,wheat,60,30,30,6.1,85.24316,21.482,Rabi
58145,horsegram,20,60,20,6.0,664.94,22.03333333,Kharif
35965,soyabean,20,60,20,5.34,607.48,26.36666667,Kharif
50023,onion,120,60,65,6.0,1299.26,26.51818182,Rabi
21789,sunflower,50,60,30,5.64,207.55,26.43333333,Whole Year
34009,ragi,50,40,20,5.32,1246.715,22.6,Kharif
60657,rice,80,40,40,5.56,167.38,23.56,Kharif
76217,sweetpotato,90,20,120,5.1,884.5,27.65454545,Kharif
83636,horsegram,20,60,20,5.94,884.5,27.65454545,Rabi
82596,jowar,80,40,40,5.5,207.55,26.43333333,Kharif
89884,moong,20,40,20,5.54,113.7,30.26666667,Kharif
48645,turmeric,25,60,100,4.96,1501.98,25.81818182,Kharif
68845,coriander,10,20,20,6.36,884.5,27.65454545,Rabi
83267,rice,80,40,40,5.48,510.05,33.37333333,Kharif
50988,cotton,120,40,20,5.38,1246.715,22.6,Kharif
7281,rice,80,40,40,5.36,1997.12,27.0,Kharif
25636,maize,80,40,20,5.58,840.46,33.58333333,Kharif
61662,moong,20,40,20,5.68,297.66,29.56666667,Kharif
66623,maize,80,40,20,5.48,1011.49,30.43,Kharif
31887,onion,120,60,65,6.1,2169.32,23.73636364,Kharif
85572,moong,20,40,20,5.38,182.5,29.2,Summer
812,jowar,80,40,40,5.44,840.46,33.58333333,Rabi
26894,rice,80,40,40,5.52,516.68,27.86666667,Kharif
14657,jute,80,40,40,5.48,423.745,22.07,Kharif
65632,garlic,50,10,60,5.36,1603.2375,22.89090909,Rabi
54692,maize,80,40,20,5.42,98.94,25.574,Summer
67358,rice,80,40,40,5.46,702.459,27.23333333,Kharif
76573,ragi,50,40,20,5.42,770.44,28.68,Kharif
49182,rice,80,40,40,5.46,497.88,25.03333333,Kharif
37108,coriander,10,20,20,6.44,556.2,28.54545455,Rabi
55231,onion,120,60,65,5.86,689.88,29.03727273,Kharif
63485,horsegram,20,60,20,6.04,288.3,25.46,Rabi
89303,jowar,80,40,40,5.66,70.11,25.6,Rabi
12091,maize,80,40,20,5.68,98.98,34.92333333,Kharif
36995,ragi,50,40,20,5.5,162.72,29.4,Kharif
57311,turmeric,25,60,100,4.9,1026.64,29.18636364,Kharif
17002,potato,180,60,90,4.88,689.88,29.03727273,Rabi
22321,maize,80,40,20,5.48,1145.22,28.5,Summer
9858,moong,20,40,20,5.66,1220.22,27.26666667,Kharif
28565,maize,80,40,20,5.36,37.09,27.96666667,Kharif
3619,cotton,120,40,20,5.4,770.44,28.68,Kharif
89658,potato,180,60,90,5.1,70.598,18.92,Rabi
86166,potato,180,60,90,5.12,2169.32,23.73636364,Rabi
84317,barley,70,40,45,5.68,75.32,22.676,Rabi
17284,maize,80,40,20,5.62,579.75,34.01,Summer
52852,rapeseed,50,40,20,5.18,235.4251,26.64666667,Rabi
36049,cotton,120,40,20,5.36,607.48,26.36666667,Kharif
51124,cotton,120,40,20,5.42,1246.715,22.6,Kharif
20291,moong,20,40,20,5.34,1246.715,22.6,Kharif
72063,potato,180,60,90,5.18,94.02,22.38,Rabi
39333,onion,120,60,65,6.04,75.32,22.676,Rabi
16446,cotton,120,40,20,5.46,770.44,28.68,Kharif
50844,potato,180,60,90,4.96,122.42,18.58,Rabi
99013,sunflower,50,60,30,5.64,34.81,34.66666667,Whole Year
55440,onion,120,60,65,6.02,689.88,29.03727273,Rabi
44368,banana,100,75,50,6.6,1111.68,28.64818182,Whole Year
37182,garlic,50,10,60,5.5,556.2,28.54545455,Rabi
59490,jowar,80,40,40,5.6,1011.49,30.43,Kharif
31895,rice,80,40,40,5.68,1543.76,27.33333333,Kharif
95532,ragi,50,40,20,5.62,1246.715,22.6,Kharif
74127,barley,70,40,45,5.4,73.47,23.562,Rabi
31956,rapeseed,50,40,20,4.94,127.68,20.8,Rabi
32040,sweetpotato,90,20,120,4.94,2169.32,23.73636364,Rabi
7326,banana,100,75,50,6.68,2817.86,27.90909091,Whole Year
21822,maize,80,40,20,5.52,207.55,26.43333333,Summer
33495,wheat,60,30,30,6.8,41.3,21.704,Rabi
56097,jowar,80,40,40,5.54,288.3,25.46,Rabi
20980,rapeseed,50,40,20,5.1,73.47,23.562,Rabi
20629,rice,80,40,40,5.32,1997.12,27.0,Kharif
16126,cardamom,75,75,150,4.96,884.5,27.65454545,Kharif
16534,jowar,80,40,40,5.46,98.94,25.574,Rabi
3403,turmeric,25,60,100,5.0,884.5,27.65454545,Kharif
34770,blackpepper,100,60,50,5.1,2817.86,27.90909091,Whole Year
93052,rice,80,40,40,5.64,654.34,29.26666667,Kharif
7926,sunflower,50,60,30,5.68,70.11,25.6,Whole Year
11276,turmeric,25,60,100,4.96,2569.52,4.9,Kharif
70071,potato,180,60,90,4.96,75.32,22.676,Rabi
60585,ragi,50,40,20,5.34,113.7,30.26666667,Kharif
30998,soyabean,20,60,20,5.5,1110.78,25.66666667,Kharif
50730,wheat,60,30,30,7.0,293.36,14.7,Rabi
62031,sweetpotato,90,20,120,4.98,689.88,29.03727273,Rabi
65162,rice,80,40,40,5.4,664.94,22.03333333,Kharif
40845,wheat,60,30,30,6.6,87.2,23.106,Rabi
83025,banana,100,75,50,6.62,162.72,29.4,Whole Year
42219,mango,20,20,30,4.92,421.14,28.50727273,Summer
86520,barley,70,40,45,5.66,87.2,23.106,Rabi
70471,rapeseed,50,40,20,5.0,152.54,22.28,Rabi
97026,wheat,60,30,30,6.12,56.236,15.852,Rabi
98613,rice,80,40,40,5.6,579.75,34.01,Kharif
26933,sunflower,50,60,30,5.64,1246.715,22.6,Whole Year
31306,potato,180,60,90,5.06,1501.98,25.81818182,Rabi
63628,onion,120,60,65,5.96,2169.32,23.73636364,Kharif
34590,rice,80,40,40,5.64,1246.715,22.6,Kharif
39149,wheat,60,30,30,6.1,75.32,22.676,Rabi
5601,rapeseed,50,40,20,4.88,87.2,23.106,Rabi
74129,wheat,60,30,30,6.9,73.47,23.562,Rabi
57159,onion,120,60,65,5.84,1026.64,29.18636364,Kharif
63890,banana,100,75,50,6.56,2169.32,23.73636364,Whole Year
45126,cotton,120,40,20,5.54,423.745,22.07,Kharif
72865,wheat,60,30,30,6.5,122.42,18.58,Rabi
19687,barley,70,40,45,5.36,41.3,21.704,Rabi
27652,turmeric,25,60,100,4.9,2817.86,27.90909091,Kharif
78096,rice,80,40,40,5.54,182.5,29.2,Kharif
42975,maize,80,40,20,5.5,157.31,25.83333333,Summer
46241,cotton,120,40,20,5.44,510.05,33.37333333,Kharif
74246,garlic,50,10,60,5.58,1111.68,28.64818182,Rabi
43718,rapeseed,50,40,20,5.02,73.47,23.562,Rabi
13343,ragi,50,40,20,5.6,157.31,25.83333333,Kharif
49792,maize,80,40,20,5.58,87.2,23.106,Summer
99323,rice,80,40,40,5.5,579.75,34.01,Kharif
56166,moong,20,40,20,5.54,288.3,25.46,Summer
1858,blackpepper,100,60,50,5.1,2817.86,27.90909091,Whole Year
59029,ragi,50,40,20,5.64,157.31,25.83333333,Kharif
64375,barley,70,40,45,5.42,87.2,23.106,Rabi
72854,onion,120,60,65,5.92,122.42,18.58,Rabi
29141,potato,180,60,90,4.9,1426.3,26.73636364,Rabi
83849,jowar,80,40,40,5.32,884.5,27.65454545,Rabi
21260,wheat,60,30,30,6.6,73.47,23.562,Rabi
9181,wheat,60,30,30,6.7,19.38,22.766,Rabi
71419,onion,120,60,65,6.0,1026.64,29.18636364,Rabi
32455,maize,80,40,20,5.5,840.46,33.58333333,Kharif
24368,potato,180,60,90,5.04,169.82,14.6,Rabi
3175,potato,180,60,90,5.12,884.5,27.65454545,Rabi
14956,moong,20,40,20,5.54,167.38,23.56,Kharif
15715,barley,70,40,45,5.48,19.38,22.766,Rabi
99715,rice,80,40,40,5.46,182.5,29.2,Kharif
79427,garlic,50,10,60,5.64,1026.64,29.18636364,Rabi
80576,ragi,50,40,20,5.36,1246.715,22.6,Kharif
21062,wheat,60,30,30,6.8,73.47,23.562,Rabi
31861,maize,80,40,20,5.68,1712.66,11.2,Kharif
35007,soyabean,20,60,20,5.68,1011.49,30.43,Kharif
29509,moong,20,40,20,5.42,510.05,33.37333333,Summer
64848,rice,80,40,40,5.44,790.98,30.61666667,Kharif
97417,ragi,50,40,20,5.44,1145.22,28.5,Kharif
512,wheat,60,30,30,6.4,127.68,20.8,Rabi
41471,moong,20,40,20,5.52,98.98,34.92333333,Kharif
27965,maize,80,40,20,5.56,1011.49,30.43,Summer
37950,mango,20,20,30,5.1,884.5,27.65454545,Summer
10163,jowar,80,40,40,5.34,579.75,34.01,Rabi
81915,onion,120,60,65,5.88,1111.68,28.64818182,Rabi
20172,horsegram,20,60,20,5.94,1246.715,22.6,Rabi
18292,turmeric,25,60,100,5.14,2169.32,23.73636364,Kharif
56140,rice,80,40,40,5.54,654.34,29.26666667,Kharif
66866,moong,20,40,20,5.38,73.47,23.562,Kharif
65613,horsegram,20,60,20,5.84,1246.715,22.6,Kharif
41149,moong,20,40,20,5.36,98.98,34.92333333,Summer
95475,banana,100,75,50,6.54,1603.2375,22.89090909,Whole Year
6436,jowar,80,40,40,5.64,331.88,35.34666667,Rabi
79859,moong,20,40,20,5.64,1151.02,28.03333333,Kharif
84505,maize,80,40,20,5.6,34.81,34.66666667,Summer
87115,rapeseed,50,40,20,5.12,94.02,22.38,Rabi
43637,cabbage,100,65,70,6.48,1111.68,28.64818182,Rabi
10813,turmeric,25,60,100,5.1,1501.98,25.81818182,Kharif
54041,onion,120,60,65,6.06,556.2,28.54545455,Kharif
41872,moong,20,40,20,5.38,790.98,30.61666667,Summer
74136,jowar,80,40,40,5.58,1011.49,30.43,Kharif
2318,jowar,80,40,40,5.34,607.48,26.36666667,Kharif
6348,rice,80,40,40,5.62,331.88,35.34666667,Kharif
27839,wheat,60,30,30,6.3,73.47,23.562,Rabi
91271,coriander,10,20,20,6.68,75.32,22.676,Rabi
69486,maize,80,40,20,5.6,579.75,34.01,Summer
57164,horsegram,20,60,20,5.9,840.46,33.58333333,Rabi
33879,rapeseed,50,40,20,5.12,122.42,18.58,Rabi
41883,onion,120,60,65,6.14,810.26,29.95636364,Kharif
27741,cotton,120,40,20,5.48,1011.49,30.43,Kharif
93103,rice,80,40,40,5.64,1712.66,11.2,Kharif
34316,moong,20,40,20,5.66,1246.715,22.6,Summer
25238,turmeric,25,60,100,4.9,2169.32,23.73636364,Kharif
31894,rice,80,40,40,5.38,127.68,20.8,Kharif
85697,onion,120,60,65,5.9,288.3,25.46,Kharif
44451,brinjal,80,15,40,6.6,1111.68,28.64818182,Whole Year
60923,cotton,120,40,20,5.32,411.52,34.73,Kharif
6972,onion,120,60,65,6.08,1246.715,22.6,Rabi
65008,rice,80,40,40,5.34,331.88,35.34666667,Kharif
53225,horsegram,20,60,20,6.14,167.38,23.56,Rabi
74446,potato,180,60,90,4.96,1111.68,28.64818182,Rabi
54197,garlic,50,10,60,5.54,884.5,27.65454545,Rabi
60198,onion,120,60,65,5.88,1350.025,26.01818182,Rabi
35407,sunflower,50,60,30,5.62,1011.49,30.43,Whole Year
79393,maize,80,40,20,5.58,840.46,33.58333333,Summer
50079,maize,80,40,20,5.46,1151.02,28.03333333,Kharif
38705,rice,80,40,40,5.32,579.75,34.01,Kharif
54216,turmeric,25,60,100,4.84,884.5,27.65454545,Kharif
22085,garlic,50,10,60,5.64,1426.3,26.73636364,Rabi
35392,garlic,50,10,60,5.36,1111.68,28.64818182,Rabi
11951,horsegram,20,60,20,6.1,840.46,33.58333333,Rabi
63552,potato,180,60,90,5.12,2569.52,4.9,Rabi
79117,rice,80,40,40,5.66,98.98,34.92333333,Kharif
34767,banana,100,75,50,6.36,2817.86,27.90909091,Whole Year
18912,ragi,50,40,20,5.42,840.46,33.58333333,Kharif
77558,maize,80,40,20,5.62,75.32,22.676,Kharif
19315,onion,120,60,65,5.86,1299.26,26.51818182,Kharif
80049,wheat,60,30,30,6.5,15.34,27.276,Rabi
61777,moong,20,40,20,5.38,98.94,25.574,Kharif
14237,coriander,10,20,20,6.48,1111.68,28.64818182,Rabi
60136,wheat,60,30,30,6.7,70.11,25.6,Rabi
83252,onion,120,60,65,5.94,556.2,28.54545455,Rabi
90950,rice,80,40,40,5.68,297.66,29.56666667,Kharif
86033,maize,80,40,20,5.36,1543.76,27.33333333,Kharif
10365,rapeseed,50,40,20,5.02,75.32,22.676,Rabi
61994,maize,80,40,20,5.46,579.75,34.01,Kharif
96698,maize,80,40,20,5.64,607.48,26.36666667,Kharif
19363,moong,20,40,20,5.5,94.02,22.38,Kharif
536,rice,80,40,40,5.54,127.68,20.8,Kharif
83915,onion,120,60,65,5.94,884.5,27.65454545,Kharif
7064,coriander,10,20,20,6.54,1603.2375,22.89090909,Rabi
20260,onion,120,60,65,6.12,1603.2375,22.89090909,Rabi
43605,orange,20,10,10,4.14,1111.68,28.64818182,Whole Year
97658,wheat,60,30,30,6.7,66.52,20.312,Rabi
33404,cotton,120,40,20,5.4,790.98,30.61666667,Kharif
93304,cotton,120,40,20,5.44,1543.76,27.33333333,Kharif
47896,onion,120,60,65,5.94,75.32,22.676,Kharif
37652,drumstick,40,20,10,6.6,884.5,27.65454545,Whole Year
24511,maize,80,40,20,5.64,1166.94,28.33333333,Summer
78684,jute,80,40,40,5.4,1543.76,27.33333333,Kharif
22589,barley,70,40,45,5.34,19.38,22.766,Rabi
97901,cotton,120,40,20,5.48,510.05,33.37333333,Kharif
60913,rice,80,40,40,5.34,411.52,34.73,Kharif
66369,jute,80,40,40,5.38,1011.49,30.43,Kharif
43855,ladyfinger,80,10,40,6.32,1111.68,28.64818182,Summer
62173,wheat,60,30,30,6.3,75.32,22.676,Rabi
54896,garlic,50,10,60,5.32,689.88,29.03727273,Rabi
93470,onion,120,60,65,5.92,2169.32,23.73636364,Kharif
5775,turmeric,25,60,100,4.94,1026.64,29.18636364,Kharif
91921,turmeric,25,60,100,4.84,75.32,22.676,Kharif
85578,rice,80,40,40,5.6,152.54,22.28,Kharif
73739,horsegram,20,60,20,6.06,1246.715,22.6,Rabi
65631,cotton,120,40,20,5.6,1603.2375,22.89090909,Kharif
62356,jowar,80,40,40,5.4,579.75,34.01,Kharif
8784,maize,80,40,20,5.68,411.52,34.73,Kharif
76374,garlic,50,10,60,5.54,884.5,27.65454545,Rabi
10312,sunflower,50,60,30,5.38,75.32,22.676,Whole Year
40550,banana,100,75,50,6.54,2169.32,23.73636364,Whole Year
8719,moong,20,40,20,5.6,167.38,23.56,Kharif
76045,rapeseed,50,40,20,4.92,19.38,22.766,Rabi
12282,rice,80,40,40,5.44,840.46,33.58333333,Kharif
41008,coriander,10,20,20,6.32,1026.64,29.18636364,Rabi
27481,horsegram,20,60,20,6.18,199.2125,21.3,Rabi
66513,rapeseed,50,40,20,4.86,73.47,23.562,Rabi
28815,rapeseed,50,40,20,5.14,70.598,18.92,Rabi
25855,maize,80,40,20,5.42,98.98,34.92333333,Kharif
46671,mango,20,20,30,4.88,884.5,27.65454545,Summer
57227,onion,120,60,65,5.94,1026.64,29.18636364,Rabi
68739,coriander,10,20,20,6.36,884.5,27.65454545,Rabi
3342,banana,100,75,50,6.44,297.66,29.56666667,Whole Year
61496,sunflower,50,60,30,5.52,297.66,29.56666667,Whole Year
75026,potato,180,60,90,4.94,235.4251,26.64666667,Rabi
80082,jowar,80,40,40,5.44,790.98,30.61666667,Kharif
61244,barley,70,40,45,5.66,19.38,22.766,Rabi
48813,onion,120,60,65,6.0,654.34,29.26666667,Rabi
48092,moong,20,40,20,5.42,579.75,34.01,Kharif
3071,rapeseed,50,40,20,5.02,19.38,22.766,Rabi
76841,maize,80,40,20,5.58,579.75,34.01,Summer
82841,maize,80,40,20,5.54,167.38,23.56,Kharif
51059,jowar,80,40,40,5.38,1246.715,22.6,Rabi
60093,cotton,120,40,20,5.44,607.48,26.36666667,Kharif
12794,rapeseed,50,40,20,5.16,293.36,14.7,Rabi
99474,maize,80,40,20,5.5,169.82,14.6,Summer
4154,potato,180,60,90,4.96,689.88,29.03727273,Rabi
92484,cotton,120,40,20,5.62,1166.94,28.33333333,Kharif
95745,maize,80,40,20,5.58,199.2125,21.3,Summer
97880,onion,120,60,65,6.02,556.2,28.54545455,Kharif
92875,onion,120,60,65,5.9,288.3,25.46,Kharif
86788,maize,80,40,20,5.5,840.46,33.58333333,Kharif
87758,horsegram,20,60,20,5.94,1246.715,22.6,Kharif
7180,jowar,80,40,40,5.42,1246.715,22.6,Kharif
94554,wheat,60,30,30,6.12,15.34,27.276,Rabi
11762,maize,80,40,20,5.64,840.46,33.58333333,Summer
72136,horsegram,20,60,20,6.16,1151.02,28.03333333,Kharif
26635,barley,70,40,45,5.58,41.3,21.704,Rabi
65487,coriander,10,20,20,6.32,1603.2375,22.89090909,Rabi
69359,wheat,60,30,30,6.8,75.32,22.676,Rabi
81530,onion,120,60,65,5.9,1111.68,28.64818182,Rabi
18209,rice,80,40,40,5.62,497.88,25.03333333,Kharif
23724,wheat,60,30,30,6.12,75.32,22.676,Rabi
30919,rapeseed,50,40,20,4.98,75.32,22.676,Rabi
24699,moong,20,40,20,5.68,654.34,29.26666667,Summer
78208,cotton,120,40,20,5.48,654.34,29.26666667,Kharif
32690,horsegram,20,60,20,5.9,840.46,33.58333333,Rabi
57366,sweetpotato,90,20,120,5.18,1026.64,29.18636364,Rabi
11530,potato,180,60,90,5.12,2169.32,23.73636364,Rabi
98649,rice,80,40,40,5.32,579.75,34.01,Kharif
55520,onion,120,60,65,5.94,689.88,29.03727273,Kharif
33947,cotton,120,40,20,5.4,1246.715,22.6,Kharif
91305,potato,180,60,90,4.98,75.32,22.676,Rabi
26893,moong,20,40,20,5.42,516.68,27.86666667,Kharif
88739,rice,80,40,40,5.42,1111.68,28.64818182,Kharif
62044,maize,80,40,20,5.44,579.75,34.01,Summer
7991,moong,20,40,20,5.5,607.48,26.36666667,Summer
70539,maize,80,40,20,5.68,1166.94,28.33333333,Kharif
37862,drumstick,40,20,10,6.4,884.5,27.65454545,Whole Year
3031,rapeseed,50,40,20,5.02,19.38,22.766,Rabi
91790,rice,80,40,40,5.58,579.75,34.01,Kharif
12445,moong,20,40,20,5.52,790.98,30.61666667,Kharif
957,maize,80,40,20,5.56,87.2,23.106,Summer
93945,wheat,60,30,30,6.11,87.2,23.106,Rabi
15671,soyabean,20,60,20,5.44,510.05,33.37333333,Kharif
46155,garlic,50,10,60,5.56,556.2,28.54545455,Rabi
22273,wheat,60,30,30,6.4,167.38,23.56,Rabi
79808,jowar,80,40,40,5.5,1151.02,28.03333333,Kharif
44668,soyabean,20,60,20,5.46,607.48,26.36666667,Kharif
13082,moong,20,40,20,5.6,1246.715,22.6,Summer
57181,ragi,50,40,20,5.58,840.46,33.58333333,Kharif
85394,potato,180,60,90,5.14,1501.98,25.81818182,Rabi
55425,wheat,60,30,30,6.4,75.32,22.676,Rabi
71960,horsegram,20,60,20,6.1,94.02,22.38,Rabi
31534,turmeric,25,60,100,5.18,1037.32,28.08181818,Kharif
71917,jowar,80,40,40,5.44,1151.02,28.03333333,Kharif
21212,barley,70,40,45,5.44,73.47,23.562,Rabi
49657,turmeric,25,60,100,4.84,1026.64,29.18636364,Kharif
33281,rice,80,40,40,5.38,5.274,27.016,Kharif
78982,potato,180,60,90,5.18,840.46,33.58333333,Rabi
31341,moong,20,40,20,5.36,182.5,29.2,Kharif
66305,turmeric,25,60,100,4.84,1111.68,28.64818182,Kharif
65193,maize,80,40,20,5.66,664.94,22.03333333,Summer
12492,rice,80,40,40,5.38,790.98,30.61666667,Kharif
80333,maize,80,40,20,5.58,664.94,22.03333333,Summer
27975,onion,120,60,65,5.82,1111.68,28.64818182,Kharif
9579,sweetpotato,90,20,120,5.1,884.5,27.65454545,Kharif
43985,barley,70,40,45,5.38,73.47,23.562,Rabi
22162,jowar,80,40,40,5.42,1145.22,28.5,Rabi
4657,rapeseed,50,40,20,5.0,1501.98,25.81818182,Rabi
3638,maize,80,40,20,5.4,770.44,28.68,Summer
52661,rice,80,40,40,5.64,702.459,27.23333333,Kharif
37536,garlic,50,10,60,5.52,556.2,28.54545455,Rabi
28856,potato,180,60,90,4.96,700.241,22.19090909,Rabi
64870,onion,120,60,65,5.94,810.26,29.95636364,Kharif
89582,barley,70,40,45,5.52,70.598,18.92,Rabi
37102,rice,80,40,40,5.5,510.05,33.37333333,Kharif
12820,rapeseed,50,40,20,5.16,293.36,14.7,Rabi
93710,horsegram,20,60,20,5.96,840.46,33.58333333,Rabi
43507,ladyfinger,80,10,40,6.34,1111.68,28.64818182,Summer
67893,maize,80,40,20,5.4,1145.22,28.5,Kharif
41597,moong,20,40,20,5.62,94.02,22.38,Summer
803,maize,80,40,20,5.34,98.98,34.92333333,Summer
19468,maize,80,40,20,5.64,790.98,30.61666667,Summer
55217,rapeseed,50,40,20,4.84,75.32,22.676,Rabi
48173,maize,80,40,20,5.4,34.81,34.66666667,Summer
57404,banana,100,75,50,6.38,1026.64,29.18636364,Whole Year
19064,rapeseed,50,40,20,5.08,87.2,23.106,Rabi
26112,sweetpotato,90,20,120,5.06,1299.26,26.51818182,Kharif
24585,jute,80,40,40,5.46,1166.94,28.33333333,Kharif
6404,rapeseed,50,40,20,5.06,41.3,21.704,Rabi
7355,sweetpotato,90,20,120,4.88,2817.86,27.90909091,Kharif
98404,jowar,80,40,40,5.44,98.94,25.574,Kharif
91809,maize,80,40,20,5.4,75.32,22.676,Summer
11307,potato,180,60,90,4.86,2569.52,4.9,Rabi
69438,onion,120,60,65,6.04,75.32,22.676,Kharif
29536,rice,80,40,40,5.46,510.05,33.37333333,Kharif
68584,rice,80,40,40,5.4,297.66,29.56666667,Kharif
62341,potato,180,60,90,4.86,75.32,22.676,Rabi
7068,jowar,80,40,40,5.36,1246.715,22.6,Kharif
35452,wheat,60,30,30,6.1,73.47,23.562,Rabi
50095,horsegram,20,60,20,6.04,1151.02,28.03333333,Kharif
1965,jowar,80,40,40,5.44,1011.49,30.43,Kharif
97576,potato,180,60,90,4.92,167.38,23.56,Rabi
33283,cotton,120,40,20,5.6,790.98,30.61666667,Kharif
45818,maize,80,40,20,5.5,411.52,34.73,Summer
16129,onion,120,60,65,6.0,884.5,27.65454545,Kharif
95047,ragi,50,40,20,5.66,1246.715,22.6,Kharif
47422,onion,120,60,65,6.06,34.81,34.66666667,Rabi
48090,jowar,80,40,40,5.32,579.75,34.01,Kharif
97503,maize,80,40,20,5.44,113.7,30.26666667,Kharif
80127,rice,80,40,40,5.42,331.88,35.34666667,Kharif
67829,maize,80,40,20,5.44,113.7,30.26666667,Summer
40649,cotton,120,40,20,5.56,1543.76,27.33333333,Kharif
75297,wheat,60,30,30,6.7,113.7,30.26666667,Rabi
94357,potato,180,60,90,5.08,1299.26,26.51818182,Rabi
83814,jowar,80,40,40,5.58,884.5,27.65454545,Rabi
9735,cotton,120,40,20,5.58,770.44,28.68,Kharif
82849,maize,80,40,20,5.5,113.7,30.26666667,Summer
83316,rapeseed,50,40,20,4.96,19.38,22.766,Rabi
10654,rapeseed,50,40,20,4.82,75.32,22.676,Rabi
47034,mango,20,20,30,4.98,884.5,27.65454545,Summer
11280,potato,180,60,90,5.1,2569.52,4.9,Rabi
83261,wheat,60,30,30,6.1,19.38,22.766,Rabi
37749,cotton,120,40,20,5.64,297.66,29.56666667,Kharif
48579,rapeseed,50,40,20,4.82,152.54,22.28,Rabi
18102,rice,80,40,40,5.68,1543.76,27.33333333,Kharif
26260,moong,20,40,20,5.4,94.02,22.38,Kharif
82687,ragi,50,40,20,5.38,167.38,23.56,Kharif
34334,garlic,50,10,60,5.4,1603.2375,22.89090909,Rabi
31270,rice,80,40,40,5.38,1166.94,28.33333333,Kharif
55849,sunflower,50,60,30,5.6,1166.94,28.33333333,Whole Year
75722,maize,80,40,20,5.4,510.05,33.37333333,Kharif
62297,garlic,50,10,60,5.64,689.88,29.03727273,Rabi
1356,rapeseed,50,40,20,4.98,15.34,27.276,Rabi
59510,soyabean,20,60,20,5.34,1011.49,30.43,Kharif
23207,onion,120,60,65,5.88,884.5,27.65454545,Kharif
64497,banana,100,75,50,6.64,1299.26,26.51818182,Whole Year
60163,rice,80,40,40,5.46,607.48,26.36666667,Kharif
70772,maize,80,40,20,5.32,1712.66,11.2,Kharif
37533,rapeseed,50,40,20,4.94,19.38,22.766,Rabi
36802,onion,120,60,65,6.08,1426.3,26.73636364,Kharif
7142,rice,80,40,40,5.64,1246.715,22.6,Kharif
85531,wheat,60,30,30,6.12,152.54,22.28,Rabi
91523,wheat,60,30,30,6.3,75.32,22.676,Rabi
79734,maize,80,40,20,5.62,1151.02,28.03333333,Kharif
12791,maize,80,40,20,5.32,516.68,27.86666667,Kharif
27901,onion,120,60,65,6.12,1111.68,28.64818182,Rabi
88756,potato,180,60,90,4.9,1111.68,28.64818182,Rabi
75962,turmeric,25,60,100,5.1,556.2,28.54545455,Kharif
90311,barley,70,40,45,5.42,19.38,22.766,Rabi
12165,sunflower,50,60,30,5.62,840.46,33.58333333,Whole Year
6728,maize,80,40,20,5.4,199.2125,21.3,Kharif
55360,jowar,80,40,40,5.42,579.75,34.01,Rabi
33710,horsegram,20,60,20,6.18,664.94,22.03333333,Kharif
61239,cotton,120,40,20,5.32,510.05,33.37333333,Kharif
82052,potato,180,60,90,5.06,1111.68,28.64818182,Rabi
42067,wheat,60,30,30,6.12,41.3,21.704,Rabi
43156,brinjal,80,15,40,6.68,1603.2375,22.89090909,Whole Year
15644,moong,20,40,20,5.46,510.05,33.37333333,Summer
33358,cotton,120,40,20,5.56,790.98,30.61666667,Kharif
72156,turmeric,25,60,100,4.96,1299.26,26.51818182,Kharif
2372,rice,80,40,40,5.4,702.459,27.23333333,Kharif
69127,moong,20,40,20,5.68,770.44,28.68,Summer
89621,rapeseed,50,40,20,4.9,70.598,18.92,Rabi
85104,moong,20,40,20,5.4,34.81,34.66666667,Summer
72668,rice,80,40,40,5.54,664.94,22.03333333,Kharif
52059,garlic,50,10,60,5.62,1111.68,28.64818182,Rabi
95038,coriander,10,20,20,6.42,1603.2375,22.89090909,Rabi
53962,coriander,10,20,20,6.6,556.2,28.54545455,Rabi
21502,wheat,60,30,30,6.6,70.11,25.6,Rabi
13973,wheat,60,30,30,7.0,73.47,23.562,Rabi
5923,sunflower,50,60,30,5.44,840.46,33.58333333,Whole Year
52194,rapeseed,50,40,20,4.94,73.47,23.562,Rabi
81380,cotton,120,40,20,5.66,1011.49,30.43,Kharif
46616,bittergourd,60,10,20,6.46,884.5,27.65454545,Summer
86409,onion,120,60,65,5.98,2169.32,23.73636364,Kharif
71413,maize,80,40,20,5.62,87.2,23.106,Summer
19444,cotton,120,40,20,5.54,790.98,30.61666667,Kharif
84916,jowar,80,40,40,5.64,579.75,34.01,Rabi
71252,moong,20,40,20,5.32,840.46,33.58333333,Kharif
32418,moong,20,40,20,5.4,840.46,33.58333333,Kharif
77045,sunflower,50,60,30,5.64,34.81,34.66666667,Whole Year
48118,maize,80,40,20,5.5,579.75,34.01,Summer
18053,rice,80,40,40,5.4,1712.66,11.2,Kharif
37186,potato,180,60,90,5.16,556.2,28.54545455,Rabi
14007,maize,80,40,20,5.46,1011.49,30.43,Kharif
89502,maize,80,40,20,5.68,235.4251,26.64666667,Summer
32680,maize,80,40,20,5.6,87.2,23.106,Summer
48147,rapeseed,50,40,20,4.9,75.32,22.676,Rabi
25653,potato,180,60,90,5.14,1026.64,29.18636364,Rabi
28801,barley,70,40,45,5.36,70.598,18.92,Rabi
30708,maize,80,40,20,5.56,75.32,22.676,Kharif
68870,onion,120,60,65,5.92,884.5,27.65454545,Kharif
9925,sunflower,50,60,30,5.36,75.32,22.676,Whole Year
44150,potato,180,60,90,5.18,1111.68,28.64818182,Rabi
50019,wheat,60,30,30,6.5,94.02,22.38,Rabi
80421,wheat,60,30,30,7.0,293.36,14.7,Rabi
36011,maize,80,40,20,5.68,607.48,26.36666667,Kharif
50813,ragi,50,40,20,5.46,976.06,25.66666667,Kharif
3627,horsegram,20,60,20,6.02,98.94,25.574,Kharif
63273,coriander,10,20,20,6.48,1037.32,28.08181818,Rabi
77551,moong,20,40,20,5.54,579.75,34.01,Summer
76255,rice,80,40,40,5.32,297.66,29.56666667,Kharif
89078,barley,70,40,45,5.38,1111.68,28.64818182,Rabi
67805,wheat,60,30,30,6.6,113.7,30.26666667,Rabi
44715,maize,80,40,20,5.48,70.11,25.6,Kharif
831,rice,80,40,40,5.58,87.2,23.106,Kharif
91410,onion,120,60,65,6.08,75.32,22.676,Rabi
65955,moong,20,40,20,5.32,199.2125,21.3,Summer
59493,rice,80,40,40,5.66,1011.49,30.43,Kharif
54922,maize,80,40,20,5.38,579.75,34.01,Summer
80803,sunflower,50,60,30,5.46,1246.715,22.6,Whole Year
97561,potato,180,60,90,5.06,167.38,23.56,Rabi
29195,garlic,50,10,60,5.5,1426.3,26.73636364,Rabi
16884,sunflower,50,60,30,5.64,579.75,34.01,Whole Year
11030,turmeric,25,60,100,5.02,1501.98,25.81818182,Kharif
2430,jute,80,40,40,5.52,423.745,22.07,Kharif
84884,maize,80,40,20,5.38,34.81,34.66666667,Kharif
87119,garlic,50,10,60,5.56,1299.26,26.51818182,Rabi
91359,maize,80,40,20,5.56,579.75,34.01,Kharif
32277,maize,80,40,20,5.68,1543.76,27.33333333,Summer
93634,moong,20,40,20,5.5,840.46,33.58333333,Kharif
97364,rice,80,40,40,5.52,167.38,23.56,Kharif
41336,banana,100,75,50,6.32,1026.64,29.18636364,Whole Year
90108,cotton,120,40,20,5.32,411.52,34.73,Kharif
91094,banana,100,75,50,6.66,942.8,28.99454545,Whole Year
34331,banana,100,75,50,6.62,1603.2375,22.89090909,Whole Year
32659,sunflower,50,60,30,5.52,840.46,33.58333333,Whole Year
23837,soyabean,20,60,20,5.34,579.75,34.01,Kharif
27363,onion,120,60,65,5.82,1603.2375,22.89090909,Rabi
10649,jowar,80,40,40,5.56,579.75,34.01,Kharif
26784,rapeseed,50,40,20,4.92,240.1,10.38,Rabi
24908,maize,80,40,20,5.48,288.3,25.46,Kharif
97012,potato,180,60,90,5.04,1050.245,18.77818182,Rabi
97719,wheat,60,30,30,6.6,19.38,22.766,Rabi
8246,rice,80,40,40,5.34,85.24316,21.482,Kharif
15777,cotton,120,40,20,5.56,510.05,33.37333333,Kharif
14377,jowar,80,40,40,5.48,70.11,25.6,Kharif
83944,cotton,120,40,20,5.48,884.5,27.65454545,Kharif
28903,maize,80,40,20,5.68,1145.22,28.5,Kharif
29423,garlic,50,10,60,5.62,556.2,28.54545455,Rabi
87436,rice,80,40,40,5.66,331.88,35.34666667,Kharif
68018,cotton,120,40,20,5.58,3.274569,29.0,Kharif
73433,horsegram,20,60,20,6.08,199.2125,21.3,Kharif
50823,rapeseed,50,40,20,4.98,122.42,18.58,Rabi
16314,rice,80,40,40,5.62,297.66,29.56666667,Kharif
16344,jowar,80,40,40,5.44,297.66,29.56666667,Rabi
76268,horsegram,20,60,20,5.98,884.5,27.65454545,Rabi
16579,horsegram,20,60,20,5.9,98.94,25.574,Rabi
38064,garlic,50,10,60,5.6,884.5,27.65454545,Rabi
77246,maize,80,40,20,5.46,34.81,34.66666667,Summer
47635,maize,80,40,20,5.54,579.75,34.01,Summer
26940,rice,80,40,40,5.66,157.31,25.83333333,Kharif
70914,potato,180,60,90,4.92,2169.32,23.73636364,Rabi
81379,rice,80,40,40,5.68,490.74,27.6,Kharif
25079,potato,180,60,90,4.84,2169.32,23.73636364,Rabi
8887,maize,80,40,20,5.58,510.05,33.37333333,Kharif
49532,wheat,60,30,30,6.12,87.2,23.106,Rabi
23342,moong,20,40,20,5.6,770.44,28.68,Kharif
78787,maize,80,40,20,5.68,1543.76,27.33333333,Kharif
15486,blackpepper,100,60,50,4.9,550.1245,27.63636364,Whole Year
66498,rice,80,40,40,5.36,1011.49,30.43,Kharif
26686,wheat,60,30,30,6.4,41.3,21.704,Rabi
73943,soyabean,20,60,20,5.56,1011.49,30.43,Kharif
7620,soyabean,20,60,20,5.52,1011.49,30.43,Kharif
24784,turmeric,25,60,100,5.16,1037.32,28.08181818,Kharif
20859,onion,120,60,65,6.16,1111.68,28.64818182,Rabi
75977,maize,80,40,20,5.66,510.05,33.37333333,Summer
9573,sunflower,50,60,30,5.34,297.66,29.56666667,Whole Year
29273,moong,20,40,20,5.56,1145.22,28.5,Kharif
55377,potato,180,60,90,5.02,75.32,22.676,Rabi
78650,maize,80,40,20,5.66,1543.76,27.33333333,Kharif
38884,potato,180,60,90,5.02,689.88,29.03727273,Rabi
46639,cardamom,75,75,150,5.02,884.5,27.65454545,Kharif
90851,onion,120,60,65,5.82,884.5,27.65454545,Kharif
20302,wheat,60,30,30,6.5,199.2125,21.3,Rabi
88950,garlic,50,10,60,5.4,1111.68,28.64818182,Rabi
1751,rice,80,40,40,5.56,199.2125,21.3,Kharif
93559,turmeric,25,60,100,4.9,2169.32,23.73636364,Kharif
37645,bottlegourd,100,50,50,6.54,884.5,27.65454545,Summer
72296,rapeseed,50,40,20,5.12,15.34,27.276,Rabi
26860,moong,20,40,20,5.48,516.68,27.86666667,Kharif
45808,maize,80,40,20,5.56,411.52,34.73,Summer
8667,rice,80,40,40,5.68,113.7,30.26666667,Kharif
95626,maize,80,40,20,5.4,1246.715,22.6,Kharif
27227,jowar,80,40,40,5.36,1246.715,22.6,Kharif
50602,jowar,80,40,40,5.62,331.88,35.34666667,Kharif
66269,wheat,60,30,30,6.11,73.47,23.562,Rabi
16971,maize,80,40,20,5.58,75.32,22.676,Kharif
44796,tomato,100,40,90,5.84,714.68,26.45454545,Whole Year
82112,jowar,80,40,40,5.44,607.48,26.36666667,Kharif
3363,cardamom,75,75,150,5.12,884.5,27.65454545,Kharif
33042,rapeseed,50,40,20,5.18,94.02,22.38,Rabi
53847,jowar,80,40,40,5.54,510.05,33.37333333,Rabi
62853,soyabean,20,60,20,5.5,1110.78,25.66666667,Kharif
79091,jowar,80,40,40,5.54,840.46,33.58333333,Rabi
54242,horsegram,20,60,20,6.04,297.66,29.56666667,Rabi
32944,potato,180,60,90,4.9,1026.64,29.18636364,Rabi
24369,rapeseed,50,40,20,5.04,169.82,14.6,Rabi
66117,turmeric,25,60,100,4.98,2817.86,27.90909091,Kharif
67209,cotton,120,40,20,5.58,607.48,26.36666667,Kharif
44232,coriander,10,20,20,6.64,1111.68,28.64818182,Rabi
38091,cauliflower,80,70,50,6.34,884.5,27.65454545,Rabi
28221,rapeseed,50,40,20,4.98,73.47,23.562,Rabi
67183,wheat,60,30,30,6.12,70.11,25.6,Rabi
55018,rice,80,40,40,5.38,579.75,34.01,Kharif
21612,moong,20,40,20,5.4,607.48,26.36666667,Summer
71579,onion,120,60,65,5.86,1026.64,29.18636364,Kharif
40999,sunflower,50,60,30,5.58,840.46,33.58333333,Whole Year
95567,maize,80,40,20,5.56,157.31,25.83333333,Summer
27408,coriander,10,20,20,6.64,1603.2375,22.89090909,Rabi
18765,wheat,60,30,30,6.7,87.2,23.106,Rabi
91223,garlic,50,10,60,5.5,75.32,22.676,Rabi
63618,rice,80,40,40,5.56,1543.76,27.33333333,Kharif
19921,rice,80,40,40,5.42,516.68,27.86666667,Kharif
99034,sweetpotato,90,20,120,4.82,579.75,34.01,Kharif
22819,wheat,60,30,30,6.12,19.38,22.766,Rabi
35029,barley,70,40,45,5.4,73.47,23.562,Rabi
95868,rice,80,40,40,5.46,330.0,29.33333333,Kharif
31353,barley,70,40,45,5.54,152.54,22.28,Rabi
36297,pineapple,160,40,120,6.6,1350.025,26.01818182,Whole Year
30174,rice,80,40,40,5.42,98.94,25.574,Kharif
16095,turmeric,25,60,100,5.08,884.5,27.65454545,Kharif
12179,maize,80,40,20,5.62,840.46,33.58333333,Summer
48986,banana,100,75,50,6.62,1037.32,28.08181818,Whole Year
26388,maize,80,40,20,5.68,790.98,30.61666667,Summer
76866,wheat,60,30,30,6.4,75.32,22.676,Rabi
7722,moong,20,40,20,5.48,607.48,26.36666667,Kharif
24999,turmeric,25,60,100,4.92,2569.52,4.9,Kharif
28809,moong,20,40,20,5.5,207.55,26.43333333,Kharif
63741,sweetpotato,90,20,120,5.16,2169.32,23.73636364,Rabi
52876,rapeseed,50,40,20,4.94,85.24316,21.482,Rabi
27720,wheat,60,30,30,6.3,73.47,23.562,Rabi
73307,horsegram,20,60,20,6.18,199.2125,21.3,Kharif
66342,jute,80,40,40,5.66,1011.49,30.43,Kharif
351,rice,80,40,40,5.5,497.88,25.03333333,Kharif
31003,garlic,50,10,60,5.64,1411.78,19.94545455,Rabi
92105,sweetpotato,90,20,120,4.82,579.75,34.01,Rabi
13970,soyabean,20,60,20,5.66,1011.49,30.43,Kharif
11942,maize,80,40,20,5.66,840.46,33.58333333,Kharif
28292,barley,70,40,45,5.42,73.47,23.562,Rabi
86255,onion,120,60,65,5.94,2169.32,23.73636364,Kharif
45978,barley,70,40,45,5.4,19.38,22.766,Rabi
18657,rice,80,40,40,5.68,840.46,33.58333333,Kharif
74367,rapeseed,50,40,20,4.98,73.47,23.562,Rabi
77141,rapeseed,50,40,20,5.0,75.32,22.676,Rabi
79837,jowar,80,40,40,5.54,1151.02,28.03333333,Kharif
47895,barley,70,40,45,5.66,75.32,22.676,Rabi
17848,rice,80,40,40,5.5,288.3,25.46,Kharif
40018,turmeric,25,60,100,4.98,1037.32,28.08181818,Kharif
838,rapeseed,50,40,20,5.12,87.2,23.106,Rabi
53055,turmeric,25,60,100,4.9,1426.3,26.73636364,Kharif
28864,wheat,60,30,30,6.5,167.38,23.56,Rabi
44151,sweetpotato,90,20,120,5.08,1111.68,28.64818182,Kharif
90621,cotton,120,40,20,5.46,884.5,27.65454545,Kharif
12853,moong,20,40,20,5.32,1246.715,22.6,Summer
19815,moong,20,40,20,5.58,664.94,22.03333333,Summer
7720,jowar,80,40,40,5.32,607.48,26.36666667,Rabi
90975,maize,80,40,20,5.36,884.5,27.65454545,Summer
31749,potato,180,60,90,4.98,1037.32,28.08181818,Rabi
75679,garlic,50,10,60,5.6,556.2,28.54545455,Rabi
22643,barley,70,40,45,5.68,19.38,22.766,Rabi
77632,onion,120,60,65,5.9,34.81,34.66666667,Kharif
85984,rice,80,40,40,5.34,497.88,25.03333333,Kharif
64958,jowar,80,40,40,5.68,790.98,30.61666667,Kharif
18237,rapeseed,50,40,20,4.82,127.68,20.8,Rabi
34903,rice,80,40,40,5.38,330.0,29.33333333,Kharif
81305,banana,100,75,50,6.54,2817.86,27.90909091,Whole Year
98589,moong,20,40,20,5.4,579.75,34.01,Summer
19662,barley,70,40,45,5.4,41.3,21.704,Rabi
25868,moong,20,40,20,5.66,840.46,33.58333333,Summer
69102,horsegram,20,60,20,6.08,770.44,28.68,Kharif
2753,ragi,50,40,20,5.6,113.7,30.26666667,Kharif
90209,coriander,10,20,20,6.42,556.2,28.54545455,Rabi
55193,sunflower,50,60,30,5.4,34.81,34.66666667,Whole Year
29827,cotton,120,40,20,5.48,297.66,29.56666667,Kharif
23726,jowar,80,40,40,5.4,579.75,34.01,Kharif
68296,garlic,50,10,60,5.44,556.2,28.54545455,Rabi
52552,maize,80,40,20,5.38,607.48,26.36666667,Summer
34705,rice,80,40,40,5.34,1997.12,27.0,Kharif
72278,cotton,120,40,20,5.64,790.98,30.61666667,Kharif
95312,jowar,80,40,40,5.68,157.31,25.83333333,Kharif
12136,onion,120,60,65,6.18,1026.64,29.18636364,Rabi
3833,moong,20,40,20,5.68,579.75,34.01,Summer
3803,rice,80,40,40,5.36,34.81,34.66666667,Kharif
53486,garlic,50,10,60,5.68,1426.3,26.73636364,Rabi
50130,turmeric,25,60,100,4.84,1299.26,26.51818182,Kharif
43354,brinjal,80,15,40,6.4,2817.86,27.90909091,Whole Year
84165,moong,20,40,20,5.42,145.76,21.66,Kharif
55921,rice,80,40,40,5.36,182.5,29.2,Kharif
53381,garlic,50,10,60,5.5,1426.3,26.73636364,Rabi
29640,wheat,60,30,30,6.12,19.38,22.766,Rabi
84584,coriander,10,20,20,6.46,75.32,22.676,Rabi
6330,cotton,120,40,20,5.34,331.88,35.34666667,Kharif
57912,rice,80,40,40,5.5,790.98,30.61666667,Kharif
3999,jowar,80,40,40,5.66,579.75,34.01,Kharif
7478,rice,80,40,40,5.52,1011.49,30.43,Kharif
11714,maize,80,40,20,5.54,87.2,23.106,Summer
93844,rapeseed,50,40,20,5.04,87.2,23.106,Rabi
93493,rice,80,40,40,5.5,1543.76,27.33333333,Kharif
94978,potato,180,60,90,5.16,122.42,18.58,Rabi
96409,barley,70,40,45,5.6,73.47,23.562,Rabi
12610,wheat,60,30,30,6.6,41.3,21.704,Rabi
52722,rapeseed,50,40,20,4.94,56.236,15.852,Rabi
48863,sunflower,50,60,30,5.42,654.34,29.26666667,Whole Year
63779,moong,20,40,20,5.64,127.68,20.8,Summer
14121,coriander,10,20,20,6.44,1111.68,28.64818182,Rabi
60965,rapeseed,50,40,20,4.88,19.38,22.766,Rabi
66613,garlic,50,10,60,5.48,1111.68,28.64818182,Rabi
75882,coriander,10,20,20,6.44,556.2,28.54545455,Rabi
47438,jowar,80,40,40,5.64,579.75,34.01,Kharif
81457,sunflower,50,60,30,5.42,1011.49,30.43,Whole Year
59684,onion,120,60,65,6.16,1111.68,28.64818182,Rabi
92958,onion,120,60,65,6.02,654.34,29.26666667,Kharif
82041,sweetpotato,90,20,120,4.98,1111.68,28.64818182,Kharif
67226,soyabean,20,60,20,5.64,607.48,26.36666667,Kharif
54809,sunflower,50,60,30,5.48,34.81,34.66666667,Whole Year
34285,jowar,80,40,40,5.68,1246.715,22.6,Kharif
61042,jowar,80,40,40,5.66,510.05,33.37333333,Kharif
6184,cotton,120,40,20,5.36,790.98,30.61666667,Kharif
65913,horsegram,20,60,20,5.86,199.2125,21.3,Rabi
52589,sunflower,50,60,30,5.6,37.09,27.96666667,Whole Year
5977,maize,80,40,20,5.32,840.46,33.58333333,Kharif
69435,sweetpotato,90,20,120,4.92,579.75,34.01,Kharif
18846,jute,80,40,40,5.38,840.46,33.58333333,Kharif
25459,rapeseed,50,40,20,5.16,87.2,23.106,Rabi
37392,cotton,120,40,20,5.44,510.05,33.37333333,Kharif
65268,turmeric,25,60,100,4.9,664.94,22.03333333,Kharif
26594,garlic,50,10,60,5.38,421.14,28.50727273,Rabi
17136,wheat,60,30,30,6.8,75.32,22.676,Rabi
94706,rapeseed,50,40,20,4.94,41.3,21.704,Rabi
91902,rapeseed,50,40,20,5.18,75.32,22.676,Rabi
95510,garlic,50,10,60,5.54,1603.2375,22.89090909,Rabi
13002,cotton,120,40,20,5.48,1246.715,22.6,Kharif
15662,potato,180,60,90,4.84,556.2,28.54545455,Rabi
16602,cotton,120,40,20,5.44,1220.22,27.26666667,Kharif
88954,rapeseed,50,40,20,5.08,1111.68,28.64818182,Rabi
22950,rapeseed,50,40,20,4.82,446.14,25.44,Rabi
18779,ragi,50,40,20,5.54,840.46,33.58333333,Kharif
33280,rice,80,40,40,5.32,168.257,28.22333333,Kharif
86449,barley,70,40,45,5.42,87.2,23.106,Rabi
64573,rapeseed,50,40,20,4.88,94.02,22.38,Rabi
37898,radish,25,100,50,6.12,884.5,27.65454545,Kharif
42784,banana,100,75,50,6.46,1603.2375,22.89090909,Whole Year
20019,garlic,50,10,60,5.34,1603.2375,22.89090909,Rabi
56368,maize,80,40,20,5.38,1712.66,11.2,Kharif
6927,horsegram,20,60,20,5.98,199.2125,21.3,Kharif
44961,pineapple,160,40,120,6.58,1350.025,26.01818182,Whole Year
84561,onion,120,60,65,5.88,75.32,22.676,Kharif
56461,maize,80,40,20,5.5,1543.76,27.33333333,Summer
94965,onion,120,60,65,6.02,122.42,18.58,Kharif
47230,cucumber,60,60,85,6.34,942.8,28.99454545,Kharif
75152,maize,80,40,20,5.44,113.7,30.26666667,Kharif
94779,onion,120,60,65,6.1,240.1,10.38,Rabi
77615,wheat,60,30,30,6.7,75.32,22.676,Rabi
29637,sunflower,50,60,30,5.52,510.05,33.37333333,Whole Year
28470,maize,80,40,20,5.66,70.11,25.6,Summer
14137,coriander,10,20,20,6.42,1111.68,28.64818182,Rabi
15356,coriander,10,20,20,6.52,167.38,23.56,Rabi
80275,moong,20,40,20,5.42,664.94,22.03333333,Summer
50441,wheat,60,30,30,6.11,15.34,27.276,Rabi
32763,onion,120,60,65,6.04,1026.64,29.18636364,Rabi
14712,banana,100,75,50,6.42,1050.245,18.77818182,Whole Year
27753,coriander,10,20,20,6.58,1111.68,28.64818182,Rabi
27456,maize,80,40,20,5.64,157.31,25.83333333,Summer
13244,coriander,10,20,20,6.58,1603.2375,22.89090909,Rabi
91933,sweetpotato,90,20,120,4.92,579.75,34.01,Kharif
77970,rapeseed,50,40,20,4.94,152.54,22.28,Rabi
75223,wheat,60,30,30,6.1,113.7,30.26666667,Rabi
83433,coriander,10,20,20,6.52,556.2,28.54545455,Rabi
1193,coriander,10,20,20,6.6,1026.64,29.18636364,Rabi
56128,banana,100,75,50,6.34,1037.32,28.08181818,Whole Year
72332,jowar,80,40,40,5.5,790.98,30.61666667,Rabi
92917,horsegram,20,60,20,5.98,288.3,25.46,Kharif
72677,potato,180,60,90,5.16,516.68,27.86666667,Rabi
33969,grapes,20,125,200,3.86,1603.2375,22.89090909,Whole Year
63275,sweetpotato,90,20,120,5.12,1037.32,28.08181818,Rabi
7056,sunflower,50,60,30,5.48,199.2125,21.3,Whole Year
52811,blackpepper,100,60,50,4.82,1050.245,18.77818182,Whole Year
69706,onion,120,60,65,6.0,34.81,34.66666667,Kharif
380,wheat,60,30,30,6.5,127.68,20.8,Rabi
60788,potato,180,60,90,5.12,167.38,23.56,Rabi
65835,rapeseed,50,40,20,5.16,1246.715,22.6,Rabi
73417,banana,100,75,50,6.36,1603.2375,22.89090909,Whole Year
54776,wheat,60,30,30,6.12,145.76,21.66,Rabi
23422,cotton,120,40,20,5.48,770.44,28.68,Kharif
65292,maize,80,40,20,5.4,976.06,25.66666667,Kharif
88811,wheat,60,30,30,6.6,1111.68,28.64818182,Rabi
47758,sunflower,50,60,30,5.38,579.75,34.01,Whole Year
17001,onion,120,60,65,6.14,689.88,29.03727273,Kharif
30576,cotton,120,40,20,5.56,579.75,34.01,Kharif
37829,sunflower,50,60,30,5.54,297.66,29.56666667,Whole Year
35753,jowar,80,40,40,5.48,1011.49,30.43,Kharif
48310,potato,180,60,90,5.06,1411.78,19.94545455,Rabi
32043,rice,80,40,40,5.54,1543.76,27.33333333,Kharif
80030,rice,80,40,40,5.4,790.98,30.61666667,Kharif
58594,sunflower,50,60,30,5.62,157.31,25.83333333,Whole Year
41380,onion,120,60,65,5.82,1026.64,29.18636364,Rabi
81522,rice,80,40,40,5.42,1011.49,30.43,Kharif
54286,cotton,120,40,20,5.5,297.66,29.56666667,Kharif
89217,rice,80,40,40,5.66,607.48,26.36666667,Kharif
79412,turmeric,25,60,100,5.12,1026.64,29.18636364,Kharif
71940,rice,80,40,40,5.32,1151.02,28.03333333,Kharif
83034,rice,80,40,40,5.44,10.265748,25.76,Kharif
43669,rice,80,40,40,5.62,1011.49,30.43,Kharif
89783,rice,80,40,40,5.44,167.38,23.56,Kharif
27084,maize,80,40,20,5.6,199.2125,21.3,Kharif
29138,coriander,10,20,20,6.56,1426.3,26.73636364,Rabi
7860,jowar,80,40,40,5.54,70.11,25.6,Kharif
94009,maize,80,40,20,5.62,87.2,23.106,Kharif
36546,jute,80,40,40,5.64,207.55,26.43333333,Kharif
71607,maize,80,40,20,5.32,87.2,23.106,Summer
72007,turmeric,25,60,100,5.1,1299.26,26.51818182,Kharif
76144,rice,80,40,40,5.38,297.66,29.56666667,Kharif
79594,maize,80,40,20,5.38,80.926,28.7,Summer
68407,potato,180,60,90,5.06,556.2,28.54545455,Rabi
32329,coriander,10,20,20,6.36,1026.64,29.18636364,Rabi
86553,maize,80,40,20,5.68,840.46,33.58333333,Kharif
17972,horsegram,20,60,20,5.94,654.34,29.26666667,Rabi
40280,moong,20,40,20,5.5,288.3,25.46,Kharif
54277,moong,20,40,20,5.38,297.66,29.56666667,Summer
13413,rapeseed,50,40,20,5.06,199.2125,21.3,Rabi
5173,rice,80,40,40,5.5,127.68,20.8,Kharif
70236,barley,70,40,45,5.42,169.82,14.6,Rabi
13033,ragi,50,40,20,5.62,1246.715,22.6,Kharif
23381,turmeric,25,60,100,4.88,942.8,28.99454545,Kharif
67622,moong,20,40,20,5.58,113.7,30.26666667,Summer
16803,potato,180,60,90,5.02,689.88,29.03727273,Rabi
95679,maize,80,40,20,5.4,157.31,25.83333333,Summer
35441,sweetpotato,90,20,120,5.12,1111.68,28.64818182,Rabi
5832,wheat,60,30,30,6.7,87.2,23.106,Rabi
80915,potato,180,60,90,5.08,1246.715,22.6,Rabi
35578,potato,180,60,90,4.84,1111.68,28.64818182,Rabi
95188,rice,80,40,40,5.52,1246.715,22.6,Kharif
31192,turmeric,25,60,100,4.9,1501.98,25.81818182,Kharif
67617,rice,80,40,40,5.66,167.38,23.56,Kharif
25250,banana,100,75,50,6.64,2169.32,23.73636364,Whole Year
76163,sweetpotato,90,20,120,5.14,884.5,27.65454545,Kharif
75468,horsegram,20,60,20,6.08,167.38,23.56,Kharif
89907,ragi,50,40,20,5.46,1145.22,28.5,Kharif
26983,sunflower,50,60,30,5.58,199.2125,21.3,Whole Year
58004,rice,80,40,40,5.64,331.88,35.34666667,Kharif
57967,rice,80,40,40,5.58,790.98,30.61666667,Kharif
22602,rice,80,40,40,5.68,510.05,33.37333333,Kharif
47272,rice,80,40,40,5.68,770.44,28.68,Kharif
10254,sunflower,50,60,30,5.42,75.32,22.676,Whole Year
80944,jowar,80,40,40,5.64,1246.715,22.6,Rabi
67312,soyabean,20,60,20,5.44,607.48,26.36666667,Kharif
19878,onion,120,60,65,5.88,1089.6,20.70909091,Kharif
33569,wheat,60,30,30,6.4,41.3,21.704,Rabi
65157,wheat,60,30,30,6.1,240.1,10.38,Rabi
26487,wheat,60,30,30,6.9,15.34,27.276,Rabi
15976,onion,120,60,65,6.18,556.2,28.54545455,Rabi
31605,rice,80,40,40,5.68,654.34,29.26666667,Kharif
18122,rice,80,40,40,5.34,497.88,25.03333333,Kharif
18922,rice,80,40,40,5.38,98.98,34.92333333,Kharif
55626,ragi,50,40,20,5.5,1110.78,25.66666667,Kharif
53731,moong,20,40,20,5.38,510.05,33.37333333,Summer
20573,maize,80,40,20,5.38,1246.715,22.6,Kharif
53717,cotton,120,40,20,5.32,510.05,33.37333333,Kharif
79405,sweetpotato,90,20,120,5.06,87.2,23.106,Kharif
95381,jowar,80,40,40,5.56,199.2125,21.3,Kharif
76074,rice,80,40,40,5.46,1875.6,20.1,Kharif
35614,ladyfinger,80,10,40,6.5,1111.68,28.64818182,Summer
9194,rapeseed,50,40,20,4.96,19.38,22.766,Rabi
14181,coriander,10,20,20,6.68,1111.68,28.64818182,Rabi
46386,tomato,100,40,90,6.0,884.5,27.65454545,Whole Year
39252,wheat,60,30,30,6.12,75.32,22.676,Rabi
14904,rice,80,40,40,5.34,1145.22,28.5,Kharif
84241,jowar,80,40,40,5.4,579.75,34.01,Kharif
53209,rice,80,40,40,5.38,167.38,23.56,Kharif
43989,banana,100,75,50,6.38,1111.68,28.64818182,Whole Year
91122,jowar,80,40,40,5.5,98.94,25.574,Rabi
88580,garlic,50,10,60,5.62,1111.68,28.64818182,Rabi
38753,potato,180,60,90,5.08,689.88,29.03727273,Rabi
98997,wheat,60,30,30,6.12,75.32,22.676,Rabi
31125,potato,180,60,90,4.84,1110.78,25.66666667,Rabi
93690,maize,80,40,20,5.62,87.2,23.106,Kharif
89458,potato,180,60,90,5.04,1050.245,18.77818182,Rabi
49523,sweetpotato,90,20,120,5.04,1026.64,29.18636364,Rabi
76649,rapeseed,50,40,20,5.1,145.76,21.66,Rabi
73663,rice,80,40,40,5.56,157.31,25.83333333,Kharif
88831,onion,120,60,65,6.16,1111.68,28.64818182,Kharif
17933,sunflower,50,60,30,5.64,654.34,29.26666667,Whole Year
37514,rapeseed,50,40,20,4.94,19.38,22.766,Rabi
27507,banana,100,75,50,6.38,2817.86,27.90909091,Whole Year
87411,cotton,120,40,20,5.5,331.88,35.34666667,Kharif
16703,moong,20,40,20,5.32,34.81,34.66666667,Summer
24493,rice,80,40,40,5.42,1166.94,28.33333333,Kharif
18418,potato,180,60,90,5.16,2169.32,23.73636364,Rabi
62090,rice,80,40,40,5.48,579.75,34.01,Kharif
56379,rice,80,40,40,5.66,1712.66,11.2,Kharif
44267,rapeseed,50,40,20,4.9,73.47,23.562,Rabi
37546,potato,180,60,90,5.12,2459.64,15.61818182,Rabi
31025,soyabean,20,60,20,5.58,1110.78,25.66666667,Kharif
11894,onion,120,60,65,5.82,1026.64,29.18636364,Rabi
28019,sweetpotato,90,20,120,4.9,1111.68,28.64818182,Kharif
83786,cotton,120,40,20,5.5,884.5,27.65454545,Kharif
39154,maize,80,40,20,5.66,579.75,34.01,Summer
68891,turmeric,25,60,100,4.98,884.5,27.65454545,Kharif
94854,potato,180,60,90,4.86,664.94,22.03333333,Rabi
42994,banana,100,75,50,6.38,1603.2375,22.89090909,Whole Year
36897,sweetpotato,90,20,120,5.04,1426.3,26.73636364,Rabi
75599,rice,80,40,40,5.64,411.52,34.73,Kharif
43810,soyabean,20,60,20,5.34,1011.49,30.43,Kharif
71818,rice,80,40,40,5.36,840.46,33.58333333,Kharif
83541,coriander,10,20,20,6.58,884.5,27.65454545,Rabi
77479,potato,180,60,90,4.94,75.32,22.676,Rabi
95371,moong,20,40,20,5.32,1246.715,22.6,Summer
36580,garlic,50,10,60,5.34,1426.3,26.73636364,Rabi
95014,wheat,60,30,30,6.6,122.42,18.58,Rabi
74607,moong,20,40,20,5.6,607.48,26.36666667,Kharif
62298,onion,120,60,65,5.82,689.88,29.03727273,Rabi
13659,turmeric,25,60,100,4.86,1111.68,28.64818182,Kharif
44114,jowar,80,40,40,5.4,1011.49,30.43,Kharif
8447,rapeseed,50,40,20,4.86,167.38,23.56,Rabi
94453,rice,80,40,40,5.62,790.98,30.61666667,Kharif
34549,blackpepper,100,60,50,5.06,1603.2375,22.89090909,Whole Year
10062,wheat,60,30,30,6.12,75.32,22.676,Rabi
15057,ragi,50,40,20,5.42,1145.22,28.5,Kharif
53548,coriander,10,20,20,6.44,1426.3,26.73636364,Rabi
33446,cotton,120,40,20,5.46,331.88,35.34666667,Kharif
55572,wheat,60,30,30,6.7,75.32,22.676,Rabi
32902,banana,100,75,50,6.54,1026.64,29.18636364,Whole Year
19732,maize,80,40,20,5.46,331.88,35.34666667,Kharif
97330,moong,20,40,20,5.46,167.38,23.56,Summer
20972,cotton,120,40,20,5.34,1011.49,30.43,Kharif
49627,barley,70,40,45,5.52,87.2,23.106,Rabi
72557,rice,80,40,40,5.66,664.94,22.03333333,Kharif
46519,banana,100,75,50,6.52,884.5,27.65454545,Whole Year
3620,horsegram,20,60,20,5.86,770.44,28.68,Rabi
37636,rice,80,40,40,5.6,297.66,29.56666667,Kharif
19101,rice,80,40,40,5.46,840.46,33.58333333,Kharif
11605,sweetpotato,90,20,120,5.18,2169.32,23.73636364,Kharif
7409,maize,80,40,20,5.32,1011.49,30.43,Kharif
36876,jowar,80,40,40,5.66,1145.22,28.5,Rabi
41796,soyabean,20,60,20,5.68,1151.02,28.03333333,Kharif
50259,barley,70,40,45,5.66,94.02,22.38,Rabi
84856,maize,80,40,20,5.42,579.75,34.01,Kharif
37552,wheat,60,30,30,6.6,140.52,12.5,Rabi
36556,wheat,60,30,30,6.1,70.598,18.92,Rabi
5843,maize,80,40,20,5.62,840.46,33.58333333,Kharif
73689,blackpepper,100,60,50,4.96,1603.2375,22.89090909,Whole Year
22350,rice,80,40,40,5.54,1145.22,28.5,Kharif
6468,coriander,10,20,20,6.68,240.1,10.38,Rabi
16845,maize,80,40,20,5.58,579.75,34.01,Kharif
2132,jowar,80,40,40,5.56,1011.49,30.43,Kharif
45755,turmeric,25,60,100,5.16,1426.3,26.73636364,Kharif
32060,rice,80,40,40,5.64,1543.76,27.33333333,Kharif
94731,potato,180,60,90,4.94,421.14,28.50727273,Rabi
5805,onion,120,60,65,6.18,1026.64,29.18636364,Rabi
57504,moong,20,40,20,5.66,94.02,22.38,Kharif
95030,rapeseed,50,40,20,4.82,199.2125,21.3,Rabi
91383,rapeseed,50,40,20,4.88,75.32,22.676,Rabi
32416,rice,80,40,40,5.34,840.46,33.58333333,Kharif
98641,onion,120,60,65,6.12,75.32,22.676,Kharif
99820,sunflower,50,60,30,5.62,1166.94,28.33333333,Whole Year
80390,soyabean,20,60,20,5.68,664.94,22.03333333,Kharif
87068,rice,80,40,40,5.5,1151.02,28.03333333,Kharif
16357,turmeric,25,60,100,4.86,884.5,27.65454545,Kharif
60649,moong,20,40,20,5.56,113.7,30.26666667,Kharif
20503,moong,20,40,20,5.68,1246.715,22.6,Kharif
43600,cabbage,100,65,70,6.6,1111.68,28.64818182,Rabi
17195,maize,80,40,20,5.52,75.32,22.676,Summer
92304,ragi,50,40,20,5.58,1110.78,25.66666667,Kharif
39788,rapeseed,50,40,20,5.0,152.54,22.28,Rabi
59986,sunflower,50,60,30,5.62,70.11,25.6,Whole Year
47370,moong,20,40,20,5.52,34.81,34.66666667,Summer
19030,onion,120,60,65,5.92,1026.64,29.18636364,Kharif
55341,potato,180,60,90,5.18,75.32,22.676,Rabi
93232,turmeric,25,60,100,4.92,2169.32,23.73636364,Kharif
78221,onion,120,60,65,6.06,288.3,25.46,Rabi
89567,rice,80,40,40,5.58,207.55,26.43333333,Kharif
24370,wheat,60,30,30,6.8,169.82,14.6,Rabi
14254,sweetpotato,90,20,120,4.86,1111.68,28.64818182,Rabi
81104,maize,80,40,20,5.58,157.31,25.83333333,Kharif
2226,maize,80,40,20,5.68,607.48,26.36666667,Kharif
14392,soyabean,20,60,20,5.46,607.48,26.36666667,Kharif
98909,moong,20,40,20,5.6,34.81,34.66666667,Kharif
52298,turmeric,25,60,100,4.84,1111.68,28.64818182,Kharif
61853,maize,80,40,20,5.42,770.44,28.68,Summer
98231,maize,80,40,20,5.56,297.66,29.56666667,Summer
12009,moong,20,40,20,5.38,840.46,33.58333333,Summer
40922,potato,180,60,90,4.9,1026.64,29.18636364,Rabi
70090,cotton,120,40,20,5.36,579.75,34.01,Kharif
23338,turmeric,25,60,100,5.12,942.8,28.99454545,Kharif
46055,cotton,120,40,20,5.52,510.05,33.37333333,Kharif
94984,wheat,60,30,30,6.6,122.42,18.58,Rabi
89379,jowar,80,40,40,5.56,607.48,26.36666667,Rabi
82259,soyabean,20,60,20,5.48,607.48,26.36666667,Kharif
87643,onion,120,60,65,5.86,157.31,25.83333333,Kharif
53256,coriander,10,20,20,6.46,1426.3,26.73636364,Rabi
18571,ragi,50,40,20,5.34,840.46,33.58333333,Kharif
85078,maize,80,40,20,5.56,579.75,34.01,Kharif
71995,potato,180,60,90,4.88,1151.02,28.03333333,Rabi
37330,coriander,10,20,20,6.48,556.2,28.54545455,Rabi
8827,jowar,80,40,40,5.4,510.05,33.37333333,Kharif
66954,rapeseed,50,40,20,4.96,73.47,23.562,Rabi
74468,barley,70,40,45,5.5,73.47,23.562,Rabi
42206,rapeseed,50,40,20,5.06,41.3,21.704,Rabi
35716,wheat,60,30,30,6.11,73.47,23.562,Rabi
49569,jute,80,40,40,5.58,840.46,33.58333333,Kharif
44479,jowar,80,40,40,5.68,607.48,26.36666667,Kharif
28463,maize,80,40,20,5.5,607.48,26.36666667,Kharif
51180,jowar,80,40,40,5.46,1246.715,22.6,Rabi
59614,jowar,80,40,40,5.56,73.47,23.562,Rabi
86901,turmeric,25,60,100,4.84,1299.26,26.51818182,Kharif
30986,barley,70,40,45,5.48,169.82,14.6,Rabi
52303,soyabean,20,60,20,5.54,1011.49,30.43,Kharif
54114,wheat,60,30,30,6.6,140.52,12.5,Rabi
16821,maize,80,40,20,5.42,579.75,34.01,Kharif
87568,rice,80,40,40,5.34,157.31,25.83333333,Kharif
11776,sunflower,50,60,30,5.34,840.46,33.58333333,Whole Year
49292,sweetpotato,90,20,120,5.08,2169.32,23.73636364,Rabi
94411,potato,180,60,90,5.08,810.26,29.95636364,Rabi
55051,garlic,50,10,60,5.44,689.88,29.03727273,Rabi
55335,jowar,80,40,40,5.48,579.75,34.01,Rabi
24165,potato,180,60,90,4.96,689.88,29.03727273,Rabi
24835,moong,20,40,20,5.36,654.34,29.26666667,Kharif
10099,turmeric,25,60,100,4.88,689.88,29.03727273,Kharif
46724,rice,80,40,40,5.36,297.66,29.56666667,Kharif
87346,moong,20,40,20,5.68,790.98,30.61666667,Kharif
3169,cotton,120,40,20,5.48,884.5,27.65454545,Kharif
25896,onion,120,60,65,5.94,1026.64,29.18636364,Kharif
89433,blackpepper,100,60,50,4.98,1050.245,18.77818182,Whole Year
33621,potato,180,60,90,4.9,421.14,28.50727273,Rabi
3001,barley,70,40,45,5.32,19.38,22.766,Rabi
78555,potato,180,60,90,5.1,2169.32,23.73636364,Rabi
59865,jowar,80,40,40,5.38,1011.49,30.43,Rabi
41867,wheat,60,30,30,6.5,15.34,27.276,Rabi
77044,onion,120,60,65,5.9,34.81,34.66666667,Rabi
43710,tomato,100,40,90,6.08,1111.68,28.64818182,Whole Year
81356,turmeric,25,60,100,4.9,2817.86,27.90909091,Kharif
97755,cotton,120,40,20,5.62,510.05,33.37333333,Kharif
96293,rapeseed,50,40,20,4.9,73.47,23.562,Rabi
48578,moong,20,40,20,5.68,152.54,22.28,Kharif
74751,soyabean,20,60,20,5.62,607.48,26.36666667,Kharif
70985,rice,80,40,40,5.58,1543.76,27.33333333,Kharif
55379,wheat,60,30,30,7.0,75.32,22.676,Rabi
34327,jowar,80,40,40,5.68,157.31,25.83333333,Kharif
63687,rapeseed,50,40,20,4.86,127.68,20.8,Rabi
12584,cotton,120,40,20,5.36,331.88,35.34666667,Kharif
65954,maize,80,40,20,5.42,199.2125,21.3,Summer
18694,banana,100,75,50,6.68,1026.64,29.18636364,Whole Year
44745,mango,20,20,30,5.08,714.68,26.45454545,Summer
65055,moong,20,40,20,5.56,331.88,35.34666667,Kharif
71004,rapeseed,50,40,20,4.84,127.68,20.8,Rabi
15272,rapeseed,50,40,20,5.04,167.38,23.56,Rabi
47353,onion,120,60,65,5.92,75.32,22.676,Rabi
32424,wheat,60,30,30,6.1,87.2,23.106,Rabi
99036,onion,120,60,65,6.02,75.32,22.676,Kharif
10271,maize,80,40,20,5.44,34.81,34.66666667,Summer
87996,potato,180,60,90,5.16,199.2125,21.3,Rabi
86879,maize,80,40,20,5.52,98.98,34.92333333,Summer
69466,potato,180,60,90,5.06,75.32,22.676,Rabi
80236,wheat,60,30,30,6.5,41.3,21.704,Rabi
29578,rapeseed,50,40,20,4.96,19.38,22.766,Rabi
25880,potato,180,60,90,5.16,1026.64,29.18636364,Rabi
83319,cotton,120,40,20,5.68,510.05,33.37333333,Kharif
21351,sunflower,50,60,30,5.54,607.48,26.36666667,Whole Year
64415,wheat,60,30,30,6.7,87.2,23.106,Rabi
28921,sunflower,50,60,30,5.64,167.38,23.56,Whole Year
3125,horsegram,20,60,20,5.9,297.66,29.56666667,Rabi
689,maize,80,40,20,5.56,87.2,23.106,Summer
61792,onion,120,60,65,6.12,770.44,28.68,Rabi
53479,jowar,80,40,40,5.46,1145.22,28.5,Kharif
11791,wheat,60,30,30,6.4,87.2,23.106,Rabi
55988,horsegram,20,60,20,5.94,152.54,22.28,Rabi
55538,rapeseed,50,40,20,5.04,75.32,22.676,Rabi
52718,maize,80,40,20,5.42,423.745,22.07,Summer
41403,rice,80,40,40,5.32,87.2,23.106,Kharif
54022,soyabean,20,60,20,5.4,510.05,33.37333333,Kharif
87251,jowar,80,40,40,5.58,15.34,27.276,Rabi
21794,potato,180,60,90,5.18,700.241,22.19090909,Rabi
41233,moong,20,40,20,5.38,840.46,33.58333333,Summer
20376,ragi,50,40,20,5.34,1246.715,22.6,Kharif
78917,banana,100,75,50,6.64,2169.32,23.73636364,Whole Year
31413,soyabean,20,60,20,5.44,654.34,29.26666667,Kharif
28624,cotton,120,40,20,5.64,702.459,27.23333333,Kharif
17372,maize,80,40,20,5.44,75.32,22.676,Summer
1846,blackpepper,100,60,50,5.16,2817.86,27.90909091,Whole Year
71912,coriander,10,20,20,6.64,1299.26,26.51818182,Rabi
66593,moong,20,40,20,5.6,1011.49,30.43,Kharif
53291,ragi,50,40,20,5.62,1145.22,28.5,Kharif
58000,ragi,50,40,20,5.56,790.98,30.61666667,Kharif
13924,rice,80,40,40,5.4,1011.49,30.43,Kharif
7673,barley,70,40,45,5.56,73.47,23.562,Rabi
56954,ragi,50,40,20,5.64,840.46,33.58333333,Kharif
55140,onion,120,60,65,5.92,689.88,29.03727273,Rabi
74145,onion,120,60,65,5.84,1111.68,28.64818182,Rabi
49687,maize,80,40,20,5.42,98.98,34.92333333,Kharif
9315,jowar,80,40,40,5.56,297.66,29.56666667,Rabi
66705,sunflower,50,60,30,5.38,1011.49,30.43,Whole Year
47778,wheat,60,30,30,7.0,75.32,22.676,Rabi
2087,rapeseed,50,40,20,4.98,73.47,23.562,Rabi
43814,wheat,60,30,30,6.6,73.47,23.562,Rabi
41546,potato,180,60,90,4.86,1299.26,26.51818182,Rabi
15440,horsegram,20,60,20,5.94,167.38,23.56,Kharif
64769,coriander,10,20,20,6.66,1299.26,26.51818182,Rabi
55886,rice,80,40,40,5.36,152.54,22.28,Kharif
86523,wheat,60,30,30,6.3,87.2,23.106,Rabi
41827,onion,120,60,65,5.86,1299.26,26.51818182,Kharif
62810,potato,180,60,90,5.12,75.32,22.676,Rabi
62935,horsegram,20,60,20,6.04,1110.78,25.66666667,Rabi
26780,rice,80,40,40,5.64,664.94,22.03333333,Kharif
29619,maize,80,40,20,5.4,510.05,33.37333333,Summer
72081,coriander,10,20,20,6.64,1299.26,26.51818182,Rabi
39835,rice,80,40,40,5.44,1166.94,28.33333333,Kharif
66047,ragi,50,40,20,5.46,1246.715,22.6,Kharif
45405,ragi,50,40,20,5.34,1145.22,28.5,Kharif
29109,coriander,10,20,20,6.64,1426.3,26.73636364,Rabi
25955,potato,180,60,90,4.86,1026.64,29.18636364,Rabi
33101,banana,100,75,50,6.38,1299.26,26.51818182,Whole Year
85070,garlic,50,10,60,5.68,75.32,22.676,Rabi
39275,rapeseed,50,40,20,4.98,75.32,22.676,Rabi
83528,horsegram,20,60,20,5.96,884.5,27.65454545,Kharif
62199,garlic,50,10,60,5.68,689.88,29.03727273,Rabi
49825,potato,180,60,90,5.14,1026.64,29.18636364,Rabi
93406,potato,180,60,90,4.98,2169.32,23.73636364,Rabi
25283,potato,180,60,90,5.0,2169.32,23.73636364,Rabi
49136,onion,120,60,65,5.94,2169.32,23.73636364,Kharif
57787,ragi,50,40,20,5.66,2879.86,27.31666667,Kharif
67794,potato,180,60,90,4.82,167.38,23.56,Rabi
46507,cucumber,60,60,85,6.5,884.5,27.65454545,Summer
94049,rapeseed,50,40,20,5.04,87.2,23.106,Rabi
88606,sweetpotato,90,20,120,5.02,1111.68,28.64818182,Kharif
56451,rice,80,40,40,5.52,497.88,25.03333333,Kharif
22655,soyabean,20,60,20,5.36,510.05,33.37333333,Kharif
21743,soyabean,20,60,20,5.62,235.4251,26.64666667,Kharif
8440,horsegram,20,60,20,6.14,113.7,30.26666667,Rabi
26526,onion,120,60,65,5.96,421.14,28.50727273,Kharif
77029,sunflower,50,60,30,5.6,34.81,34.66666667,Whole Year
41643,onion,120,60,65,6.14,1299.26,26.51818182,Kharif
12649,wheat,60,30,30,6.9,41.3,21.704,Rabi
38042,cucumber,60,60,85,6.48,884.5,27.65454545,Summer
53600,moong,20,40,20,5.64,167.38,23.56,Summer
64563,potato,180,60,90,5.06,1151.02,28.03333333,Rabi
27756,potato,180,60,90,5.18,1111.68,28.64818182,Rabi
38845,rapeseed,50,40,20,5.12,75.32,22.676,Rabi
22771,cotton,120,40,20,5.56,510.05,33.37333333,Kharif
81492,maize,80,40,20,5.68,1011.49,30.43,Kharif
46713,mango,20,20,30,4.98,884.5,27.65454545,Summer
91552,rapeseed,50,40,20,4.86,75.32,22.676,Rabi
75887,maize,80,40,20,5.62,510.05,33.37333333,Summer
30462,rapeseed,50,40,20,5.08,75.32,22.676,Rabi
66450,rice,80,40,40,5.54,1011.49,30.43,Kharif
11823,maize,80,40,20,5.56,87.2,23.106,Summer
95614,ragi,50,40,20,5.54,157.31,25.83333333,Kharif
74762,moong,20,40,20,5.38,607.48,26.36666667,Kharif
63686,moong,20,40,20,5.46,127.68,20.8,Kharif
6598,maize,80,40,20,5.38,199.2125,21.3,Kharif
47666,barley,70,40,45,5.56,75.32,22.676,Rabi
42684,maize,80,40,20,5.44,199.2125,21.3,Kharif
84955,moong,20,40,20,5.58,34.81,34.66666667,Kharif
20865,soyabean,20,60,20,5.6,1011.49,30.43,Kharif
57070,rice,80,40,40,5.52,840.46,33.58333333,Kharif
58533,banana,100,75,50,6.4,1603.2375,22.89090909,Whole Year
35988,rice,80,40,40,5.4,37.09,27.96666667,Kharif
20017,banana,100,75,50,6.6,1603.2375,22.89090909,Whole Year
65804,horsegram,20,60,20,6.04,1246.715,22.6,Kharif
34140,onion,120,60,65,5.82,1603.2375,22.89090909,Kharif
5466,rapeseed,50,40,20,4.96,87.2,23.106,Rabi
16083,moong,20,40,20,5.34,297.66,29.56666667,Summer
57960,wheat,60,30,30,6.3,15.34,27.276,Rabi
39515,horsegram,20,60,20,6.16,1110.78,25.66666667,Kharif
11019,maize,80,40,20,5.54,1166.94,28.33333333,Summer
89523,maize,80,40,20,5.42,235.4251,26.64666667,Kharif
63442,jowar,80,40,40,5.6,288.3,25.46,Rabi
57759,sweetpotato,90,20,120,4.9,1299.26,26.51818182,Rabi
4660,rice,80,40,40,5.46,152.54,22.28,Kharif
23827,barley,70,40,45,5.34,75.32,22.676,Rabi
624,rice,80,40,40,5.52,98.98,34.92333333,Kharif
55727,potato,180,60,90,4.96,1411.78,19.94545455,Rabi
35204,cabbage,100,65,70,6.6,1111.68,28.64818182,Rabi
41131,rice,80,40,40,5.56,98.98,34.92333333,Kharif
32564,rice,80,40,40,5.5,840.46,33.58333333,Kharif
41963,cotton,120,40,20,5.34,790.98,30.61666667,Kharif
76966,wheat,60,30,30,6.12,75.32,22.676,Rabi
11931,maize,80,40,20,5.64,98.98,34.92333333,Kharif
33448,maize,80,40,20,5.44,331.88,35.34666667,Kharif
39928,rice,80,40,40,5.66,152.54,22.28,Kharif
1830,blackpepper,100,60,50,5.04,2817.86,27.90909091,Whole Year
84847,rice,80,40,40,5.44,579.75,34.01,Kharif
7751,moong,20,40,20,5.5,607.48,26.36666667,Kharif
35347,brinjal,80,15,40,6.34,1111.68,28.64818182,Whole Year
95212,ragi,50,40,20,5.58,1246.715,22.6,Kharif
74613,sunflower,50,60,30,5.36,70.11,25.6,Whole Year
24882,ragi,50,40,20,5.36,654.34,29.26666667,Kharif
34481,sunflower,50,60,30,5.38,1246.715,22.6,Whole Year
20584,sunflower,50,60,30,5.44,199.2125,21.3,Whole Year
75690,wheat,60,30,30,6.9,19.38,22.766,Rabi
53174,ragi,50,40,20,5.62,113.7,30.26666667,Kharif
66015,cotton,120,40,20,5.42,1603.2375,22.89090909,Kharif
96494,cotton,120,40,20,5.64,1011.49,30.43,Kharif
99108,potato,180,60,90,4.92,75.32,22.676,Rabi
91533,potato,180,60,90,4.92,75.32,22.676,Rabi
33781,rice,80,40,40,5.62,516.68,27.86666667,Kharif
68044,wheat,60,30,30,6.7,66.52,20.312,Rabi
54121,rice,80,40,40,5.56,297.66,29.56666667,Kharif
81626,onion,120,60,65,6.08,1111.68,28.64818182,Kharif
40993,rice,80,40,40,5.46,840.46,33.58333333,Kharif
75522,moong,20,40,20,5.36,113.7,30.26666667,Kharif
4097,wheat,60,30,30,6.6,75.32,22.676,Rabi
18386,banana,100,75,50,6.64,2169.32,23.73636364,Whole Year
45230,barley,70,40,45,5.58,70.598,18.92,Rabi
54914,barley,70,40,45,5.44,75.32,22.676,Rabi
89021,jowar,80,40,40,5.52,1011.49,30.43,Rabi
38539,turmeric,25,60,100,5.06,942.8,28.99454545,Kharif
70297,onion,120,60,65,6.06,1411.78,19.94545455,Rabi
83503,wheat,60,30,30,6.8,140.52,12.5,Rabi
65013,cotton,120,40,20,5.4,331.88,35.34666667,Kharif
27733,wheat,60,30,30,6.6,73.47,23.562,Rabi
93080,wheat,60,30,30,6.4,241.78,1.18,Rabi
75982,wheat,60,30,30,6.5,19.38,22.766,Rabi
8953,potato,180,60,90,5.0,556.2,28.54545455,Rabi
4124,rapeseed,50,40,20,4.86,75.32,22.676,Rabi
94806,coriander,10,20,20,6.48,240.1,10.38,Rabi
62043,sweetpotato,90,20,120,5.16,689.88,29.03727273,Rabi
27795,rapeseed,50,40,20,4.82,73.47,23.562,Rabi
91861,garlic,50,10,60,5.56,75.32,22.676,Rabi
84308,onion,120,60,65,5.9,75.32,22.676,Kharif
90883,moong,20,40,20,5.44,884.5,27.65454545,Kharif
82100,cotton,120,40,20,5.32,607.48,26.36666667,Kharif
45521,coriander,10,20,20,6.5,1426.3,26.73636364,Rabi
28861,rice,80,40,40,5.46,1145.22,28.5,Kharif
69405,onion,120,60,65,6.18,75.32,22.676,Kharif
42140,potato,180,60,90,5.02,421.14,28.50727273,Rabi
9129,moong,20,40,20,5.38,510.05,33.37333333,Summer
34015,jowar,80,40,40,5.5,199.2125,21.3,Kharif
86473,moong,20,40,20,5.56,98.98,34.92333333,Summer
5660,sunflower,50,60,30,5.36,840.46,33.58333333,Whole Year
12173,coriander,10,20,20,6.44,1026.64,29.18636364,Rabi
98200,cotton,120,40,20,5.38,297.66,29.56666667,Kharif
84962,sweetpotato,90,20,120,5.12,579.75,34.01,Kharif
39692,moong,20,40,20,5.52,182.5,29.2,Kharif
68330,wheat,60,30,30,6.11,19.38,22.766,Rabi
66792,jowar,80,40,40,5.46,1011.49,30.43,Kharif
89019,sweetpotato,90,20,120,4.96,1111.68,28.64818182,Kharif
99246,barley,70,40,45,5.54,75.32,22.676,Rabi
72297,wheat,60,30,30,6.1,15.34,27.276,Rabi
8999,jowar,80,40,40,5.4,510.05,33.37333333,Rabi
99197,barley,70,40,45,5.48,75.32,22.676,Rabi
32044,jute,80,40,40,5.62,1543.76,27.33333333,Kharif
99430,turmeric,25,60,100,5.18,1411.78,19.94545455,Kharif
68540,sunflower,50,60,30,5.36,884.5,27.65454545,Whole Year
8943,moong,20,40,20,5.32,510.05,33.37333333,Summer
99417,horsegram,20,60,20,5.88,1110.78,25.66666667,Rabi
90431,wheat,60,30,30,6.5,19.38,22.766,Rabi
72011,moong,20,40,20,5.58,1151.02,28.03333333,Kharif
16153,horsegram,20,60,20,6.18,297.66,29.56666667,Rabi
75779,onion,120,60,65,6.04,556.2,28.54545455,Kharif
70163,wheat,60,30,30,6.12,75.32,22.676,Rabi
79447,jowar,80,40,40,5.62,840.46,33.58333333,Kharif
23155,blackpepper,100,60,50,4.82,884.5,27.65454545,Whole Year
10667,sunflower,50,60,30,5.48,75.32,22.676,Whole Year
46410,pumpkin,80,50,30,5.58,884.5,27.65454545,Kharif
70107,banana,100,75,50,6.52,689.88,29.03727273,Whole Year
66767,soyabean,20,60,20,5.42,1011.49,30.43,Kharif
33670,turmeric,25,60,100,5.02,1098.26,15.5,Kharif
38812,barley,70,40,45,5.62,75.32,22.676,Rabi
3396,cotton,120,40,20,5.5,884.5,27.65454545,Kharif
58463,wheat,60,30,30,6.11,122.42,18.58,Rabi
54660,coriander,10,20,20,6.46,942.8,28.99454545,Rabi
27336,jowar,80,40,40,5.32,199.2125,21.3,Rabi
56551,rice,80,40,40,5.42,127.68,20.8,Kharif
9749,horsegram,20,60,20,6.16,770.44,28.68,Kharif
11686,banana,100,75,50,6.4,1026.64,29.18636364,Whole Year
35528,wheat,60,30,30,6.12,73.47,23.562,Rabi
64845,cotton,120,40,20,5.68,790.98,30.61666667,Kharif
44559,jowar,80,40,40,5.6,70.11,25.6,Kharif
84079,onion,120,60,65,5.98,98.94,25.574,Rabi
67776,wheat,60,30,30,6.3,113.7,30.26666667,Rabi
41551,maize,80,40,20,5.38,1151.02,28.03333333,Kharif
60884,rice,80,40,40,5.6,411.52,34.73,Kharif
69410,rice,80,40,40,5.48,34.81,34.66666667,Kharif
55227,potato,180,60,90,5.1,75.32,22.676,Rabi
85480,wheat,60,30,30,6.12,152.54,22.28,Rabi
11449,wheat,60,30,30,6.3,127.68,20.8,Rabi
52899,maize,80,40,20,5.48,207.55,26.43333333,Summer
8586,maize,80,40,20,5.5,1145.22,28.5,Kharif
9985,potato,180,60,90,5.08,689.88,29.03727273,Rabi
25330,potato,180,60,90,4.86,2169.32,23.73636364,Rabi
91842,sweetpotato,90,20,120,5.0,579.75,34.01,Kharif
19027,banana,100,75,50,6.54,1026.64,29.18636364,Whole Year
11295,maize,80,40,20,5.54,1712.66,11.2,Kharif
63592,potato,180,60,90,5.12,2569.52,4.9,Rabi
86388,rice,80,40,40,5.4,497.88,25.03333333,Kharif
45860,barley,70,40,45,5.34,19.38,22.766,Rabi
9406,blackpepper,100,60,50,4.86,884.5,27.65454545,Whole Year
17313,maize,80,40,20,5.42,75.32,22.676,Kharif
30738,maize,80,40,20,5.5,579.75,34.01,Kharif
14042,rapeseed,50,40,20,5.04,73.47,23.562,Rabi
63299,sweetpotato,90,20,120,5.02,1037.32,28.08181818,Kharif
9298,jowar,80,40,40,5.62,297.66,29.56666667,Kharif
81679,wheat,60,30,30,6.1,73.47,23.562,Rabi
14277,soyabean,20,60,20,5.58,607.48,26.36666667,Kharif
21745,rapeseed,50,40,20,4.86,85.24316,21.482,Rabi
11499,sweetpotato,90,20,120,5.1,2169.32,23.73636364,Kharif
1155,coriander,10,20,20,6.36,1026.64,29.18636364,Rabi
97093,rapeseed,50,40,20,4.86,70.598,18.92,Rabi
19078,ragi,50,40,20,5.66,840.46,33.58333333,Kharif
95463,maize,80,40,20,5.54,199.2125,21.3,Summer
32325,rapeseed,50,40,20,4.92,87.2,23.106,Rabi
11887,moong,20,40,20,5.42,87.2,23.106,Kharif
41406,jute,80,40,40,5.34,840.46,33.58333333,Kharif
45816,sunflower,50,60,30,5.68,66.52,20.312,Whole Year
88625,garlic,50,10,60,5.36,1111.68,28.64818182,Rabi
35928,maize,80,40,20,5.42,70.11,25.6,Summer
96230,soyabean,20,60,20,5.48,1011.49,30.43,Kharif
64378,sunflower,50,60,30,5.36,87.2,23.106,Whole Year
66825,jute,80,40,40,5.42,1011.49,30.43,Kharif
67100,jowar,80,40,40,5.46,70.11,25.6,Kharif
14778,sunflower,50,60,30,5.58,70.598,18.92,Whole Year
99332,rice,80,40,40,5.44,579.75,34.01,Kharif
67343,banana,100,75,50,6.52,143.023456,29.6,Whole Year
81413,coriander,10,20,20,6.58,1111.68,28.64818182,Rabi
50219,moong,20,40,20,5.52,94.02,22.38,Kharif
77134,rice,80,40,40,5.42,579.75,34.01,Kharif
54901,rice,80,40,40,5.66,579.75,34.01,Kharif
87859,horsegram,20,60,20,5.9,1246.715,22.6,Kharif
37172,jowar,80,40,40,5.54,510.05,33.37333333,Kharif
76059,barley,70,40,45,5.4,19.38,22.766,Rabi
4863,horsegram,20,60,20,6.0,654.34,29.26666667,Rabi
91796,rapeseed,50,40,20,5.12,75.32,22.676,Rabi
84908,moong,20,40,20,5.62,579.75,34.01,Kharif
9026,maize,80,40,20,5.44,510.05,33.37333333,Kharif
43772,soyabean,20,60,20,5.38,1011.49,30.43,Kharif
91550,onion,120,60,65,5.86,75.32,22.676,Kharif
21759,rapeseed,50,40,20,5.08,85.24316,21.482,Rabi
70005,potato,180,60,90,4.96,75.32,22.676,Rabi
56267,horsegram,20,60,20,6.16,654.34,29.26666667,Rabi
82110,wheat,60,30,30,6.12,70.11,25.6,Rabi
81126,banana,100,75,50,6.38,1603.2375,22.89090909,Whole Year
51190,maize,80,40,20,5.38,199.2125,21.3,Kharif
80026,wheat,60,30,30,6.3,15.34,27.276,Rabi
81655,garlic,50,10,60,5.4,1111.68,28.64818182,Rabi
87339,jowar,80,40,40,5.6,790.98,30.61666667,Rabi
47959,onion,120,60,65,5.9,34.81,34.66666667,Kharif
38068,pineapple,160,40,120,6.68,884.5,27.65454545,Whole Year
82792,moong,20,40,20,5.64,167.38,23.56,Summer
31198,maize,80,40,20,5.62,1166.94,28.33333333,Kharif
59978,sunflower,50,60,30,5.48,70.11,25.6,Whole Year
96298,onion,120,60,65,6.06,1111.68,28.64818182,Rabi
26139,sunflower,50,60,30,5.54,1151.02,28.03333333,Whole Year
239,sunflower,50,60,30,5.34,1712.66,11.2,Whole Year
64704,moong,20,40,20,5.54,94.02,22.38,Kharif
86670,maize,80,40,20,5.36,840.46,33.58333333,Summer
84825,coriander,10,20,20,6.32,75.32,22.676,Rabi
98560,rice,80,40,40,5.66,579.75,34.01,Kharif
47392,barley,70,40,45,5.44,75.32,22.676,Rabi
38778,jowar,80,40,40,5.54,579.75,34.01,Kharif
86898,coriander,10,20,20,6.48,1299.26,26.51818182,Rabi
19185,rice,80,40,40,5.32,1151.02,28.03333333,Kharif
43685,sweetpotato,90,20,120,4.96,1111.68,28.64818182,Rabi
40589,orange,20,10,10,4.04,2169.32,23.73636364,Whole Year
79756,banana,100,75,50,6.64,1299.26,26.51818182,Whole Year
44680,jowar,80,40,40,5.54,607.48,26.36666667,Kharif
61754,jowar,80,40,40,5.38,297.66,29.56666667,Kharif
96271,moong,20,40,20,5.48,1011.49,30.43,Summer
11657,jute,80,40,40,5.36,1543.76,27.33333333,Kharif
45265,jute,80,40,40,5.34,207.55,26.43333333,Kharif
7808,jowar,80,40,40,5.4,70.11,25.6,Kharif
23629,rice,80,40,40,5.42,579.75,34.01,Kharif
6939,garlic,50,10,60,5.44,1603.2375,22.89090909,Rabi
18853,barley,70,40,45,5.38,87.2,23.106,Rabi
69189,potato,180,60,90,5.06,75.32,22.676,Rabi
5012,maize,80,40,20,5.54,288.3,25.46,Summer
2316,ragi,50,40,20,5.46,607.48,26.36666667,Kharif
29110,garlic,50,10,60,5.68,1426.3,26.73636364,Rabi
25521,rice,80,40,40,5.46,840.46,33.58333333,Kharif
96516,jowar,80,40,40,5.52,73.47,23.562,Rabi
18553,rice,80,40,40,5.56,840.46,33.58333333,Kharif
26002,barley,70,40,45,5.36,87.2,23.106,Rabi
86843,rice,80,40,40,5.36,87.2,23.106,Kharif
29091,sunflower,50,60,30,5.48,167.38,23.56,Whole Year
90229,onion,120,60,65,6.14,556.2,28.54545455,Rabi
67490,maize,80,40,20,5.68,85.24316,21.482,Summer
8613,ragi,50,40,20,5.52,167.38,23.56,Kharif
29993,rice,80,40,40,5.44,297.66,29.56666667,Kharif
90972,cotton,120,40,20,5.46,884.5,27.65454545,Kharif
524,jute,80,40,40,5.58,1543.76,27.33333333,Kharif
12355,moong,20,40,20,5.54,790.98,30.61666667,Kharif
50783,maize,80,40,20,5.48,976.06,25.66666667,Kharif
72193,onion,120,60,65,5.88,1299.26,26.51818182,Kharif
24586,maize,80,40,20,5.42,1166.94,28.33333333,Kharif
34081,banana,100,75,50,6.38,1603.2375,22.89090909,Whole Year
44399,tomato,100,40,90,6.18,1111.68,28.64818182,Whole Year
30397,moong,20,40,20,5.32,75.32,22.676,Summer
53042,rice,80,40,40,5.56,1145.22,28.5,Kharif
29498,rapeseed,50,40,20,5.1,19.38,22.766,Rabi
14777,rapeseed,50,40,20,5.12,70.598,18.92,Rabi
80538,turmeric,25,60,100,5.16,1603.2375,22.89090909,Kharif
25400,moong,20,40,20,5.68,840.46,33.58333333,Kharif
62183,rapeseed,50,40,20,5.08,75.32,22.676,Rabi
4088,jowar,80,40,40,5.44,579.75,34.01,Kharif
98747,moong,20,40,20,5.32,34.81,34.66666667,Kharif
94969,onion,120,60,65,5.92,122.42,18.58,Rabi
44366,rapeseed,50,40,20,5.12,73.47,23.562,Rabi
87567,onion,120,60,65,6.04,157.31,25.83333333,Rabi
65659,onion,120,60,65,6.04,1603.2375,22.89090909,Kharif
63991,turmeric,25,60,100,5.06,2169.32,23.73636364,Kharif
30890,potato,180,60,90,4.86,689.88,29.03727273,Rabi
1978,maize,80,40,20,5.44,1011.49,30.43,Summer
13954,rice,80,40,40,5.52,1011.49,30.43,Kharif
33882,rice,80,40,40,5.34,976.06,25.66666667,Kharif
9084,potato,180,60,90,5.16,556.2,28.54545455,Rabi
47274,sunflower,50,60,30,5.54,770.44,28.68,Whole Year
92640,rice,80,40,40,5.44,1166.94,28.33333333,Kharif
44167,garlic,50,10,60,5.64,1111.68,28.64818182,Rabi
54992,sunflower,50,60,30,5.36,34.81,34.66666667,Whole Year
54925,soyabean,20,60,20,5.64,579.75,34.01,Kharif
89212,jowar,80,40,40,5.68,70.11,25.6,Rabi
27185,moong,20,40,20,5.64,1246.715,22.6,Summer
1285,jowar,80,40,40,5.38,15.34,27.276,Rabi
3025,cotton,120,40,20,5.52,510.05,33.37333333,Kharif
76146,banana,100,75,50,6.4,884.5,27.65454545,Whole Year
36953,turmeric,25,60,100,5.16,1426.3,26.73636364,Kharif
75331,maize,80,40,20,5.42,113.7,30.26666667,Summer
96716,maize,80,40,20,5.38,607.48,26.36666667,Kharif
22176,turmeric,25,60,100,5.18,1426.3,26.73636364,Kharif
52267,wheat,60,30,30,6.4,73.47,23.562,Rabi
55170,wheat,60,30,30,6.9,75.32,22.676,Rabi
55861,jute,80,40,40,5.44,1166.94,28.33333333,Kharif
29896,cotton,120,40,20,5.32,297.66,29.56666667,Kharif
21325,moong,20,40,20,5.34,607.48,26.36666667,Kharif
79381,potato,180,60,90,4.9,840.46,33.58333333,Rabi
13826,rapeseed,50,40,20,4.98,73.47,23.562,Rabi
74595,sunflower,50,60,30,5.6,607.48,26.36666667,Whole Year
15463,maize,80,40,20,5.34,167.38,23.56,Summer
15901,barley,70,40,45,5.34,19.38,22.766,Rabi
87057,wheat,60,30,30,6.8,94.02,22.38,Rabi
42638,banana,100,75,50,6.38,1603.2375,22.89090909,Whole Year
10403,rice,80,40,40,5.58,579.75,34.01,Kharif
87256,cotton,120,40,20,5.44,790.98,30.61666667,Kharif
28583,moong,20,40,20,5.68,607.48,26.36666667,Summer
1121,maize,80,40,20,5.68,840.46,33.58333333,Kharif
35975,soyabean,20,60,20,5.38,607.48,26.36666667,Kharif
45137,potato,180,60,90,5.02,1050.245,18.77818182,Rabi
91212,rapeseed,50,40,20,5.08,145.76,21.66,Rabi
94380,onion,120,60,65,5.98,810.26,29.95636364,Rabi
2667,potato,180,60,90,5.14,1426.3,26.73636364,Rabi
16517,horsegram,20,60,20,6.04,98.94,25.574,Kharif
24800,ragi,50,40,20,5.32,288.3,25.46,Kharif
79338,maize,80,40,20,5.66,98.98,34.92333333,Summer
1842,blackpepper,100,60,50,5.16,2817.86,27.90909091,Whole Year
50266,onion,120,60,65,5.82,1299.26,26.51818182,Kharif
72291,garlic,50,10,60,5.42,810.26,29.95636364,Rabi
20041,maize,80,40,20,5.44,157.31,25.83333333,Summer
38326,papaya,50,50,50,6.06,884.5,27.65454545,Whole Year
44539,tomato,100,40,90,6.1,714.68,26.45454545,Whole Year
84457,moong,20,40,20,5.6,34.81,34.66666667,Kharif
34733,cardamom,75,75,150,5.04,2817.86,27.90909091,Kharif
10656,wheat,60,30,30,6.5,75.32,22.676,Rabi
2623,ragi,50,40,20,5.68,1145.22,28.5,Kharif
21926,wheat,60,30,30,6.9,167.38,23.56,Rabi
70814,sweetpotato,90,20,120,4.96,2169.32,23.73636364,Kharif
24289,onion,120,60,65,5.98,1411.78,19.94545455,Kharif
15618,soyabean,20,60,20,5.34,510.05,33.37333333,Kharif
9816,cotton,120,40,20,5.52,770.44,28.68,Kharif
16367,rapeseed,50,40,20,5.06,446.14,25.44,Rabi
91835,sunflower,50,60,30,5.58,34.81,34.66666667,Whole Year
44481,moong,20,40,20,5.52,607.48,26.36666667,Summer
83269,soyabean,20,60,20,5.66,510.05,33.37333333,Kharif
57195,sweetpotato,90,20,120,4.9,1026.64,29.18636364,Kharif
94382,jowar,80,40,40,5.62,790.98,30.61666667,Kharif
40811,sweetpotato,90,20,120,4.98,2169.32,23.73636364,Kharif
80796,maize,80,40,20,5.5,1246.715,22.6,Kharif
80295,potato,180,60,90,5.02,240.1,10.38,Rabi
29454,moong,20,40,20,5.66,510.05,33.37333333,Summer
45029,cauliflower,80,70,50,6.46,1350.025,26.01818182,Rabi
95350,maize,80,40,20,5.36,199.2125,21.3,Kharif
12401,wheat,60,30,30,6.12,15.34,27.276,Rabi
21982,sweetpotato,90,20,120,5.1,1426.3,26.73636364,Kharif
45550,maize,80,40,20,5.58,167.38,23.56,Kharif
437,maize,80,40,20,5.62,1543.76,27.33333333,Summer
79337,wheat,60,30,30,6.6,87.2,23.106,Rabi
35593,cabbage,100,65,70,6.46,1111.68,28.64818182,Rabi
22739,moong,20,40,20,5.42,510.05,33.37333333,Summer
31855,turmeric,25,60,100,4.86,2569.52,4.9,Kharif
71949,sweetpotato,90,20,120,4.98,1299.26,26.51818182,Kharif
13337,ragi,50,40,20,5.34,199.2125,21.3,Kharif
63161,potato,180,60,90,5.16,1501.98,25.81818182,Rabi
60505,potato,180,60,90,5.12,167.38,23.56,Rabi
85162,horsegram,20,60,20,6.1,1110.78,25.66666667,Kharif
52304,barley,70,40,45,5.4,73.47,23.562,Rabi
67464,rice,80,40,40,5.54,85.24316,21.482,Kharif
72806,cotton,120,40,20,5.54,516.68,27.86666667,Kharif
62250,maize,80,40,20,5.4,579.75,34.01,Kharif
29848,cotton,120,40,20,5.42,297.66,29.56666667,Kharif
94501,moong,20,40,20,5.46,3.94,33.76333333,Summer
89880,rapeseed,50,40,20,4.88,167.38,23.56,Rabi
78995,turmeric,25,60,100,4.96,1026.64,29.18636364,Kharif
52778,sweetpotato,90,20,120,5.06,1050.245,18.77818182,Rabi
36871,onion,120,60,65,6.0,1426.3,26.73636364,Kharif
10720,wheat,60,30,30,6.9,75.32,22.676,Rabi
91204,wheat,60,30,30,6.3,145.76,21.66,Rabi
37502,onion,120,60,65,6.08,556.2,28.54545455,Rabi
92307,soyabean,20,60,20,5.32,1110.78,25.66666667,Kharif
17454,jute,80,40,40,5.62,1166.94,28.33333333,Kharif
91764,garlic,50,10,60,5.5,75.32,22.676,Rabi
23239,banana,100,75,50,6.48,884.5,27.65454545,Whole Year
83396,coriander,10,20,20,6.38,556.2,28.54545455,Rabi
86003,rice,80,40,40,5.5,497.88,25.03333333,Kharif
95304,jowar,80,40,40,5.56,199.2125,21.3,Rabi
70575,rapeseed,50,40,20,5.0,152.54,22.28,Rabi
81138,rice,80,40,40,5.44,1246.715,22.6,Kharif
57783,rice,80,40,40,5.38,168.257,28.22333333,Kharif
13716,turmeric,25,60,100,4.98,1111.68,28.64818182,Kharif
67479,maize,80,40,20,5.68,85.24316,21.482,Kharif
6676,horsegram,20,60,20,5.86,199.2125,21.3,Kharif
40951,maize,80,40,20,5.58,87.2,23.106,Kharif
20960,jowar,80,40,40,5.32,1011.49,30.43,Rabi
54746,banana,100,75,50,6.46,942.8,28.99454545,Whole Year
47110,onion,120,60,65,6.12,98.94,25.574,Rabi
75636,wheat,60,30,30,6.4,66.52,20.312,Rabi
30631,rapeseed,50,40,20,4.88,75.32,22.676,Rabi
21945,onion,120,60,65,5.92,1426.3,26.73636364,Kharif
29043,ragi,50,40,20,5.62,1145.22,28.5,Kharif
14224,potato,180,60,90,5.1,1111.68,28.64818182,Rabi
97623,moong,20,40,20,5.5,411.52,34.73,Summer
90637,banana,100,75,50,6.46,884.5,27.65454545,Whole Year
90100,coriander,10,20,20,6.34,10.265748,25.76,Rabi
92066,wheat,60,30,30,6.3,75.32,22.676,Rabi
16234,sunflower,50,60,30,5.62,297.66,29.56666667,Whole Year
99366,sweetpotato,90,20,120,5.06,579.75,34.01,Kharif
39192,moong,20,40,20,5.62,34.81,34.66666667,Kharif
81562,rice,80,40,40,5.42,1011.49,30.43,Kharif
44805,rice,80,40,40,5.62,37.09,27.96666667,Kharif
69792,rapeseed,50,40,20,5.16,75.32,22.676,Rabi
36921,onion,120,60,65,6.16,1426.3,26.73636364,Kharif
95150,ragi,50,40,20,5.44,157.31,25.83333333,Kharif
19978,moong,20,40,20,5.48,199.2125,21.3,Kharif
35043,jowar,80,40,40,5.38,1011.49,30.43,Rabi
94373,cotton,120,40,20,5.42,790.98,30.61666667,Kharif
38595,mango,20,20,30,4.9,942.8,28.99454545,Summer
35020,potato,180,60,90,5.14,1111.68,28.64818182,Rabi
66869,coriander,10,20,20,6.5,1111.68,28.64818182,Rabi
23200,ragi,50,40,20,5.32,297.66,29.56666667,Kharif
88423,potato,180,60,90,4.94,1111.68,28.64818182,Rabi
42041,maize,80,40,20,5.68,331.88,35.34666667,Kharif
71430,maize,80,40,20,5.42,98.98,34.92333333,Summer
86304,rice,80,40,40,5.52,497.88,25.03333333,Kharif
64646,horsegram,20,60,20,5.86,1151.02,28.03333333,Rabi
18598,maize,80,40,20,5.44,98.98,34.92333333,Summer
28316,maize,80,40,20,5.5,607.48,26.36666667,Summer
75115,maize,80,40,20,5.32,207.55,26.43333333,Kharif
12400,rapeseed,50,40,20,4.96,15.34,27.276,Rabi
17149,moong,20,40,20,5.36,34.81,34.66666667,Kharif
90455,coriander,10,20,20,6.54,556.2,28.54545455,Rabi
73095,soyabean,20,60,20,5.42,1246.715,22.6,Kharif
92482,rice,80,40,40,5.54,152.54,22.28,Kharif
87520,ragi,50,40,20,5.68,1246.715,22.6,Kharif
72896,onion,120,60,65,5.86,122.42,18.58,Kharif
39269,jowar,80,40,40,5.46,579.75,34.01,Rabi
7363,banana,100,75,50,6.66,2817.86,27.90909091,Whole Year
47900,moong,20,40,20,5.38,34.81,34.66666667,Kharif
98220,cotton,120,40,20,5.66,297.66,29.56666667,Kharif
95400,jowar,80,40,40,5.6,1246.715,22.6,Kharif
82813,moong,20,40,20,5.42,1145.22,28.5,Kharif
27334,sunflower,50,60,30,5.48,1246.715,22.6,Whole Year
79798,sunflower,50,60,30,5.52,1151.02,28.03333333,Whole Year
72979,potato,180,60,90,4.86,122.42,18.58,Rabi
46370,sunflower,50,60,30,5.54,297.66,29.56666667,Whole Year
27169,wheat,60,30,30,6.11,199.2125,21.3,Rabi
27028,rapeseed,50,40,20,4.9,199.2125,21.3,Rabi
39111,maize,80,40,20,5.5,579.75,34.01,Kharif
2758,maize,80,40,20,5.6,1145.22,28.5,Kharif
70827,banana,100,75,50,6.38,2169.32,23.73636364,Whole Year
48159,rapeseed,50,40,20,4.84,75.32,22.676,Rabi
12986,sunflower,50,60,30,5.52,1246.715,22.6,Whole Year
12585,jowar,80,40,40,5.4,331.88,35.34666667,Kharif
59107,banana,100,75,50,6.46,1603.2375,22.89090909,Whole Year
49685,rapeseed,50,40,20,4.82,87.2,23.106,Rabi
17486,horsegram,20,60,20,6.02,152.54,22.28,Rabi
75554,moong,20,40,20,5.68,113.7,30.26666667,Kharif
58674,rice,80,40,40,5.34,1246.715,22.6,Kharif
59590,potato,180,60,90,4.88,1111.68,28.64818182,Rabi
64254,rice,80,40,40,5.64,87.2,23.106,Kharif
68528,banana,100,75,50,6.54,884.5,27.65454545,Whole Year
27316,horsegram,20,60,20,5.9,199.2125,21.3,Kharif
93347,moong,20,40,20,5.56,127.68,20.8,Summer
59176,maize,80,40,20,5.32,157.31,25.83333333,Kharif
7953,wheat,60,30,30,6.3,70.11,25.6,Rabi
12351,onion,120,60,65,5.86,810.26,29.95636364,Rabi
95477,cardamom,75,75,150,5.0,1603.2375,22.89090909,Kharif
88927,sweetpotato,90,20,120,4.94,1111.68,28.64818182,Kharif
99785,sunflower,50,60,30,5.44,1166.94,28.33333333,Whole Year
26488,onion,120,60,65,5.88,810.26,29.95636364,Rabi
68713,horsegram,20,60,20,6.16,884.5,27.65454545,Kharif
23491,potato,180,60,90,5.04,1778.88,24.60909091,Rabi
82069,cotton,120,40,20,5.66,607.48,26.36666667,Kharif
64115,wheat,60,30,30,6.6,87.2,23.106,Rabi
55981,rice,80,40,40,5.62,1166.94,28.33333333,Kharif
66364,potato,180,60,90,5.08,1111.68,28.64818182,Rabi
50501,sunflower,50,60,30,5.36,41.3,21.704,Whole Year
31835,potato,180,60,90,4.9,2569.52,4.9,Rabi
65413,rapeseed,50,40,20,4.92,122.42,18.58,Rabi
36878,moong,20,40,20,5.42,1145.22,28.5,Summer
58183,maize,80,40,20,5.58,664.94,22.03333333,Kharif
74407,rice,80,40,40,5.32,1011.49,30.43,Kharif
68200,soyabean,20,60,20,5.62,510.05,33.37333333,Kharif
52223,rapeseed,50,40,20,5.06,73.47,23.562,Rabi
71634,rice,80,40,40,5.56,840.46,33.58333333,Kharif
19291,soyabean,20,60,20,5.56,1151.02,28.03333333,Kharif
36074,maize,80,40,20,5.54,607.48,26.36666667,Summer
63892,potato,180,60,90,5.16,2169.32,23.73636364,Rabi
14154,onion,120,60,65,6.06,1111.68,28.64818182,Kharif
75213,rapeseed,50,40,20,4.84,167.38,23.56,Rabi
40620,onion,120,60,65,6.0,2169.32,23.73636364,Rabi
24164,wheat,60,30,30,6.9,75.32,22.676,Rabi
61089,jowar,80,40,40,5.38,510.05,33.37333333,Rabi
72037,onion,120,60,65,6.12,1299.26,26.51818182,Rabi
51830,onion,120,60,65,5.88,1111.68,28.64818182,Kharif
92395,soyabean,20,60,20,5.36,1110.78,25.66666667,Kharif
96484,barley,70,40,45,5.5,73.47,23.562,Rabi
2971,rapeseed,50,40,20,5.06,19.38,22.766,Rabi
99160,cotton,120,40,20,5.44,579.75,34.01,Kharif
6095,potato,180,60,90,5.02,1026.64,29.18636364,Rabi
66032,ragi,50,40,20,5.5,157.31,25.83333333,Kharif
18960,wheat,60,30,30,6.11,87.2,23.106,Rabi
28144,banana,100,75,50,6.32,1111.68,28.64818182,Whole Year
80917,rice,80,40,40,5.6,1246.715,22.6,Kharif
41896,cotton,120,40,20,5.54,790.98,30.61666667,Kharif
76667,rapeseed,50,40,20,4.86,145.76,21.66,Rabi
19273,soyabean,20,60,20,5.52,1151.02,28.03333333,Kharif
47115,brinjal,80,15,40,6.44,942.8,28.99454545,Whole Year
6009,maize,80,40,20,5.38,98.98,34.92333333,Summer
46307,soyabean,20,60,20,5.48,1875.6,20.1,Kharif
6253,rapeseed,50,40,20,4.88,15.34,27.276,Rabi
66312,rice,80,40,40,5.36,1011.49,30.43,Kharif
6298,moong,20,40,20,5.42,790.98,30.61666667,Kharif
27305,maize,80,40,20,5.32,157.31,25.83333333,Kharif
98209,maize,80,40,20,5.58,297.66,29.56666667,Kharif
15249,horsegram,20,60,20,5.84,167.38,23.56,Kharif
78205,sweetpotato,90,20,120,4.98,1037.32,28.08181818,Kharif
35291,potato,180,60,90,5.08,1111.68,28.64818182,Rabi
25884,jute,80,40,40,5.66,840.46,33.58333333,Kharif
39921,wheat,60,30,30,6.5,152.54,22.28,Rabi
86594,rice,80,40,40,5.5,87.2,23.106,Kharif
57742,jowar,80,40,40,5.46,1151.02,28.03333333,Rabi
42672,tomato,100,40,90,5.82,1603.2375,22.89090909,Whole Year
71551,jowar,80,40,40,5.6,840.46,33.58333333,Rabi
71134,rapeseed,50,40,20,5.08,127.68,20.8,Rabi
42189,cotton,120,40,20,5.32,331.88,35.34666667,Kharif
85139,maize,80,40,20,5.58,579.75,34.01,Summer
94053,rice,80,40,40,5.62,98.98,34.92333333,Kharif
45319,jowar,80,40,40,5.5,207.55,26.43333333,Rabi
44196,sweetpotato,90,20,120,5.06,1111.68,28.64818182,Rabi
33468,rice,80,40,40,5.4,331.88,35.34666667,Kharif
61184,barley,70,40,45,5.4,19.38,22.766,Rabi
33715,soyabean,20,60,20,5.58,664.94,22.03333333,Kharif
70025,maize,80,40,20,5.38,579.75,34.01,Summer
86218,onion,120,60,65,5.9,2169.32,23.73636364,Kharif
62049,wheat,60,30,30,6.1,75.32,22.676,Rabi
68346,cotton,120,40,20,5.34,510.05,33.37333333,Kharif
49369,potato,180,60,90,4.82,1026.64,29.18636364,Rabi
82967,maize,80,40,20,5.6,1145.22,28.5,Kharif
72093,sunflower,50,60,30,5.36,1151.02,28.03333333,Whole Year
20204,banana,100,75,50,6.42,1603.2375,22.89090909,Whole Year
7096,soyabean,20,60,20,5.5,1246.715,22.6,Kharif
55518,wheat,60,30,30,6.4,75.32,22.676,Rabi
3780,jowar,80,40,40,5.54,579.75,34.01,Kharif
22978,cotton,120,40,20,5.44,297.66,29.56666667,Kharif
50698,rice,80,40,40,5.44,516.68,27.86666667,Kharif
79717,jowar,80,40,40,5.4,1151.02,28.03333333,Rabi
45792,wheat,60,30,30,6.12,66.52,20.312,Rabi
30787,wheat,60,30,30,6.5,75.32,22.676,Rabi
31009,soyabean,20,60,20,5.34,1110.78,25.66666667,Kharif
25815,rapeseed,50,40,20,5.06,87.2,23.106,Rabi
73625,sweetpotato,90,20,120,5.06,1603.2375,22.89090909,Rabi
85488,rice,80,40,40,5.38,152.54,22.28,Kharif
43577,cauliflower,80,70,50,6.6,1111.68,28.64818182,Rabi
53978,sweetpotato,90,20,120,5.08,556.2,28.54545455,Kharif
1278,banana,100,75,50,6.66,810.26,29.95636364,Whole Year
50463,onion,120,60,65,5.84,810.26,29.95636364,Rabi
56421,onion,120,60,65,6.12,2169.32,23.73636364,Rabi
82823,rapeseed,50,40,20,4.86,167.38,23.56,Rabi
56164,jowar,80,40,40,5.42,288.3,25.46,Kharif
76929,moong,20,40,20,5.32,34.81,34.66666667,Summer
47730,barley,70,40,45,5.42,75.32,22.676,Rabi
83584,onion,120,60,65,5.86,884.5,27.65454545,Rabi
16382,sunflower,50,60,30,5.38,297.66,29.56666667,Whole Year
96244,moong,20,40,20,5.64,73.47,23.562,Summer
30309,jowar,80,40,40,5.34,579.75,34.01,Rabi
52849,rapeseed,50,40,20,5.06,85.24316,21.482,Rabi
65325,potato,180,60,90,4.84,122.42,18.58,Rabi
30719,soyabean,20,60,20,5.68,579.75,34.01,Kharif
98728,potato,180,60,90,5.06,75.32,22.676,Rabi
5102,wheat,60,30,30,6.1,241.78,1.18,Rabi
42953,potato,180,60,90,4.88,1603.2375,22.89090909,Rabi
42776,sunflower,50,60,30,5.4,199.2125,21.3,Whole Year
74729,maize,80,40,20,5.4,70.11,25.6,Summer
87199,wheat,60,30,30,6.9,15.34,27.276,Rabi
54010,barley,70,40,45,5.5,19.38,22.766,Rabi
39018,onion,120,60,65,6.08,34.81,34.66666667,Rabi
87691,sunflower,50,60,30,5.54,199.2125,21.3,Whole Year
10852,moong,20,40,20,5.42,152.54,22.28,Kharif
6649,jowar,80,40,40,5.48,199.2125,21.3,Rabi
18173,turmeric,25,60,100,4.94,2169.32,23.73636364,Kharif
27888,potato,180,60,90,5.1,1111.68,28.64818182,Rabi
68493,maize,80,40,20,5.52,1875.6,20.1,Summer
74294,maize,80,40,20,5.58,1011.49,30.43,Summer
38074,cotton,120,40,20,5.44,297.66,29.56666667,Kharif
40017,tomato,100,40,90,5.98,1037.32,28.08181818,Whole Year
72897,potato,180,60,90,5.06,122.42,18.58,Rabi
10340,sunflower,50,60,30,5.6,75.32,22.676,Whole Year
45071,turmeric,25,60,100,4.96,1350.025,26.01818182,Kharif
32240,maize,80,40,20,5.68,1543.76,27.33333333,Kharif
32856,rapeseed,50,40,20,4.88,87.2,23.106,Rabi
51343,banana,100,75,50,6.6,1603.2375,22.89090909,Whole Year
18437,rice,80,40,40,5.48,98.98,34.92333333,Kharif
56002,barley,70,40,45,5.42,152.54,22.28,Rabi
44421,jowar,80,40,40,5.46,1011.49,30.43,Rabi
15152,sunflower,50,60,30,5.36,167.38,23.56,Whole Year
73425,moong,20,40,20,5.36,1246.715,22.6,Kharif
26124,moong,20,40,20,5.44,94.02,22.38,Summer
23868,moong,20,40,20,5.38,579.75,34.01,Summer
98946,moong,20,40,20,5.68,34.81,34.66666667,Summer
67242,sunflower,50,60,30,5.68,70.11,25.6,Whole Year
27582,jowar,80,40,40,5.56,1997.12,27.0,Kharif
63608,wheat,60,30,30,6.6,127.68,20.8,Rabi
74863,rice,80,40,40,5.58,607.48,26.36666667,Kharif
94705,cotton,120,40,20,5.66,331.88,35.34666667,Kharif
68589,garlic,50,10,60,5.52,884.5,27.65454545,Rabi
21838,rapeseed,50,40,20,5.02,70.598,18.92,Rabi
26664,rice,80,40,40,5.68,331.88,35.34666667,Kharif
19903,rapeseed,50,40,20,5.1,293.36,14.7,Rabi
69636,rapeseed,50,40,20,4.94,75.32,22.676,Rabi
84722,moong,20,40,20,5.52,34.81,34.66666667,Kharif
19730,cotton,120,40,20,5.62,331.88,35.34666667,Kharif
26317,soyabean,20,60,20,5.52,1151.02,28.03333333,Kharif
94238,jowar,80,40,40,5.48,1151.02,28.03333333,Rabi
98087,soyabean,20,60,20,5.46,1875.6,20.1,Kharif
70723,potato,180,60,90,4.9,2569.52,4.9,Rabi
92862,horsegram,20,60,20,6.14,654.34,29.26666667,Kharif
37837,coriander,10,20,20,6.34,884.5,27.65454545,Rabi
30813,jowar,80,40,40,5.44,579.75,34.01,Rabi
93541,turmeric,25,60,100,5.0,2169.32,23.73636364,Kharif
19561,jowar,80,40,40,5.64,790.98,30.61666667,Kharif
74112,maize,80,40,20,5.62,1011.49,30.43,Kharif
87994,maize,80,40,20,5.54,199.2125,21.3,Kharif
64382,rice,80,40,40,5.36,98.98,34.92333333,Kharif
29952,rice,80,40,40,5.48,297.66,29.56666667,Kharif
54054,onion,120,60,65,6.1,556.2,28.54545455,Kharif
94906,potato,180,60,90,4.84,240.1,10.38,Rabi
87641,wheat,60,30,30,6.12,199.2125,21.3,Rabi
17606,jute,80,40,40,5.62,1166.94,28.33333333,Kharif
99183,maize,80,40,20,5.68,579.75,34.01,Kharif
77813,rice,80,40,40,5.66,1110.78,25.66666667,Kharif
6652,onion,120,60,65,5.88,199.2125,21.3,Rabi
42648,turmeric,25,60,100,5.18,1603.2375,22.89090909,Kharif
75091,sunflower,50,60,30,5.34,70.598,18.92,Whole Year
80010,potato,180,60,90,5.06,810.26,29.95636364,Rabi
24301,garlic,50,10,60,5.5,1411.78,19.94545455,Rabi
92606,rapeseed,50,40,20,5.06,152.54,22.28,Rabi
90814,rice,80,40,40,5.46,297.66,29.56666667,Kharif
70215,wheat,60,30,30,6.8,169.82,14.6,Rabi
43652,soyabean,20,60,20,5.66,1011.49,30.43,Kharif
52516,cotton,120,40,20,5.66,714.68,26.45454545,Kharif
54475,cotton,120,40,20,5.58,297.66,29.56666667,Kharif
61468,onion,120,60,65,6.1,884.5,27.65454545,Kharif
69633,maize,80,40,20,5.36,75.32,22.676,Summer
92960,rice,80,40,40,5.5,654.34,29.26666667,Kharif
84887,rice,80,40,40,5.38,579.75,34.01,Kharif
74985,rice,80,40,40,5.34,110.023,20.36333333,Kharif
14283,wheat,60,30,30,6.9,70.11,25.6,Rabi
95396,coriander,10,20,20,6.66,1603.2375,22.89090909,Rabi
89873,maize,80,40,20,5.42,113.7,30.26666667,Summer
30876,potato,180,60,90,5.18,689.88,29.03727273,Rabi
62835,wheat,60,30,30,7.0,169.82,14.6,Rabi
89672,maize,80,40,20,5.4,1145.22,28.5,Summer
18727,rapeseed,50,40,20,5.08,87.2,23.106,Rabi
90357,jowar,80,40,40,5.64,510.05,33.37333333,Kharif
47759,barley,70,40,45,5.54,75.32,22.676,Rabi
38943,maize,80,40,20,5.48,579.75,34.01,Kharif
2868,moong,20,40,20,5.64,535.78,27.22727273,Kharif
37673,maize,80,40,20,5.54,297.66,29.56666667,Kharif
79661,sweetpotato,90,20,120,5.0,1299.26,26.51818182,Kharif
48413,onion,120,60,65,6.06,1411.78,19.94545455,Kharif
49529,barley,70,40,45,5.54,87.2,23.106,Rabi
26186,ragi,50,40,20,5.68,1151.02,28.03333333,Kharif
21935,rice,80,40,40,5.68,1145.22,28.5,Kharif
9025,jowar,80,40,40,5.32,510.05,33.37333333,Kharif
38594,cucumber,60,60,85,6.62,942.8,28.99454545,Summer
20844,wheat,60,30,30,6.7,73.47,23.562,Rabi
6096,sweetpotato,90,20,120,4.98,1026.64,29.18636364,Kharif
3897,maize,80,40,20,5.44,579.75,34.01,Summer
71855,rice,80,40,40,5.54,87.2,23.106,Kharif
55769,barley,70,40,45,5.6,169.82,14.6,Rabi
82514,potato,180,60,90,4.9,70.598,18.92,Rabi
63141,barley,70,40,45,5.44,152.54,22.28,Rabi
64191,rice,80,40,40,5.44,98.98,34.92333333,Kharif
53890,wheat,60,30,30,6.12,19.38,22.766,Rabi
47174,grapes,20,125,200,3.88,942.8,28.99454545,Whole Year
23894,rice,80,40,40,5.54,579.75,34.01,Kharif
8037,wheat,60,30,30,6.11,70.11,25.6,Rabi
10942,wheat,60,30,30,6.7,152.54,22.28,Rabi
64507,potato,180,60,90,4.94,1151.02,28.03333333,Rabi
14766,rapeseed,50,40,20,5.14,85.24316,21.482,Rabi
13631,rice,80,40,40,5.54,1011.49,30.43,Kharif
54415,coriander,10,20,20,6.52,884.5,27.65454545,Rabi
49859,rice,80,40,40,5.36,98.98,34.92333333,Kharif
54443,jowar,80,40,40,5.66,297.66,29.56666667,Rabi
71532,ragi,50,40,20,5.4,840.46,33.58333333,Kharif
75834,soyabean,20,60,20,5.42,510.05,33.37333333,Kharif
75288,maize,80,40,20,5.36,1145.22,28.5,Kharif
63100,rice,80,40,40,5.44,1166.94,28.33333333,Kharif
71974,potato,180,60,90,4.84,1151.02,28.03333333,Rabi
35134,cauliflower,80,70,50,6.6,1111.68,28.64818182,Rabi
86071,rapeseed,50,40,20,5.16,127.68,20.8,Rabi
50856,ragi,50,40,20,5.66,976.06,25.66666667,Kharif
38972,maize,80,40,20,5.34,579.75,34.01,Summer
34989,brinjal,80,15,40,6.6,1111.68,28.64818182,Whole Year
68849,maize,80,40,20,5.34,884.5,27.65454545,Summer
8506,jute,80,40,40,5.64,1145.22,28.5,Kharif
93602,barley,70,40,45,5.6,87.2,23.106,Rabi
2286,wheat,60,30,30,7.0,70.11,25.6,Rabi
3040,wheat,60,30,30,6.8,19.38,22.766,Rabi
17897,banana,100,75,50,6.66,1037.32,28.08181818,Whole Year
18928,sweetpotato,90,20,120,5.02,1026.64,29.18636364,Rabi
57581,garlic,50,10,60,5.5,1299.26,26.51818182,Rabi
10902,cardamom,75,75,150,4.84,1501.98,25.81818182,Kharif
18490,wheat,60,30,30,6.1,87.2,23.106,Rabi
65306,wheat,60,30,30,6.9,122.42,18.58,Rabi
41278,rice,80,40,40,5.68,98.98,34.92333333,Kharif
81090,jowar,80,40,40,5.54,1246.715,22.6,Rabi
22728,sunflower,50,60,30,5.64,510.05,33.37333333,Whole Year
64029,maize,80,40,20,5.62,87.2,23.106,Summer
72955,maize,80,40,20,5.68,976.06,25.66666667,Summer
62688,sweetpotato,90,20,120,4.92,689.88,29.03727273,Rabi
91746,rice,80,40,40,5.32,579.75,34.01,Kharif
87935,banana,100,75,50,6.6,1603.2375,22.89090909,Whole Year
7007,ragi,50,40,20,5.64,1246.715,22.6,Kharif
33504,rapeseed,50,40,20,5.0,41.3,21.704,Rabi
77690,garlic,50,10,60,5.5,1411.78,19.94545455,Rabi
48307,wheat,60,30,30,7.0,169.82,14.6,Rabi
81762,coriander,10,20,20,6.66,1111.68,28.64818182,Rabi
60621,moong,20,40,20,5.66,113.7,30.26666667,Kharif
55336,maize,80,40,20,5.54,579.75,34.01,Kharif
72365,rice,80,40,40,5.68,790.98,30.61666667,Kharif
37847,tomato,100,40,90,5.84,884.5,27.65454545,Whole Year
35768,jowar,80,40,40,5.36,1011.49,30.43,Rabi
12051,rapeseed,50,40,20,4.94,87.2,23.106,Rabi
45172,rice,80,40,40,5.62,235.4251,26.64666667,Kharif
21090,jowar,80,40,40,5.38,1011.49,30.43,Kharif
56226,onion,120,60,65,5.84,654.34,29.26666667,Rabi
43150,ragi,50,40,20,5.32,157.31,25.83333333,Kharif
36808,moong,20,40,20,5.42,1145.22,28.5,Summer
65660,potato,180,60,90,5.04,1603.2375,22.89090909,Rabi
3882,rice,80,40,40,5.4,34.81,34.66666667,Kharif
80510,maize,80,40,20,5.5,1246.715,22.6,Kharif
71020,wheat,60,30,30,6.1,127.68,20.8,Rabi
49994,rice,80,40,40,5.42,98.98,34.92333333,Kharif
53004,maize,80,40,20,5.44,113.7,30.26666667,Summer
2516,maize,80,40,20,5.46,207.55,26.43333333,Summer
16424,rapeseed,50,40,20,5.16,446.14,25.44,Rabi
47167,ladyfinger,80,10,40,6.66,942.8,28.99454545,Summer
42389,rice,80,40,40,5.6,122.42,18.58,Kharif
34040,maize,80,40,20,5.54,1246.715,22.6,Kharif
86263,jute,80,40,40,5.32,1543.76,27.33333333,Kharif
79992,garlic,50,10,60,5.58,810.26,29.95636364,Rabi
21174,wheat,60,30,30,6.3,73.47,23.562,Rabi
99295,turmeric,25,60,100,5.1,75.32,22.676,Kharif
25898,sweetpotato,90,20,120,4.88,1026.64,29.18636364,Kharif
66491,onion,120,60,65,5.82,1111.68,28.64818182,Rabi
91468,sweetpotato,90,20,120,4.9,579.75,34.01,Kharif
94156,maize,80,40,20,5.44,1151.02,28.03333333,Summer
18191,jute,80,40,40,5.48,1543.76,27.33333333,Kharif
45801,rice,80,40,40,5.42,411.52,34.73,Kharif
57425,sweetpotato,90,20,120,4.88,1026.64,29.18636364,Rabi
88784,moong,20,40,20,5.54,73.47,23.562,Kharif
65038,potato,180,60,90,5.02,421.14,28.50727273,Rabi
7230,horsegram,20,60,20,5.9,199.2125,21.3,Rabi
22661,potato,180,60,90,5.14,556.2,28.54545455,Rabi
12035,wheat,60,30,30,6.11,87.2,23.106,Rabi
70895,blackpepper,100,60,50,4.84,2169.32,23.73636364,Whole Year
44103,barley,70,40,45,5.4,73.47,23.562,Rabi
79783,potato,180,60,90,5.02,94.02,22.38,Rabi
41213,ragi,50,40,20,5.32,840.46,33.58333333,Kharif
58429,ragi,50,40,20,5.44,976.06,25.66666667,Kharif
17049,onion,120,60,65,5.92,689.88,29.03727273,Kharif
26705,rice,80,40,40,5.6,664.94,22.03333333,Kharif
92425,rapeseed,50,40,20,4.94,169.82,14.6,Rabi
87391,potato,180,60,90,5.18,421.14,28.50727273,Rabi
6361,wheat,60,30,30,6.1,41.3,21.704,Rabi
60681,moong,20,40,20,5.36,167.38,23.56,Kharif
23686,maize,80,40,20,5.38,75.32,22.676,Summer
73988,rice,80,40,40,5.54,1011.49,30.43,Kharif
76246,maize,80,40,20,5.48,884.5,27.65454545,Kharif
51811,sunflower,50,60,30,5.6,1011.49,30.43,Whole Year
79456,wheat,60,30,30,6.7,87.2,23.106,Rabi
83227,barley,70,40,45,5.48,19.38,22.766,Rabi
16051,ragi,50,40,20,5.38,297.66,29.56666667,Kharif
62597,rapeseed,50,40,20,4.94,75.32,22.676,Rabi
8107,soyabean,20,60,20,5.6,702.459,27.23333333,Kharif
13254,blackpepper,100,60,50,5.06,1603.2375,22.89090909,Whole Year
72850,rice,80,40,40,5.36,122.42,18.58,Kharif
58881,jowar,80,40,40,5.56,1246.715,22.6,Rabi
14195,onion,120,60,65,6.12,1111.68,28.64818182,Rabi
19570,moong,20,40,20,5.6,790.98,30.61666667,Summer
25134,jute,80,40,40,5.32,1543.76,27.33333333,Kharif
56651,rice,80,40,40,5.66,497.88,25.03333333,Kharif
436,jute,80,40,40,5.66,1543.76,27.33333333,Kharif
67192,sunflower,50,60,30,5.62,607.48,26.36666667,Whole Year
96395,jowar,80,40,40,5.6,73.47,23.562,Rabi
67820,potato,180,60,90,5.16,167.38,23.56,Rabi
67822,rice,80,40,40,5.48,167.38,23.56,Kharif
2826,maize,80,40,20,5.44,411.52,34.73,Kharif
56386,rice,80,40,40,5.64,1712.66,11.2,Kharif
8917,soyabean,20,60,20,5.32,510.05,33.37333333,Kharif
31540,onion,120,60,65,6.02,654.34,29.26666667,Rabi
41727,onion,120,60,65,5.92,1299.26,26.51818182,Rabi
26647,barley,70,40,45,5.6,41.3,21.704,Rabi
77884,rice,80,40,40,5.6,182.5,29.2,Kharif
37686,brinjal,80,15,40,6.58,884.5,27.65454545,Whole Year
65906,turmeric,25,60,100,5.12,1603.2375,22.89090909,Kharif
90971,coriander,10,20,20,6.68,884.5,27.65454545,Rabi
32695,barley,70,40,45,5.4,87.2,23.106,Rabi
48261,wheat,60,30,30,6.4,75.32,22.676,Rabi
18924,coriander,10,20,20,6.56,1026.64,29.18636364,Rabi
43365,rice,80,40,40,5.38,490.74,27.6,Kharif
41114,garlic,50,10,60,5.6,1026.64,29.18636364,Rabi
93048,horsegram,20,60,20,5.94,654.34,29.26666667,Kharif
26652,horsegram,20,60,20,6.02,331.88,35.34666667,Rabi
9904,moong,20,40,20,5.58,34.81,34.66666667,Summer
39845,rice,80,40,40,5.56,182.5,29.2,Kharif
73793,rice,80,40,40,5.6,490.74,27.6,Kharif
14340,jowar,80,40,40,5.38,607.48,26.36666667,Kharif
1380,garlic,50,10,60,5.46,810.26,29.95636364,Rabi
79477,rice,80,40,40,5.36,98.98,34.92333333,Kharif
94444,soyabean,20,60,20,5.6,790.98,30.61666667,Kharif
93413,maize,80,40,20,5.52,1543.76,27.33333333,Summer
35601,potato,180,60,90,5.04,1111.68,28.64818182,Rabi
46723,ragi,50,40,20,5.58,297.66,29.56666667,Kharif
41089,maize,80,40,20,5.48,98.98,34.92333333,Kharif
14499,sunflower,50,60,30,5.44,70.11,25.6,Whole Year
64521,sweetpotato,90,20,120,4.82,1299.26,26.51818182,Kharif
59329,banana,100,75,50,6.4,2817.86,27.90909091,Whole Year
53490,horsegram,20,60,20,6.18,167.38,23.56,Rabi
74753,jowar,80,40,40,5.62,70.11,25.6,Rabi
86866,maize,80,40,20,5.4,98.98,34.92333333,Kharif
63681,rice,80,40,40,5.68,127.68,20.8,Kharif
29256,turmeric,25,60,100,4.98,1426.3,26.73636364,Kharif
73428,rapeseed,50,40,20,4.96,1246.715,22.6,Rabi
66388,rice,80,40,40,5.62,1011.49,30.43,Kharif
82049,coriander,10,20,20,6.64,1111.68,28.64818182,Rabi
15562,rice,80,40,40,5.6,411.52,34.73,Kharif
66755,garlic,50,10,60,5.66,1111.68,28.64818182,Rabi
89656,barley,70,40,45,5.64,70.598,18.92,Rabi
42883,sunflower,50,60,30,5.4,157.31,25.83333333,Whole Year
62994,rice,80,40,40,5.4,182.5,29.2,Kharif
39897,rice,80,40,40,5.44,1166.94,28.33333333,Kharif
78888,turmeric,25,60,100,5.0,2169.32,23.73636364,Kharif
34605,blackpepper,100,60,50,5.18,1603.2375,22.89090909,Whole Year
37337,barley,70,40,45,5.6,19.38,22.766,Rabi
73696,moong,20,40,20,5.58,1246.715,22.6,Kharif
69976,potato,180,60,90,5.02,75.32,22.676,Rabi
18686,sunflower,50,60,30,5.64,840.46,33.58333333,Whole Year
72563,rapeseed,50,40,20,5.02,240.1,10.38,Rabi
38611,rice,80,40,40,5.34,1220.22,27.26666667,Kharif
4788,jute,80,40,40,5.54,1166.94,28.33333333,Kharif
37507,jowar,80,40,40,5.32,510.05,33.37333333,Kharif
52998,moong,20,40,20,5.34,1145.22,28.5,Summer
25964,maize,80,40,20,5.44,87.2,23.106,Summer
53460,maize,80,40,20,5.34,113.7,30.26666667,Summer
36040,sunflower,50,60,30,5.46,70.11,25.6,Whole Year
17892,onion,120,60,65,6.14,288.3,25.46,Kharif
18967,sweetpotato,90,20,120,5.04,1026.64,29.18636364,Kharif
87026,rice,80,40,40,5.34,1151.02,28.03333333,Kharif
87604,horsegram,20,60,20,6.02,1246.715,22.6,Kharif
68281,barley,70,40,45,5.36,19.38,22.766,Rabi
26051,rapeseed,50,40,20,5.02,94.02,22.38,Rabi
99526,barley,70,40,45,5.56,169.82,14.6,Rabi
84144,moong,20,40,20,5.32,1220.22,27.26666667,Kharif
72411,jowar,80,40,40,5.34,331.88,35.34666667,Kharif
87647,coriander,10,20,20,6.48,1603.2375,22.89090909,Rabi
83535,sunflower,50,60,30,5.5,884.5,27.65454545,Whole Year
26320,moong,20,40,20,5.56,94.02,22.38,Kharif
67658,ragi,50,40,20,5.32,1145.22,28.5,Kharif
96968,turmeric,25,60,100,4.94,1050.245,18.77818182,Kharif
29503,potato,180,60,90,5.08,556.2,28.54545455,Rabi
40188,maize,80,40,20,5.6,288.3,25.46,Kharif
96899,cotton,120,40,20,5.4,607.48,26.36666667,Kharif
28847,maize,80,40,20,5.38,207.55,26.43333333,Summer
48690,cotton,120,40,20,5.4,654.34,29.26666667,Kharif
27210,rice,80,40,40,5.64,1246.715,22.6,Kharif
85171,wheat,60,30,30,6.7,169.82,14.6,Rabi
86248,moong,20,40,20,5.52,127.68,20.8,Summer
66841,jowar,80,40,40,5.34,1011.49,30.43,Kharif
46549,drumstick,40,20,10,6.48,884.5,27.65454545,Whole Year
84758,jowar,80,40,40,5.36,579.75,34.01,Kharif
10032,rapeseed,50,40,20,5.0,75.32,22.676,Rabi
12153,rice,80,40,40,5.64,98.98,34.92333333,Kharif
58375,rice,80,40,40,5.38,122.42,18.58,Kharif
142,ragi,50,40,20,5.62,288.3,25.46,Kharif
30157,banana,100,75,50,6.58,942.8,28.99454545,Whole Year
48749,jowar,80,40,40,5.5,288.3,25.46,Rabi
33372,moong,20,40,20,5.68,790.98,30.61666667,Summer
61392,banana,100,75,50,6.46,884.5,27.65454545,Whole Year
18629,barley,70,40,45,5.6,87.2,23.106,Rabi
21079,jowar,80,40,40,5.62,1011.49,30.43,Rabi
3056,wheat,60,30,30,6.4,19.38,22.766,Rabi
88907,potato,180,60,90,5.08,1111.68,28.64818182,Rabi
6872,horsegram,20,60,20,5.94,199.2125,21.3,Rabi
78642,onion,120,60,65,5.88,2169.32,23.73636364,Rabi
74212,rice,80,40,40,5.66,1011.49,30.43,Kharif
40758,turmeric,25,60,100,5.18,2169.32,23.73636364,Kharif
42741,jowar,80,40,40,5.34,199.2125,21.3,Kharif
42551,brinjal,80,15,40,6.66,1603.2375,22.89090909,Whole Year
8236,potato,180,60,90,4.86,235.4251,26.64666667,Rabi
93722,maize,80,40,20,5.36,840.46,33.58333333,Kharif
93684,rice,80,40,40,5.56,98.98,34.92333333,Kharif
52424,wheat,60,30,30,6.1,70.11,25.6,Rabi
49288,rapeseed,50,40,20,4.82,127.68,20.8,Rabi
90305,cotton,120,40,20,5.64,510.05,33.37333333,Kharif
81453,jowar,80,40,40,5.62,1011.49,30.43,Kharif
2844,wheat,60,30,30,6.8,66.52,20.312,Rabi
39629,onion,120,60,65,6.0,1411.78,19.94545455,Rabi
17873,banana,100,75,50,6.58,1037.32,28.08181818,Whole Year
70562,rice,80,40,40,5.34,182.5,29.2,Kharif
55408,maize,80,40,20,5.68,579.75,34.01,Summer
12314,onion,120,60,65,5.82,1026.64,29.18636364,Rabi
42938,rice,80,40,40,5.38,199.2125,21.3,Kharif
74437,rice,80,40,40,5.68,1011.49,30.43,Kharif
628,ragi,50,40,20,5.4,1026.64,29.18636364,Kharif
25647,maize,80,40,20,5.34,98.98,34.92333333,Summer
2287,cotton,120,40,20,5.66,714.68,26.45454545,Kharif
74240,rice,80,40,40,5.34,1011.49,30.43,Kharif
53736,rapeseed,50,40,20,4.96,19.38,22.766,Rabi
76938,onion,120,60,65,5.86,75.32,22.676,Rabi
60090,rice,80,40,40,5.42,607.48,26.36666667,Kharif
21830,potato,180,60,90,4.82,700.241,22.19090909,Rabi
362,jute,80,40,40,5.6,1543.76,27.33333333,Kharif
672,sunflower,50,60,30,5.6,87.2,23.106,Whole Year
24948,ragi,50,40,20,5.56,654.34,29.26666667,Kharif
42420,rice,80,40,40,5.58,976.06,25.66666667,Kharif
3537,rice,80,40,40,5.52,884.5,27.65454545,Kharif
44705,onion,120,60,65,6.14,714.68,26.45454545,Rabi
32621,horsegram,20,60,20,5.94,840.46,33.58333333,Kharif
40813,turmeric,25,60,100,4.88,2169.32,23.73636364,Kharif
98470,moong,20,40,20,5.62,98.94,25.574,Kharif
47446,wheat,60,30,30,6.3,75.32,22.676,Rabi
75455,maize,80,40,20,5.66,167.38,23.56,Kharif
60860,rapeseed,50,40,20,4.84,167.38,23.56,Rabi
42453,rapeseed,50,40,20,4.82,122.42,18.58,Rabi
76270,maize,80,40,20,5.6,884.5,27.65454545,Summer
12760,soyabean,20,60,20,5.54,664.94,22.03333333,Kharif
55456,barley,70,40,45,5.36,75.32,22.676,Rabi
50214,ragi,50,40,20,5.34,1151.02,28.03333333,Kharif
95638,jowar,80,40,40,5.44,157.31,25.83333333,Rabi
58094,rice,80,40,40,5.34,331.88,35.34666667,Kharif
66173,turmeric,25,60,100,5.08,2817.86,27.90909091,Kharif
26911,wheat,60,30,30,6.11,293.36,14.7,Rabi
70519,potato,180,60,90,4.92,1501.98,25.81818182,Rabi
36076,ragi,50,40,20,5.62,607.48,26.36666667,Kharif
96376,jowar,80,40,40,5.46,1011.49,30.43,Rabi
78417,ragi,50,40,20,5.46,288.3,25.46,Kharif
24043,rice,80,40,40,5.38,579.75,34.01,Kharif
44065,tomato,100,40,90,5.82,1111.68,28.64818182,Whole Year
30000,rice,80,40,40,5.6,297.66,29.56666667,Kharif
15528,rice,80,40,40,5.6,411.52,34.73,Kharif
70689,moong,20,40,20,5.52,288.3,25.46,Kharif
27229,moong,20,40,20,5.64,1246.715,22.6,Kharif
49041,rice,80,40,40,5.64,1712.66,11.2,Kharif
11572,onion,120,60,65,5.94,2169.32,23.73636364,Kharif
4175,rapeseed,50,40,20,5.04,75.32,22.676,Rabi
7220,turmeric,25,60,100,5.14,1603.2375,22.89090909,Kharif
84356,barley,70,40,45,5.38,75.32,22.676,Rabi
44824,tomato,100,40,90,5.9,714.68,26.45454545,Whole Year
78395,rice,80,40,40,5.4,288.3,25.46,Kharif
49318,turmeric,25,60,100,5.16,2169.32,23.73636364,Kharif
10187,moong,20,40,20,5.66,34.81,34.66666667,Kharif
69801,maize,80,40,20,5.68,579.75,34.01,Kharif
78780,sweetpotato,90,20,120,4.94,2169.32,23.73636364,Rabi
3377,horsegram,20,60,20,5.86,297.66,29.56666667,Kharif
71433,rice,80,40,40,5.48,87.2,23.106,Kharif
13480,rice,80,40,40,5.62,330.0,29.33333333,Kharif
10138,rice,80,40,40,5.34,579.75,34.01,Kharif
70774,wheat,60,30,30,6.1,241.78,1.18,Rabi
53558,rapeseed,50,40,20,4.92,167.38,23.56,Rabi
32939,rice,80,40,40,5.62,98.98,34.92333333,Kharif
43792,maize,80,40,20,5.48,1011.49,30.43,Summer
28420,jowar,80,40,40,5.56,607.48,26.36666667,Kharif
60795,rice,80,40,40,5.36,113.7,30.26666667,Kharif
61464,sunflower,50,60,30,5.44,297.66,29.56666667,Whole Year
50425,banana,100,75,50,6.5,810.26,29.95636364,Whole Year
15302,jute,80,40,40,5.62,1145.22,28.5,Kharif
46949,cabbage,100,65,70,6.38,884.5,27.65454545,Rabi
8841,cotton,120,40,20,5.68,510.05,33.37333333,Kharif
32032,rice,80,40,40,5.48,497.88,25.03333333,Kharif
23749,jowar,80,40,40,5.66,579.75,34.01,Rabi
18509,rapeseed,50,40,20,4.82,87.2,23.106,Rabi
50384,banana,100,75,50,6.42,810.26,29.95636364,Whole Year
64253,rice,80,40,40,5.58,98.98,34.92333333,Kharif
50765,rapeseed,50,40,20,4.86,122.42,18.58,Rabi
44829,rice,80,40,40,5.34,607.48,26.36666667,Kharif
69941,sunflower,50,60,30,5.32,34.81,34.66666667,Whole Year
53882,potato,180,60,90,4.86,556.2,28.54545455,Rabi
77268,maize,80,40,20,5.48,579.75,34.01,Kharif
32715,maize,80,40,20,5.5,87.2,23.106,Kharif
80220,coriander,10,20,20,6.42,421.14,28.50727273,Rabi
41105,barley,70,40,45,5.44,87.2,23.106,Rabi
96272,rice,80,40,40,5.48,1011.49,30.43,Kharif
64339,maize,80,40,20,5.34,98.98,34.92333333,Summer
98811,sunflower,50,60,30,5.66,34.81,34.66666667,Whole Year
63531,maize,80,40,20,5.62,288.3,25.46,Kharif
19436,jowar,80,40,40,5.36,790.98,30.61666667,Kharif
22962,moong,20,40,20,5.6,297.66,29.56666667,Summer
87978,rice,80,40,40,5.36,199.2125,21.3,Kharif
83083,wheat,60,30,30,6.3,66.52,20.312,Rabi
58206,barley,70,40,45,5.44,240.1,10.38,Rabi
28608,sunflower,50,60,30,5.54,70.11,25.6,Whole Year
59579,sweetpotato,90,20,120,5.1,1111.68,28.64818182,Kharif
44129,onion,120,60,65,6.12,1111.68,28.64818182,Kharif
94982,potato,180,60,90,5.06,122.42,18.58,Rabi
24896,sweetpotato,90,20,120,5.0,1037.32,28.08181818,Kharif
8503,rapeseed,50,40,20,5.16,167.38,23.56,Rabi
12806,maize,80,40,20,5.48,516.68,27.86666667,Kharif
62554,rice,80,40,40,5.5,579.75,34.01,Kharif
57178,rice,80,40,40,5.34,840.46,33.58333333,Kharif
63777,maize,80,40,20,5.58,1543.76,27.33333333,Kharif
35533,coriander,10,20,20,6.36,1111.68,28.64818182,Rabi
4319,maize,80,40,20,5.36,579.75,34.01,Kharif
36665,garlic,50,10,60,5.62,1426.3,26.73636364,Rabi
53499,ragi,50,40,20,5.4,113.7,30.26666667,Kharif
76495,onion,120,60,65,6.04,884.5,27.65454545,Kharif
18828,maize,80,40,20,5.48,840.46,33.58333333,Kharif
41692,wheat,60,30,30,6.4,94.02,22.38,Rabi
10848,moong,20,40,20,5.42,1166.94,28.33333333,Summer
26867,wheat,60,30,30,6.7,293.36,14.7,Rabi
76883,moong,20,40,20,5.66,34.81,34.66666667,Kharif
85898,sweetpotato,90,20,120,5.06,1037.32,28.08181818,Kharif
89284,jowar,80,40,40,5.4,70.11,25.6,Kharif
74054,maize,80,40,20,5.6,1011.49,30.43,Kharif
41601,coriander,10,20,20,6.62,1299.26,26.51818182,Rabi
65485,sunflower,50,60,30,5.46,157.31,25.83333333,Whole Year
67998,potato,180,60,90,4.98,167.38,23.56,Rabi
19240,soyabean,20,60,20,5.66,1151.02,28.03333333,Kharif
31060,onion,120,60,65,6.06,1411.78,19.94545455,Kharif
41622,coriander,10,20,20,6.68,1299.26,26.51818182,Rabi
10268,rapeseed,50,40,20,5.14,75.32,22.676,Rabi
55321,onion,120,60,65,5.96,689.88,29.03727273,Kharif
13279,cotton,120,40,20,5.34,1246.715,22.6,Kharif
24040,jowar,80,40,40,5.34,579.75,34.01,Rabi
77336,maize,80,40,20,5.5,34.81,34.66666667,Summer
59972,wheat,60,30,30,6.5,70.11,25.6,Rabi
88321,cardamom,75,75,150,5.06,2817.86,27.90909091,Kharif
61067,coriander,10,20,20,6.56,556.2,28.54545455,Rabi
87292,rice,80,40,40,5.64,3.94,33.76333333,Kharif
74609,soyabean,20,60,20,5.5,607.48,26.36666667,Kharif
13876,jowar,80,40,40,5.62,1011.49,30.43,Kharif
86633,moong,20,40,20,5.6,98.98,34.92333333,Summer
57312,rice,80,40,40,5.56,87.2,23.106,Kharif
57139,onion,120,60,65,5.94,1026.64,29.18636364,Kharif
70327,potato,180,60,90,4.82,1110.78,25.66666667,Rabi
19911,barley,70,40,45,5.58,293.36,14.7,Rabi
96737,maize,80,40,20,5.32,70.11,25.6,Kharif
5061,sunflower,50,60,30,5.5,1712.66,11.2,Whole Year
94683,rice,80,40,40,5.68,331.88,35.34666667,Kharif
95110,maize,80,40,20,5.48,1246.715,22.6,Kharif
36103,sunflower,50,60,30,5.48,70.11,25.6,Whole Year
28081,barley,70,40,45,5.52,73.47,23.562,Rabi
94163,moong,20,40,20,5.52,94.02,22.38,Kharif
62880,potato,180,60,90,4.92,1411.78,19.94545455,Rabi
98489,cotton,120,40,20,5.36,1220.22,27.26666667,Kharif
60619,rice,80,40,40,5.6,1145.22,28.5,Kharif
29613,barley,70,40,45,5.56,19.38,22.766,Rabi
80479,barley,70,40,45,5.4,293.36,14.7,Rabi
52570,sunflower,50,60,30,5.38,607.48,26.36666667,Whole Year
30065,moong,20,40,20,5.62,770.44,28.68,Kharif
12694,barley,70,40,45,5.64,240.1,10.38,Rabi
94645,wheat,60,30,30,6.12,41.3,21.704,Rabi
15835,onion,120,60,65,5.98,556.2,28.54545455,Kharif
62082,barley,70,40,45,5.52,75.32,22.676,Rabi
54050,rapeseed,50,40,20,4.94,19.38,22.766,Rabi
93673,rice,80,40,40,5.54,840.46,33.58333333,Kharif
63736,rice,80,40,40,5.6,497.88,25.03333333,Kharif
2685,potato,180,60,90,5.02,1426.3,26.73636364,Rabi
12558,moong,20,40,20,5.32,331.88,35.34666667,Summer
55081,rice,80,40,40,5.34,579.75,34.01,Kharif
23957,rapeseed,50,40,20,5.02,75.32,22.676,Rabi
19482,onion,120,60,65,6.12,810.26,29.95636364,Rabi
63500,cotton,120,40,20,5.44,654.34,29.26666667,Kharif
38499,brinjal,80,15,40,6.36,942.8,28.99454545,Whole Year
3522,turmeric,25,60,100,5.04,884.5,27.65454545,Kharif
67735,moong,20,40,20,5.64,1145.22,28.5,Kharif
24612,rice,80,40,40,5.4,152.54,22.28,Kharif
67361,potato,180,60,90,4.98,1350.025,26.01818182,Rabi
31294,rice,80,40,40,5.62,152.54,22.28,Kharif
91294,jowar,80,40,40,5.5,579.75,34.01,Kharif
89363,wheat,60,30,30,6.3,70.11,25.6,Rabi
42068,banana,100,75,50,6.34,421.14,28.50727273,Whole Year
46792,radish,25,100,50,6.08,884.5,27.65454545,Kharif
83214,rapeseed,50,40,20,5.18,19.38,22.766,Rabi
66180,cardamom,75,75,150,5.12,2817.86,27.90909091,Kharif
88527,jowar,80,40,40,5.68,73.47,23.562,Rabi
56876,potato,180,60,90,5.1,1026.64,29.18636364,Rabi
36340,rapeseed,50,40,20,5.08,56.236,15.852,Rabi
28005,potato,180,60,90,4.82,1111.68,28.64818182,Rabi
97187,maize,80,40,20,5.64,113.7,30.26666667,Kharif
24752,maize,80,40,20,5.5,288.3,25.46,Kharif
6382,sunflower,50,60,30,5.34,41.3,21.704,Whole Year
13757,garlic,50,10,60,5.56,1111.68,28.64818182,Rabi
51107,banana,100,75,50,6.4,1603.2375,22.89090909,Whole Year
38460,jowar,80,40,40,5.58,98.94,25.574,Rabi
18438,banana,100,75,50,6.34,1026.64,29.18636364,Whole Year
63046,turmeric,25,60,100,4.96,1501.98,25.81818182,Kharif
37450,cotton,120,40,20,5.42,510.05,33.37333333,Kharif
91465,moong,20,40,20,5.44,579.75,34.01,Kharif
19620,wheat,60,30,30,6.6,41.3,21.704,Rabi
55080,maize,80,40,20,5.4,579.75,34.01,Kharif
45840,cotton,120,40,20,5.5,411.52,34.73,Kharif
38401,jowar,80,40,40,5.4,98.94,25.574,Rabi
70299,maize,80,40,20,5.34,1110.78,25.66666667,Kharif
19582,rapeseed,50,40,20,4.9,41.3,21.704,Rabi
31338,moong,20,40,20,5.68,152.54,22.28,Summer
59400,wheat,60,30,30,6.4,73.47,23.562,Rabi
69545,rice,80,40,40,5.48,579.75,34.01,Kharif
38686,potato,180,60,90,5.14,689.88,29.03727273,Rabi
22768,garlic,50,10,60,5.66,556.2,28.54545455,Rabi
32549,maize,80,40,20,5.36,87.2,23.106,Kharif
54642,jowar,80,40,40,5.66,770.44,28.68,Kharif
83921,turmeric,25,60,100,5.1,884.5,27.65454545,Kharif
9798,sunflower,50,60,30,5.56,98.94,25.574,Whole Year
76662,maize,80,40,20,5.34,1220.22,27.26666667,Summer
80766,sunflower,50,60,30,5.52,199.2125,21.3,Whole Year
42298,rice,80,40,40,5.34,516.68,27.86666667,Kharif
79021,sweetpotato,90,20,120,5.18,87.2,23.106,Rabi
53878,barley,70,40,45,5.58,19.38,22.766,Rabi
8021,cotton,120,40,20,5.64,607.48,26.36666667,Kharif
88371,jowar,80,40,40,5.66,73.47,23.562,Kharif
67899,horsegram,20,60,20,5.84,167.38,23.56,Rabi
49034,turmeric,25,60,100,5.06,2569.52,4.9,Kharif
36093,cotton,120,40,20,5.66,607.48,26.36666667,Kharif
26566,potato,180,60,90,5.18,421.14,28.50727273,Rabi
57617,potato,180,60,90,4.82,1299.26,26.51818182,Rabi
3367,maize,80,40,20,5.56,884.5,27.65454545,Kharif
56803,wheat,60,30,30,7.0,127.68,20.8,Rabi
62330,maize,80,40,20,5.42,579.75,34.01,Kharif
44909,bittergourd,60,10,20,6.66,1350.025,26.01818182,Kharif
32397,moong,20,40,20,5.56,98.98,34.92333333,Kharif
94865,wheat,60,30,30,6.5,240.1,10.38,Rabi
35849,sweetpotato,90,20,120,5.02,1111.68,28.64818182,Kharif
71890,horsegram,20,60,20,6.18,94.02,22.38,Rabi
13804,jowar,80,40,40,5.46,1011.49,30.43,Rabi
6989,maize,80,40,20,5.4,157.31,25.83333333,Kharif
84924,garlic,50,10,60,5.58,75.32,22.676,Rabi
96408,soyabean,20,60,20,5.44,1011.49,30.43,Kharif
97691,wheat,60,30,30,6.4,19.38,22.766,Rabi
16635,jowar,80,40,40,5.54,579.75,34.01,Rabi
49433,onion,120,60,65,6.02,1026.64,29.18636364,Kharif
24808,cotton,120,40,20,5.32,654.34,29.26666667,Kharif
51136,moong,20,40,20,5.42,199.2125,21.3,Summer
57197,rice,80,40,40,5.68,87.2,23.106,Kharif
82242,wheat,60,30,30,6.1,70.11,25.6,Rabi
862,rice,80,40,40,5.42,98.98,34.92333333,Kharif
383,onion,120,60,65,6.0,2169.32,23.73636364,Kharif
16064,horsegram,20,60,20,6.1,297.66,29.56666667,Kharif
94976,wheat,60,30,30,6.5,122.42,18.58,Rabi
53930,maize,80,40,20,5.62,510.05,33.37333333,Kharif
58381,wheat,60,30,30,6.4,122.42,18.58,Rabi
3310,horsegram,20,60,20,5.9,297.66,29.56666667,Kharif
48609,moong,20,40,20,5.46,182.5,29.2,Summer
51982,soyabean,20,60,20,5.5,1011.49,30.43,Kharif
47400,maize,80,40,20,5.54,579.75,34.01,Summer
53376,moong,20,40,20,5.64,113.7,30.26666667,Summer
41654,barley,70,40,45,5.58,94.02,22.38,Rabi
70948,potato,180,60,90,4.96,2169.32,23.73636364,Rabi
15517,wheat,60,30,30,6.3,66.52,20.312,Rabi
81846,sweetpotato,90,20,120,4.94,1111.68,28.64818182,Rabi
16853,wheat,60,30,30,6.6,75.32,22.676,Rabi
45776,onion,120,60,65,5.84,550.1245,27.63636364,Kharif
65903,potato,180,60,90,5.08,1603.2375,22.89090909,Rabi
77600,turmeric,25,60,100,5.14,75.32,22.676,Kharif
34993,garlic,50,10,60,5.48,1111.68,28.64818182,Rabi
50848,wheat,60,30,30,6.8,122.42,18.58,Rabi
73887,blackpepper,100,60,50,4.84,2817.86,27.90909091,Whole Year
60549,moong,20,40,20,5.66,167.38,23.56,Summer
78323,horsegram,20,60,20,6.12,288.3,25.46,Rabi
67520,rice,80,40,40,5.32,207.55,26.43333333,Kharif
84372,garlic,50,10,60,5.36,75.32,22.676,Rabi
98113,ragi,50,40,20,5.56,297.66,29.56666667,Kharif
98111,maize,80,40,20,5.38,297.66,29.56666667,Kharif
8633,moong,20,40,20,5.48,1145.22,28.5,Kharif
96384,coriander,10,20,20,6.42,1111.68,28.64818182,Rabi
1900,wheat,60,30,30,6.4,73.47,23.562,Rabi
61355,rice,80,40,40,5.42,297.66,29.56666667,Kharif
87022,jowar,80,40,40,5.36,1151.02,28.03333333,Rabi
80065,rice,80,40,40,5.46,790.98,30.61666667,Kharif
28303,rice,80,40,40,5.44,1011.49,30.43,Kharif
12506,maize,80,40,20,5.48,331.88,35.34666667,Summer
1118,rice,80,40,40,5.62,87.2,23.106,Kharif
681,sweetpotato,90,20,120,4.88,1026.64,29.18636364,Rabi
69196,cotton,120,40,20,5.6,579.75,34.01,Kharif
33925,maize,80,40,20,5.44,976.06,25.66666667,Kharif
39549,onion,120,60,65,5.82,1411.78,19.94545455,Rabi
15127,moong,20,40,20,5.32,167.38,23.56,Summer
94624,moong,20,40,20,5.62,3.94,33.76333333,Summer
11296,rice,80,40,40,5.42,1712.66,11.2,Kharif
17415,jowar,80,40,40,5.6,579.75,34.01,Kharif
78571,banana,100,75,50,6.42,2169.32,23.73636364,Whole Year
48947,sweetpotato,90,20,120,5.04,1037.32,28.08181818,Kharif
98238,cotton,120,40,20,5.38,297.66,29.56666667,Kharif
86176,moong,20,40,20,5.54,127.68,20.8,Kharif
27390,potato,180,60,90,5.14,1603.2375,22.89090909,Rabi
39868,jute,80,40,40,5.4,1166.94,28.33333333,Kharif
5880,maize,80,40,20,5.38,840.46,33.58333333,Kharif
16606,potato,180,60,90,4.82,1778.88,24.60909091,Rabi
44655,jowar,80,40,40,5.5,70.11,25.6,Rabi
84391,maize,80,40,20,5.34,579.75,34.01,Kharif
3615,maize,80,40,20,5.48,98.94,25.574,Kharif
45251,cotton,120,40,20,5.48,207.55,26.43333333,Kharif
78007,potato,180,60,90,5.14,1501.98,25.81818182,Rabi
92980,ragi,50,40,20,5.58,654.34,29.26666667,Kharif
25452,moong,20,40,20,5.46,840.46,33.58333333,Summer
47823,rice,80,40,40,5.4,579.75,34.01,Kharif
46856,coriander,10,20,20,6.32,884.5,27.65454545,Rabi
21338,sunflower,50,60,30,5.48,607.48,26.36666667,Whole Year
7481,wheat,60,30,30,6.7,73.47,23.562,Rabi
19645,rice,80,40,40,5.5,331.88,35.34666667,Kharif
36938,turmeric,25,60,100,4.86,1426.3,26.73636364,Kharif
40661,papaya,50,50,50,6.04,2169.32,23.73636364,Whole Year
67731,rapeseed,50,40,20,4.94,167.38,23.56,Rabi
55795,potato,180,60,90,4.98,1501.98,25.81818182,Rabi
53162,moong,20,40,20,5.5,167.38,23.56,Kharif
50900,maize,80,40,20,5.58,157.31,25.83333333,Kharif
86276,turmeric,25,60,100,4.92,2169.32,23.73636364,Kharif
27595,rice,80,40,40,5.66,1997.12,27.0,Kharif
53534,rapeseed,50,40,20,5.08,167.38,23.56,Rabi
40732,orange,20,10,10,3.9,2169.32,23.73636364,Whole Year
68250,potato,180,60,90,4.94,556.2,28.54545455,Rabi
15832,rapeseed,50,40,20,4.92,19.38,22.766,Rabi
77674,potato,180,60,90,4.96,169.82,14.6,Rabi
24171,moong,20,40,20,5.32,75.32,22.676,Kharif
1078,rice,80,40,40,5.62,87.2,23.106,Kharif
79660,coriander,10,20,20,6.52,1299.26,26.51818182,Rabi
49344,wheat,60,30,30,6.6,87.2,23.106,Rabi
75848,garlic,50,10,60,5.44,556.2,28.54545455,Rabi
12472,cotton,120,40,20,5.54,790.98,30.61666667,Kharif
97547,potato,180,60,90,4.82,167.38,23.56,Rabi
13774,potato,180,60,90,4.94,1111.68,28.64818182,Rabi
88429,sunflower,50,60,30,5.34,1111.68,28.64818182,Whole Year
94639,cotton,120,40,20,5.56,331.88,35.34666667,Kharif
24628,moong,20,40,20,5.44,1166.94,28.33333333,Summer
19761,potato,180,60,90,4.88,421.14,28.50727273,Rabi
11914,onion,120,60,65,6.04,1026.64,29.18636364,Rabi
81030,banana,100,75,50,6.4,1603.2375,22.89090909,Whole Year
9242,cotton,120,40,20,5.58,510.05,33.37333333,Kharif
21855,maize,80,40,20,5.56,207.55,26.43333333,Summer
82819,horsegram,20,60,20,5.88,167.38,23.56,Rabi
93572,blackpepper,100,60,50,5.1,2169.32,23.73636364,Whole Year
2083,maize,80,40,20,5.56,1011.49,30.43,Kharif
47552,potato,180,60,90,5.1,689.88,29.03727273,Rabi
58887,rice,80,40,40,5.6,1246.715,22.6,Kharif
83777,moong,20,40,20,5.66,884.5,27.65454545,Kharif
11518,rice,80,40,40,5.5,127.68,20.8,Kharif
56926,barley,70,40,45,5.6,87.2,23.106,Rabi
16801,rice,80,40,40,5.38,34.81,34.66666667,Kharif
62884,soyabean,20,60,20,5.4,1110.78,25.66666667,Kharif
62541,maize,80,40,20,5.5,579.75,34.01,Kharif
13359,horsegram,20,60,20,5.84,199.2125,21.3,Kharif
96957,rice,80,40,40,5.48,423.745,22.07,Kharif
60034,moong,20,40,20,5.52,607.48,26.36666667,Summer
34107,brinjal,80,15,40,6.4,1603.2375,22.89090909,Whole Year
88669,horsegram,20,60,20,5.88,73.47,23.562,Kharif
33011,potato,180,60,90,4.94,1299.26,26.51818182,Rabi
64332,ragi,50,40,20,5.46,840.46,33.58333333,Kharif
10213,wheat,60,30,30,6.11,75.32,22.676,Rabi
1638,ragi,50,40,20,5.6,157.31,25.83333333,Kharif
36974,sunflower,50,60,30,5.34,167.38,23.56,Whole Year
91691,onion,120,60,65,6.12,75.32,22.676,Rabi
36661,rapeseed,50,40,20,4.94,167.38,23.56,Rabi
87912,horsegram,20,60,20,6.16,1246.715,22.6,Kharif
35152,rapeseed,50,40,20,5.08,73.47,23.562,Rabi
65482,sunflower,50,60,30,5.54,199.2125,21.3,Whole Year
5541,coriander,10,20,20,6.66,1026.64,29.18636364,Rabi
64866,moong,20,40,20,5.46,790.98,30.61666667,Summer
13572,rice,80,40,40,5.54,330.0,29.33333333,Kharif
88554,rice,80,40,40,5.48,1111.68,28.64818182,Kharif
16615,barley,70,40,45,5.6,75.32,22.676,Rabi
44346,jowar,80,40,40,5.66,1011.49,30.43,Kharif
66361,coriander,10,20,20,6.6,1111.68,28.64818182,Rabi
26095,turmeric,25,60,100,5.08,1299.26,26.51818182,Kharif
45075,rice,80,40,40,5.42,423.745,22.07,Kharif
87993,horsegram,20,60,20,5.84,199.2125,21.3,Kharif
44734,onion,120,60,65,5.98,714.68,26.45454545,Kharif
77105,barley,70,40,45,5.34,75.32,22.676,Rabi
83751,banana,100,75,50,6.64,884.5,27.65454545,Whole Year
10288,onion,120,60,65,6.08,689.88,29.03727273,Kharif
87971,maize,80,40,20,5.58,1246.715,22.6,Kharif
27437,horsegram,20,60,20,6.08,1246.715,22.6,Kharif
15614,maize,80,40,20,5.68,510.05,33.37333333,Kharif
59636,maize,80,40,20,5.42,1011.49,30.43,Kharif
16678,moong,20,40,20,5.42,34.81,34.66666667,Kharif
61008,jowar,80,40,40,5.68,510.05,33.37333333,Rabi
34425,maize,80,40,20,5.58,157.31,25.83333333,Summer
16754,moong,20,40,20,5.38,579.75,34.01,Kharif
80916,ragi,50,40,20,5.56,1246.715,22.6,Kharif
53480,sunflower,50,60,30,5.34,167.38,23.56,Whole Year
2279,jowar,80,40,40,5.68,607.48,26.36666667,Kharif
69539,onion,120,60,65,5.88,34.81,34.66666667,Kharif
58324,rice,80,40,40,5.38,516.68,27.86666667,Kharif
54709,ragi,50,40,20,5.42,770.44,28.68,Kharif
32517,onion,120,60,65,5.98,1026.64,29.18636364,Rabi
2189,jowar,80,40,40,5.36,70.11,25.6,Kharif
44475,sweetpotato,90,20,120,4.98,1111.68,28.64818182,Kharif
54742,rice,80,40,40,5.52,98.94,25.574,Kharif
55428,jowar,80,40,40,5.48,579.75,34.01,Kharif
8134,maize,80,40,20,5.38,702.459,27.23333333,Kharif
48271,sunflower,50,60,30,5.56,1110.78,25.66666667,Whole Year
64454,ragi,50,40,20,5.48,840.46,33.58333333,Kharif
70777,rice,80,40,40,5.5,1712.66,11.2,Kharif
38804,moong,20,40,20,5.52,34.81,34.66666667,Summer
49651,banana,100,75,50,6.36,1026.64,29.18636364,Whole Year
31148,rice,80,40,40,5.52,1166.94,28.33333333,Kharif
12488,cotton,120,40,20,5.34,790.98,30.61666667,Kharif
82685,moong,20,40,20,5.42,167.38,23.56,Kharif
97831,rapeseed,50,40,20,4.84,19.38,22.766,Rabi
96034,cotton,120,40,20,5.64,1011.49,30.43,Kharif
44923,tomato,100,40,90,6.12,1350.025,26.01818182,Whole Year
77003,sweetpotato,90,20,120,4.94,579.75,34.01,Kharif
49960,rice,80,40,40,5.5,87.2,23.106,Kharif
27991,sweetpotato,90,20,120,4.96,1111.68,28.64818182,Kharif
31179,jute,80,40,40,5.44,1166.94,28.33333333,Kharif
46800,blackpepper,100,60,50,4.94,884.5,27.65454545,Whole Year
96103,soyabean,20,60,20,5.58,1011.49,30.43,Kharif
2738,ragi,50,40,20,5.42,167.38,23.56,Kharif
42839,jowar,80,40,40,5.42,1246.715,22.6,Rabi
52834,rice,80,40,40,5.36,235.4251,26.64666667,Kharif
65626,wheat,60,30,30,6.7,199.2125,21.3,Rabi
79371,maize,80,40,20,5.68,98.98,34.92333333,Summer
37184,onion,120,60,65,5.98,556.2,28.54545455,Kharif
27748,barley,70,40,45,5.58,73.47,23.562,Rabi
34978,cotton,120,40,20,5.58,1011.49,30.43,Kharif
68415,soyabean,20,60,20,5.38,510.05,33.37333333,Kharif
9517,moong,20,40,20,5.48,297.66,29.56666667,Summer
5676,sunflower,50,60,30,5.66,840.46,33.58333333,Whole Year
85536,potato,180,60,90,5.14,1501.98,25.81818182,Rabi
75739,garlic,50,10,60,5.62,556.2,28.54545455,Rabi
50811,rice,80,40,40,5.56,122.42,18.58,Kharif
55202,barley,70,40,45,5.62,75.32,22.676,Rabi
75637,cotton,120,40,20,5.54,411.52,34.73,Kharif
74917,jowar,80,40,40,5.32,607.48,26.36666667,Kharif
71215,moong,20,40,20,5.46,127.68,20.8,Summer
31595,sweetpotato,90,20,120,5.08,1037.32,28.08181818,Kharif
80809,rapeseed,50,40,20,5.12,199.2125,21.3,Rabi
3335,maize,80,40,20,5.32,884.5,27.65454545,Kharif
9206,soyabean,20,60,20,5.46,510.05,33.37333333,Kharif
32271,potato,180,60,90,5.0,2169.32,23.73636364,Rabi
12802,rice,80,40,40,5.36,516.68,27.86666667,Kharif
6694,maize,80,40,20,5.66,1246.715,22.6,Summer
24340,rapeseed,50,40,20,5.12,169.82,14.6,Rabi
7652,wheat,60,30,30,6.6,73.47,23.562,Rabi
69688,barley,70,40,45,5.56,75.32,22.676,Rabi
87708,maize,80,40,20,5.64,1246.715,22.6,Summer
65523,rice,80,40,40,5.68,1246.715,22.6,Kharif
64292,ragi,50,40,20,5.62,840.46,33.58333333,Kharif
42709,jowar,80,40,40,5.62,199.2125,21.3,Rabi
80374,rice,80,40,40,5.64,664.94,22.03333333,Kharif
16823,rice,80,40,40,5.38,579.75,34.01,Kharif
7492,soyabean,20,60,20,5.5,1011.49,30.43,Kharif
1361,rice,80,40,40,5.34,810.26,29.95636364,Kharif
86522,rapeseed,50,40,20,5.14,87.2,23.106,Rabi
81278,sweetpotato,90,20,120,4.9,2817.86,27.90909091,Rabi
22613,turmeric,25,60,100,4.86,556.2,28.54545455,Kharif
323,onion,120,60,65,5.94,2169.32,23.73636364,Kharif
3840,moong,20,40,20,5.56,34.81,34.66666667,Kharif
45885,jowar,80,40,40,5.64,510.05,33.37333333,Rabi
88123,moong,20,40,20,5.68,1246.715,22.6,Summer
50159,coriander,10,20,20,6.34,1299.26,26.51818182,Rabi
54125,banana,100,75,50,6.42,884.5,27.65454545,Whole Year
39540,ragi,50,40,20,5.62,1110.78,25.66666667,Kharif
62684,sunflower,50,60,30,5.62,34.81,34.66666667,Whole Year
12527,maize,80,40,20,5.52,331.88,35.34666667,Summer
24868,ragi,50,40,20,5.34,288.3,25.46,Kharif
12990,moong,20,40,20,5.58,199.2125,21.3,Kharif
19277,wheat,60,30,30,6.6,94.02,22.38,Rabi
8112,onion,120,60,65,6.14,702.459,27.23333333,Kharif
81609,barley,70,40,45,5.36,73.47,23.562,Rabi
45898,papaya,50,50,50,6.08,556.2,28.54545455,Whole Year
78938,potato,180,60,90,5.06,2169.32,23.73636364,Rabi
28042,wheat,60,30,30,6.9,73.47,23.562,Rabi
41680,horsegram,20,60,20,6.02,1151.02,28.03333333,Kharif
5497,maize,80,40,20,5.62,840.46,33.58333333,Summer
81107,sunflower,50,60,30,5.68,157.31,25.83333333,Whole Year
31513,jowar,80,40,40,5.34,288.3,25.46,Rabi
23962,moong,20,40,20,5.34,579.75,34.01,Kharif
9284,maize,80,40,20,5.54,1875.6,20.1,Summer
77677,garlic,50,10,60,5.48,1411.78,19.94545455,Rabi
50835,wheat,60,30,30,7.0,122.42,18.58,Rabi
60326,potato,180,60,90,5.14,742.0124,24.59818182,Rabi
70058,rapeseed,50,40,20,4.88,75.32,22.676,Rabi
3446,banana,100,75,50,6.66,884.5,27.65454545,Whole Year
28435,soyabean,20,60,20,5.6,607.48,26.36666667,Kharif
14865,maize,80,40,20,5.58,1145.22,28.5,Kharif
66976,onion,120,60,65,6.08,1111.68,28.64818182,Rabi
72244,rice,80,40,40,5.32,790.98,30.61666667,Kharif
50392,banana,100,75,50,6.48,810.26,29.95636364,Whole Year
19488,wheat,60,30,30,6.9,15.34,27.276,Rabi
39667,soyabean,20,60,20,5.62,1110.78,25.66666667,Kharif
18532,rice,80,40,40,5.58,98.98,34.92333333,Kharif
44318,potato,180,60,90,5.06,1111.68,28.64818182,Rabi
91608,sunflower,50,60,30,5.64,34.81,34.66666667,Whole Year
44334,cauliflower,80,70,50,6.32,1111.68,28.64818182,Rabi
86517,maize,80,40,20,5.44,840.46,33.58333333,Kharif
58121,rice,80,40,40,5.56,331.88,35.34666667,Kharif
7513,soyabean,20,60,20,5.4,1011.49,30.43,Kharif
39753,jute,80,40,40,5.32,1166.94,28.33333333,Kharif
36626,sweetpotato,90,20,120,5.0,1426.3,26.73636364,Rabi
85509,sunflower,50,60,30,5.56,1166.94,28.33333333,Whole Year
52420,jowar,80,40,40,5.4,607.48,26.36666667,Rabi
24095,maize,80,40,20,5.34,579.75,34.01,Summer
96930,jowar,80,40,40,5.66,607.48,26.36666667,Kharif
8774,maize,80,40,20,5.5,411.52,34.73,Summer
34098,sunflower,50,60,30,5.34,1246.715,22.6,Whole Year
40493,banana,100,75,50,6.48,2169.32,23.73636364,Whole Year
35532,cauliflower,80,70,50,6.42,1111.68,28.64818182,Rabi
172,sunflower,50,60,30,5.68,1712.66,11.2,Whole Year
25603,ragi,50,40,20,5.62,840.46,33.58333333,Kharif
71467,rapeseed,50,40,20,4.86,87.2,23.106,Rabi
27008,sunflower,50,60,30,5.38,199.2125,21.3,Whole Year
7329,sweetpotato,90,20,120,4.92,2817.86,27.90909091,Kharif
38337,rice,80,40,40,5.6,770.44,28.68,Kharif
95597,horsegram,20,60,20,6.02,1246.715,22.6,Rabi
82935,horsegram,20,60,20,6.16,167.38,23.56,Kharif
24840,sunflower,50,60,30,5.34,654.34,29.26666667,Whole Year
79053,maize,80,40,20,5.62,840.46,33.58333333,Kharif
63719,rapeseed,50,40,20,5.1,127.68,20.8,Rabi
24888,moong,20,40,20,5.46,288.3,25.46,Kharif
60579,moong,20,40,20,5.54,1145.22,28.5,Summer
9658,garlic,50,10,60,5.52,884.5,27.65454545,Rabi
40046,papaya,50,50,50,6.12,1037.32,28.08181818,Whole Year
33634,horsegram,20,60,20,6.1,664.94,22.03333333,Kharif
42699,cotton,120,40,20,5.48,1246.715,22.6,Kharif
56542,rapeseed,50,40,20,5.1,127.68,20.8,Rabi
18713,wheat,60,30,30,6.6,87.2,23.106,Rabi
48060,moong,20,40,20,5.62,34.81,34.66666667,Kharif
91304,onion,120,60,65,6.12,75.32,22.676,Rabi
34191,wheat,60,30,30,6.11,199.2125,21.3,Rabi
39174,onion,120,60,65,6.06,75.32,22.676,Rabi
22230,jute,80,40,40,5.38,1145.22,28.5,Kharif
1154,banana,100,75,50,6.38,1026.64,29.18636364,Whole Year
18024,horsegram,20,60,20,6.1,288.3,25.46,Kharif
24257,rice,80,40,40,5.44,579.75,34.01,Kharif
72046,moong,20,40,20,5.32,94.02,22.38,Kharif
45695,sunflower,50,60,30,5.46,167.38,23.56,Whole Year
82924,rapeseed,50,40,20,5.08,167.38,23.56,Rabi
57045,maize,80,40,20,5.48,98.98,34.92333333,Summer
68801,ragi,50,40,20,5.38,884.5,27.65454545,Kharif
58591,onion,120,60,65,5.9,157.31,25.83333333,Kharif
60602,potato,180,60,90,5.12,167.38,23.56,Rabi
53314,rice,80,40,40,5.4,113.7,30.26666667,Kharif
58154,rapeseed,50,40,20,5.18,240.1,10.38,Rabi
66161,sweetpotato,90,20,120,4.98,2817.86,27.90909091,Kharif
94538,wheat,60,30,30,7.0,15.34,27.276,Rabi
8159,rice,80,40,40,5.32,423.745,22.07,Kharif
47335,wheat,60,30,30,6.12,145.76,21.66,Rabi
12080,turmeric,25,60,100,4.82,1026.64,29.18636364,Kharif
69251,onion,120,60,65,5.82,34.81,34.66666667,Kharif
24386,onion,120,60,65,5.84,1411.78,19.94545455,Kharif
27942,garlic,50,10,60,5.4,1111.68,28.64818182,Rabi
67544,rapeseed,50,40,20,5.1,70.598,18.92,Rabi
4577,wheat,60,30,30,6.6,75.32,22.676,Rabi
81944,sweetpotato,90,20,120,5.1,1111.68,28.64818182,Kharif
85905,maize,80,40,20,5.36,1712.66,11.2,Kharif
24212,soyabean,20,60,20,5.46,579.75,34.01,Kharif
79022,wheat,60,30,30,6.5,87.2,23.106,Rabi
89691,rice,80,40,40,5.44,1145.22,28.5,Kharif
93012,ragi,50,40,20,5.54,288.3,25.46,Kharif
50038,coriander,10,20,20,6.4,1299.26,26.51818182,Rabi
59628,rapeseed,50,40,20,5.18,73.47,23.562,Rabi
38991,onion,120,60,65,6.06,34.81,34.66666667,Rabi
39703,maize,80,40,20,5.64,1166.94,28.33333333,Summer
89281,rice,80,40,40,5.68,607.48,26.36666667,Kharif
25405,barley,70,40,45,5.58,87.2,23.106,Rabi
47891,maize,80,40,20,5.66,579.75,34.01,Kharif
93295,rice,80,40,40,5.5,497.88,25.03333333,Kharif
53903,garlic,50,10,60,5.64,556.2,28.54545455,Rabi
62879,onion,120,60,65,6.02,1411.78,19.94545455,Kharif
50770,barley,70,40,45,5.34,122.42,18.58,Rabi
46513,tomato,100,40,90,6.0,884.5,27.65454545,Whole Year
22309,wheat,60,30,30,6.6,167.38,23.56,Rabi
53753,cotton,120,40,20,5.36,510.05,33.37333333,Kharif
71184,wheat,60,30,30,6.3,127.68,20.8,Rabi
6790,garlic,50,10,60,5.32,1603.2375,22.89090909,Rabi
51610,banana,100,75,50,6.4,2817.86,27.90909091,Whole Year
2831,maize,80,40,20,5.36,411.52,34.73,Kharif
86945,moong,20,40,20,5.36,1151.02,28.03333333,Summer
20198,rice,80,40,40,5.66,1246.715,22.6,Kharif
72709,onion,120,60,65,6.1,293.36,14.7,Rabi
69935,potato,180,60,90,4.92,75.32,22.676,Rabi
32268,orange,20,10,10,4.18,2169.32,23.73636364,Whole Year
56246,maize,80,40,20,5.5,654.34,29.26666667,Kharif
17150,rice,80,40,40,5.48,34.81,34.66666667,Kharif
35858,rapeseed,50,40,20,4.94,73.47,23.562,Rabi
36955,maize,80,40,20,5.6,1145.22,28.5,Summer
20950,rice,80,40,40,5.38,1011.49,30.43,Kharif
85482,moong,20,40,20,5.6,182.5,29.2,Summer
64917,banana,100,75,50,6.48,810.26,29.95636364,Whole Year
46181,wheat,60,30,30,6.4,19.38,22.766,Rabi
84293,rapeseed,50,40,20,4.84,75.32,22.676,Rabi
5592,blackgram,40,60,20,5.06,840.46,33.58333333,Kharif
41944,rapeseed,50,40,20,5.08,15.34,27.276,Rabi
54164,cotton,120,40,20,5.44,297.66,29.56666667,Kharif
70492,rice,80,40,40,5.62,152.54,22.28,Kharif
38607,wheat,60,30,30,6.3,145.76,21.66,Rabi
9639,sunflower,50,60,30,5.34,297.66,29.56666667,Whole Year
38713,onion,120,60,65,5.92,34.81,34.66666667,Kharif
63567,turmeric,25,60,100,5.1,2569.52,4.9,Kharif
12187,rapeseed,50,40,20,4.86,87.2,23.106,Rabi
8501,potato,180,60,90,4.88,167.38,23.56,Rabi
67129,moong,20,40,20,5.5,607.48,26.36666667,Summer
42887,garlic,50,10,60,5.64,1603.2375,22.89090909,Rabi
14173,jowar,80,40,40,5.58,1011.49,30.43,Rabi
53292,jowar,80,40,40,5.56,1145.22,28.5,Rabi
23131,rice,80,40,40,5.36,297.66,29.56666667,Kharif
53755,maize,80,40,20,5.58,510.05,33.37333333,Kharif
67006,potato,180,60,90,4.92,1111.68,28.64818182,Rabi
83547,onion,120,60,65,6.02,884.5,27.65454545,Kharif
21974,rapeseed,50,40,20,5.1,167.38,23.56,Rabi
25331,sweetpotato,90,20,120,5.04,2169.32,23.73636364,Kharif
24903,rice,80,40,40,5.42,654.34,29.26666667,Kharif
68701,rapeseed,50,40,20,5.08,884.5,27.65454545,Rabi
37287,rice,80,40,40,5.58,510.05,33.37333333,Kharif
30300,jowar,80,40,40,5.54,579.75,34.01,Kharif
94399,banana,100,75,50,6.54,810.26,29.95636364,Whole Year
24643,jute,80,40,40,5.6,1166.94,28.33333333,Kharif
53908,jowar,80,40,40,5.32,510.05,33.37333333,Rabi
72636,onion,120,60,65,5.82,240.1,10.38,Rabi
62743,garlic,50,10,60,5.66,689.88,29.03727273,Rabi
10670,moong,20,40,20,5.42,34.81,34.66666667,Summer
12073,rice,80,40,40,5.32,98.98,34.92333333,Kharif
56230,horsegram,20,60,20,6.16,288.3,25.46,Rabi
91141,ragi,50,40,20,5.62,770.44,28.68,Kharif
43681,onion,120,60,65,6.02,1111.68,28.64818182,Rabi
46592,brinjal,80,15,40,6.54,884.5,27.65454545,Whole Year
20901,rice,80,40,40,5.62,1011.49,30.43,Kharif
28747,maize,80,40,20,5.54,235.4251,26.64666667,Kharif
51133,horsegram,20,60,20,6.06,199.2125,21.3,Rabi
75961,potato,180,60,90,4.84,556.2,28.54545455,Rabi
10930,moong,20,40,20,5.52,182.5,29.2,Summer
39987,jowar,80,40,40,5.42,654.34,29.26666667,Kharif
48080,sunflower,50,60,30,5.5,579.75,34.01,Whole Year
41728,potato,180,60,90,4.88,1299.26,26.51818182,Rabi
95642,sunflower,50,60,30,5.54,157.31,25.83333333,Whole Year
9214,sweetpotato,90,20,120,4.82,556.2,28.54545455,Kharif
12422,potato,180,60,90,5.04,810.26,29.95636364,Rabi
18093,rice,80,40,40,5.42,497.88,25.03333333,Kharif
78699,turmeric,25,60,100,4.88,2169.32,23.73636364,Kharif
39447,onion,120,60,65,6.04,34.81,34.66666667,Rabi
72120,rice,80,40,40,5.46,1151.02,28.03333333,Kharif
49873,maize,80,40,20,5.66,87.2,23.106,Kharif
79542,potato,180,60,90,5.06,840.46,33.58333333,Rabi
67543,soyabean,20,60,20,5.58,207.55,26.43333333,Kharif
30142,jowar,80,40,40,5.5,770.44,28.68,Rabi
59603,potato,180,60,90,4.82,1111.68,28.64818182,Rabi
88544,moong,20,40,20,5.66,1011.49,30.43,Summer
71763,ragi,50,40,20,5.42,840.46,33.58333333,Kharif
25469,maize,80,40,20,5.44,840.46,33.58333333,Summer
9482,onion,120,60,65,6.04,884.5,27.65454545,Kharif
48660,potato,180,60,90,5.06,1501.98,25.81818182,Rabi
19926,rice,80,40,40,5.44,516.68,27.86666667,Kharif
62611,sweetpotato,90,20,120,5.1,689.88,29.03727273,Kharif
3161,turmeric,25,60,100,5.02,884.5,27.65454545,Kharif
52171,onion,120,60,65,5.84,1111.68,28.64818182,Rabi
61838,soyabean,20,60,20,5.68,770.44,28.68,Kharif
13249,ragi,50,40,20,5.46,1246.715,22.6,Kharif
16783,barley,70,40,45,5.62,75.32,22.676,Rabi
20803,rice,80,40,40,5.36,1011.49,30.43,Kharif
42528,mango,20,20,30,5.18,1603.2375,22.89090909,Summer
13585,blackpepper,100,60,50,4.82,2817.86,27.90909091,Whole Year
94893,onion,120,60,65,6.02,240.1,10.38,Kharif
15760,garlic,50,10,60,5.4,556.2,28.54545455,Rabi
17590,potato,180,60,90,4.84,152.54,22.28,Rabi
8844,moong,20,40,20,5.36,510.05,33.37333333,Summer
49550,potato,180,60,90,4.92,1026.64,29.18636364,Rabi
45681,wheat,60,30,30,6.4,167.38,23.56,Rabi
67473,rice,80,40,40,5.46,235.4251,26.64666667,Kharif
21463,sunflower,50,60,30,5.68,70.11,25.6,Whole Year
21501,maize,80,40,20,5.54,70.11,25.6,Summer
85861,maize,80,40,20,5.42,654.34,29.26666667,Summer
37647,cabbage,100,65,70,6.36,884.5,27.65454545,Rabi
22935,banana,100,75,50,6.48,884.5,27.65454545,Whole Year
86579,barley,70,40,45,5.36,87.2,23.106,Rabi
82590,soyabean,20,60,20,5.38,207.55,26.43333333,Kharif
27335,horsegram,20,60,20,6.14,199.2125,21.3,Rabi
61220,rapeseed,50,40,20,5.04,19.38,22.766,Rabi
72118,maize,80,40,20,5.52,1151.02,28.03333333,Summer
19908,rice,80,40,40,5.54,516.68,27.86666667,Kharif
10180,rice,80,40,40,5.32,579.75,34.01,Kharif
31043,rice,80,40,40,5.6,169.82,14.6,Kharif
44298,sweetpotato,90,20,120,5.08,1111.68,28.64818182,Rabi
64419,maize,80,40,20,5.48,840.46,33.58333333,Summer
66419,jowar,80,40,40,5.54,1011.49,30.43,Rabi
49335,jute,80,40,40,5.54,840.46,33.58333333,Kharif
42515,rapeseed,50,40,20,4.92,199.2125,21.3,Rabi
82725,moong,20,40,20,5.62,1145.22,28.5,Kharif
3238,banana,100,75,50,6.58,297.66,29.56666667,Whole Year
17954,rice,80,40,40,5.42,654.34,29.26666667,Kharif
16319,cardamom,75,75,150,5.0,884.5,27.65454545,Kharif
986,maize,80,40,20,5.52,840.46,33.58333333,Summer
16112,sweetpotato,90,20,120,4.82,884.5,27.65454545,Kharif
81181,ragi,50,40,20,5.68,157.31,25.83333333,Kharif
17711,jowar,80,40,40,5.36,1166.94,28.33333333,Kharif
12275,sweetpotato,90,20,120,4.96,1026.64,29.18636364,Rabi
15056,moong,20,40,20,5.44,1145.22,28.5,Summer
79728,banana,100,75,50,6.42,1299.26,26.51818182,Whole Year
44207,banana,100,75,50,6.6,1111.68,28.64818182,Whole Year
95814,blackpepper,100,60,50,4.84,2817.86,27.90909091,Whole Year
67981,moong,20,40,20,5.62,167.38,23.56,Kharif
39607,potato,180,60,90,4.86,1110.78,25.66666667,Rabi
71522,rapeseed,50,40,20,4.96,87.2,23.106,Rabi
63992,rice,80,40,40,5.4,127.68,20.8,Kharif
58207,coriander,10,20,20,6.44,240.1,10.38,Rabi
92200,onion,120,60,65,6.04,34.81,34.66666667,Rabi
79726,rapeseed,50,40,20,5.1,94.02,22.38,Rabi
45398,garlic,50,10,60,5.4,1426.3,26.73636364,Rabi
4205,jowar,80,40,40,5.56,579.75,34.01,Rabi
46354,papaya,50,50,50,6.0,884.5,27.65454545,Whole Year
194,rapeseed,50,40,20,5.18,241.78,1.18,Rabi
60694,horsegram,20,60,20,6.18,167.38,23.56,Kharif
78373,banana,100,75,50,6.68,1037.32,28.08181818,Whole Year
17169,barley,70,40,45,5.54,75.32,22.676,Rabi
19530,jowar,80,40,40,5.58,790.98,30.61666667,Rabi
30947,rice,80,40,40,5.54,579.75,34.01,Kharif
97487,moong,20,40,20,5.46,113.7,30.26666667,Summer
21163,onion,120,60,65,6.18,1111.68,28.64818182,Kharif
50456,cotton,120,40,20,5.62,790.98,30.61666667,Kharif
19833,rapeseed,50,40,20,4.92,240.1,10.38,Rabi
45516,rice,80,40,40,5.46,1145.22,28.5,Kharif
62231,wheat,60,30,30,6.6,75.32,22.676,Rabi
9721,rice,80,40,40,5.36,770.44,28.68,Kharif
52742,banana,100,75,50,6.54,1050.245,18.77818182,Whole Year
23315,coriander,10,20,20,6.66,942.8,28.99454545,Rabi
87233,maize,80,40,20,5.46,790.98,30.61666667,Kharif
84041,moong,20,40,20,5.64,98.94,25.574,Kharif
21211,sunflower,50,60,30,5.54,1011.49,30.43,Whole Year
34211,ragi,50,40,20,5.56,1246.715,22.6,Kharif
57723,horsegram,20,60,20,6.12,1151.02,28.03333333,Rabi
18843,potato,180,60,90,5.12,1026.64,29.18636364,Rabi
53525,garlic,50,10,60,5.36,1426.3,26.73636364,Rabi
9817,jowar,80,40,40,5.62,770.44,28.68,Kharif
34516,maize,80,40,20,5.42,157.31,25.83333333,Kharif
95499,sunflower,50,60,30,5.64,199.2125,21.3,Whole Year
36805,jowar,80,40,40,5.42,1145.22,28.5,Kharif
96940,banana,100,75,50,6.36,423.745,22.07,Whole Year
4013,maize,80,40,20,5.4,579.75,34.01,Kharif
28346,jowar,80,40,40,5.66,607.48,26.36666667,Kharif
15397,coriander,10,20,20,6.34,167.38,23.56,Rabi
67422,jute,80,40,40,5.38,56.236,15.852,Kharif
5992,maize,80,40,20,5.36,840.46,33.58333333,Kharif
60251,rice,80,40,40,5.4,56.236,15.852,Kharif
14982,sunflower,50,60,30,5.5,167.38,23.56,Whole Year
13822,soyabean,20,60,20,5.48,1011.49,30.43,Kharif
71497,sweetpotato,90,20,120,4.88,1026.64,29.18636364,Kharif
30710,wheat,60,30,30,6.11,75.32,22.676,Rabi
19170,sunflower,50,60,30,5.62,1151.02,28.03333333,Whole Year
29186,jowar,80,40,40,5.66,1145.22,28.5,Rabi
86090,rice,80,40,40,5.46,497.88,25.03333333,Kharif
2185,jowar,80,40,40,5.64,607.48,26.36666667,Kharif
48246,rapeseed,50,40,20,4.82,75.32,22.676,Rabi
20603,rice,80,40,40,5.52,490.74,27.6,Kharif
52702,soyabean,20,60,20,5.46,423.745,22.07,Kharif
45877,coriander,10,20,20,6.64,556.2,28.54545455,Rabi
89209,rice,80,40,40,5.44,607.48,26.36666667,Kharif
92058,rice,80,40,40,5.32,579.75,34.01,Kharif
28157,barley,70,40,45,5.46,73.47,23.562,Rabi
3715,potato,180,60,90,4.92,689.88,29.03727273,Rabi
36038,jowar,80,40,40,5.66,70.11,25.6,Kharif
98568,jowar,80,40,40,5.64,579.75,34.01,Kharif
64988,rice,80,40,40,5.6,3.94,33.76333333,Kharif
74894,maize,80,40,20,5.5,37.09,27.96666667,Kharif
83870,moong,20,40,20,5.5,884.5,27.65454545,Kharif
4442,onion,120,60,65,5.9,579.75,34.01,Rabi
98574,potato,180,60,90,5.14,75.32,22.676,Rabi
30127,sunflower,50,60,30,5.32,770.44,28.68,Whole Year
43357,drumstick,40,20,10,6.58,2817.86,27.90909091,Whole Year
33364,rapeseed,50,40,20,4.94,15.34,27.276,Rabi
76885,sunflower,50,60,30,5.48,34.81,34.66666667,Whole Year
55269,jowar,80,40,40,5.42,579.75,34.01,Kharif
77316,moong,20,40,20,5.48,579.75,34.01,Kharif
48078,rice,80,40,40,5.62,579.75,34.01,Kharif
30554,potato,180,60,90,5.06,689.88,29.03727273,Rabi
43946,rapeseed,50,40,20,5.0,73.47,23.562,Rabi
50595,sweetpotato,90,20,120,5.12,421.14,28.50727273,Rabi
83910,cotton,120,40,20,5.46,884.5,27.65454545,Kharif
2767,ragi,50,40,20,5.42,167.38,23.56,Kharif
66407,soyabean,20,60,20,5.52,1011.49,30.43,Kharif
35456,coriander,10,20,20,6.34,1111.68,28.64818182,Rabi
32017,orange,20,10,10,4.04,2169.32,23.73636364,Whole Year
3272,ragi,50,40,20,5.68,884.5,27.65454545,Kharif
13643,turmeric,25,60,100,5.16,1111.68,28.64818182,Kharif
92417,maize,80,40,20,5.36,1110.78,25.66666667,Kharif
81764,onion,120,60,65,6.18,1111.68,28.64818182,Rabi
48072,maize,80,40,20,5.54,34.81,34.66666667,Kharif
87144,jowar,80,40,40,5.48,1151.02,28.03333333,Kharif
98593,onion,120,60,65,6.14,75.32,22.676,Kharif
17190,maize,80,40,20,5.44,579.75,34.01,Summer
76490,cotton,120,40,20,5.46,884.5,27.65454545,Kharif
62614,maize,80,40,20,5.34,579.75,34.01,Summer
963,coriander,10,20,20,6.64,1026.64,29.18636364,Rabi
65880,sunflower,50,60,30,5.58,157.31,25.83333333,Whole Year
57567,horsegram,20,60,20,6.02,1151.02,28.03333333,Rabi
40766,rice,80,40,40,5.46,497.88,25.03333333,Kharif
81775,garlic,50,10,60,5.32,1111.68,28.64818182,Rabi
79572,onion,120,60,65,5.9,1026.64,29.18636364,Kharif
93838,rice,80,40,40,5.64,87.2,23.106,Kharif
9276,rapeseed,50,40,20,4.96,140.52,12.5,Rabi
49123,rice,80,40,40,5.56,497.88,25.03333333,Kharif
478,rice,80,40,40,5.5,1543.76,27.33333333,Kharif
73716,sunflower,50,60,30,5.32,157.31,25.83333333,Whole Year
43823,potato,180,60,90,4.92,1111.68,28.64818182,Rabi
49548,coriander,10,20,20,6.42,1026.64,29.18636364,Rabi
92023,wheat,60,30,30,6.8,75.32,22.676,Rabi
39207,rice,80,40,40,5.68,579.75,34.01,Kharif
56252,horsegram,20,60,20,6.1,288.3,25.46,Rabi
87108,moong,20,40,20,5.42,1151.02,28.03333333,Summer
74143,coriander,10,20,20,6.62,1111.68,28.64818182,Rabi
70745,maize,80,40,20,5.34,1712.66,11.2,Summer
1447,wheat,60,30,30,6.3,41.3,21.704,Rabi
92266,maize,80,40,20,5.42,34.81,34.66666667,Summer
12640,potato,180,60,90,4.98,421.14,28.50727273,Rabi
34453,ragi,50,40,20,5.6,1246.715,22.6,Kharif
20667,sweetpotato,90,20,120,4.88,2817.86,27.90909091,Rabi
3559,banana,100,75,50,6.46,297.66,29.56666667,Whole Year
44274,mango,20,20,30,4.92,1111.68,28.64818182,Summer
32787,maize,80,40,20,5.52,840.46,33.58333333,Summer
77040,rapeseed,50,40,20,4.94,75.32,22.676,Rabi
55806,sunflower,50,60,30,5.5,1166.94,28.33333333,Whole Year
33251,garlic,50,10,60,5.5,1299.26,26.51818182,Rabi
74752,sunflower,50,60,30,5.4,607.48,26.36666667,Whole Year
55181,rapeseed,50,40,20,4.98,75.32,22.676,Rabi
85047,wheat,60,30,30,7.0,75.32,22.676,Rabi
99064,barley,70,40,45,5.56,75.32,22.676,Rabi
77983,barley,70,40,45,5.34,152.54,22.28,Rabi
53561,maize,80,40,20,5.44,1145.22,28.5,Summer
22262,rice,80,40,40,5.38,167.38,23.56,Kharif
72888,potato,180,60,90,5.18,122.42,18.58,Rabi
73954,sweetpotato,90,20,120,5.18,1111.68,28.64818182,Rabi
7520,jowar,80,40,40,5.42,1011.49,30.43,Rabi
97303,rice,80,40,40,5.42,167.38,23.56,Kharif
17419,sunflower,50,60,30,5.64,579.75,34.01,Whole Year
40952,rapeseed,50,40,20,4.94,87.2,23.106,Rabi
29057,maize,80,40,20,5.44,1145.22,28.5,Summer
3585,moong,20,40,20,5.46,98.94,25.574,Summer
83728,cotton,120,40,20,5.58,884.5,27.65454545,Kharif
78897,wheat,60,30,30,7.0,127.68,20.8,Rabi
22387,ragi,50,40,20,5.48,162.72,29.4,Kharif
63466,onion,120,60,65,6.0,288.3,25.46,Rabi
66011,maize,80,40,20,5.32,157.31,25.83333333,Summer
62337,jowar,80,40,40,5.44,579.75,34.01,Kharif
33296,wheat,60,30,30,6.1,15.34,27.276,Rabi
24669,potato,180,60,90,5.18,1501.98,25.81818182,Rabi
27380,ragi,50,40,20,5.58,199.2125,21.3,Kharif
6084,sunflower,50,60,30,5.58,840.46,33.58333333,Whole Year
28083,wheat,60,30,30,6.4,73.47,23.562,Rabi
59350,jowar,80,40,40,5.58,1011.49,30.43,Rabi
34800,rice,80,40,40,5.5,490.74,27.6,Kharif
67679,moong,20,40,20,5.48,113.7,30.26666667,Summer
4308,maize,80,40,20,5.46,579.75,34.01,Kharif
65518,jowar,80,40,40,5.6,1246.715,22.6,Rabi
44004,horsegram,20,60,20,6.04,1011.49,30.43,Kharif
18969,horsegram,20,60,20,6.12,840.46,33.58333333,Kharif
30830,sunflower,50,60,30,5.44,579.75,34.01,Whole Year
31393,turmeric,25,60,100,4.86,1501.98,25.81818182,Kharif
10650,maize,80,40,20,5.38,579.75,34.01,Kharif
39523,rapeseed,50,40,20,5.14,169.82,14.6,Rabi
54075,rapeseed,50,40,20,5.0,19.38,22.766,Rabi
25802,coriander,10,20,20,6.38,1026.64,29.18636364,Rabi
68810,cotton,120,40,20,5.54,884.5,27.65454545,Kharif
47288,cucumber,60,60,85,6.6,942.8,28.99454545,Kharif
5326,rice,80,40,40,5.42,127.68,20.8,Kharif
30864,rapeseed,50,40,20,4.82,75.32,22.676,Rabi
44321,turmeric,25,60,100,5.02,1111.68,28.64818182,Kharif
9115,jowar,80,40,40,5.48,510.05,33.37333333,Rabi
55004,wheat,60,30,30,6.12,75.32,22.676,Rabi
56168,rapeseed,50,40,20,4.84,288.3,25.46,Rabi
938,barley,70,40,45,5.54,87.2,23.106,Rabi
9812,rice,80,40,40,5.6,98.94,25.574,Kharif
69598,rice,80,40,40,5.56,579.75,34.01,Kharif
28686,rice,80,40,40,5.6,423.745,22.07,Kharif
90780,onion,120,60,65,5.84,884.5,27.65454545,Kharif
5995,maize,80,40,20,5.64,87.2,23.106,Kharif
89052,coriander,10,20,20,6.62,1111.68,28.64818182,Rabi
50573,wheat,60,30,30,6.1,41.3,21.704,Rabi
64932,rapeseed,50,40,20,5.0,15.34,27.276,Rabi
4579,moong,20,40,20,5.32,34.81,34.66666667,Kharif
41902,wheat,60,30,30,6.4,15.34,27.276,Rabi
41447,maize,80,40,20,5.38,840.46,33.58333333,Summer
91134,turmeric,25,60,100,5.14,942.8,28.99454545,Kharif
48412,wheat,60,30,30,6.8,169.82,14.6,Rabi
69220,potato,180,60,90,4.9,75.32,22.676,Rabi
2328,jowar,80,40,40,5.42,607.48,26.36666667,Rabi
8147,jute,80,40,40,5.62,423.745,22.07,Kharif
9405,banana,100,75,50,6.54,884.5,27.65454545,Whole Year
35296,jowar,80,40,40,5.58,1011.49,30.43,Rabi
85916,rice,80,40,40,5.68,1712.66,11.2,Kharif
16111,potato,180,60,90,5.0,884.5,27.65454545,Rabi
92805,onion,120,60,65,6.16,288.3,25.46,Kharif
30656,wheat,60,30,30,6.12,75.32,22.676,Rabi
68725,banana,100,75,50,6.58,884.5,27.65454545,Whole Year
22753,rapeseed,50,40,20,4.86,19.38,22.766,Rabi
80544,potato,180,60,90,5.06,1246.715,22.6,Rabi
3218,ragi,50,40,20,5.46,884.5,27.65454545,Kharif
83949,onion,120,60,65,6.16,884.5,27.65454545,Kharif
94766,sunflower,50,60,30,5.38,331.88,35.34666667,Whole Year
76921,rice,80,40,40,5.52,579.75,34.01,Kharif
85036,jowar,80,40,40,5.68,579.75,34.01,Kharif
5994,barley,70,40,45,5.5,87.2,23.106,Rabi
10172,wheat,60,30,30,6.4,75.32,22.676,Rabi
34874,drumstick,40,20,10,6.52,2817.86,27.90909091,Whole Year
4207,moong,20,40,20,5.52,579.75,34.01,Kharif
31020,moong,20,40,20,5.42,1110.78,25.66666667,Kharif
46016,cotton,120,40,20,5.64,510.05,33.37333333,Kharif
47568,turmeric,25,60,100,4.88,689.88,29.03727273,Kharif
59697,potato,180,60,90,5.06,1111.68,28.64818182,Rabi
57451,moong,20,40,20,5.52,840.46,33.58333333,Summer
61208,rapeseed,50,40,20,5.0,19.38,22.766,Rabi
72846,potato,180,60,90,4.84,122.42,18.58,Rabi
73117,horsegram,20,60,20,5.9,1246.715,22.6,Kharif
86571,rapeseed,50,40,20,4.82,87.2,23.106,Rabi
53640,maize,80,40,20,5.32,411.52,34.73,Kharif
62769,rice,80,40,40,5.36,579.75,34.01,Kharif
62975,sunflower,50,60,30,5.48,1166.94,28.33333333,Whole Year
35366,brinjal,80,15,40,6.58,1111.68,28.64818182,Whole Year
85604,horsegram,20,60,20,6.16,152.54,22.28,Kharif
75786,moong,20,40,20,5.6,510.05,33.37333333,Kharif
77322,onion,120,60,65,6.02,75.32,22.676,Rabi
21010,jowar,80,40,40,5.6,1011.49,30.43,Rabi
53784,moong,20,40,20,5.38,510.05,33.37333333,Kharif
69264,maize,80,40,20,5.68,34.81,34.66666667,Summer
47485,potato,180,60,90,5.08,689.88,29.03727273,Rabi
5748,maize,80,40,20,5.52,98.98,34.92333333,Summer
49721,rapeseed,50,40,20,4.88,87.2,23.106,Rabi
18938,barley,70,40,45,5.5,87.2,23.106,Rabi
61447,turmeric,25,60,100,4.94,884.5,27.65454545,Kharif
9146,rice,80,40,40,5.48,510.05,33.37333333,Kharif
49090,sweetpotato,90,20,120,5.14,2169.32,23.73636364,Rabi
12743,barley,70,40,45,5.68,240.1,10.38,Rabi
74485,wheat,60,30,30,6.5,73.47,23.562,Rabi
54419,horsegram,20,60,20,5.88,297.66,29.56666667,Rabi
57808,wheat,60,30,30,6.1,15.34,27.276,Rabi
2310,wheat,60,30,30,6.3,70.11,25.6,Rabi
82099,wheat,60,30,30,6.9,70.11,25.6,Rabi
44718,sunflower,50,60,30,5.6,37.09,27.96666667,Whole Year
88181,horsegram,20,60,20,6.0,199.2125,21.3,Rabi
18048,rice,80,40,40,5.48,1712.66,11.2,Kharif
14315,maize,80,40,20,5.38,70.11,25.6,Kharif
99730,maize,80,40,20,5.64,1166.94,28.33333333,Kharif
29982,cotton,120,40,20,5.62,297.66,29.56666667,Kharif
55875,rice,80,40,40,5.64,152.54,22.28,Kharif
6996,blackpepper,100,60,50,4.94,1603.2375,22.89090909,Whole Year
96365,soyabean,20,60,20,5.4,1011.49,30.43,Kharif
49132,moong,20,40,20,5.62,127.68,20.8,Summer
96433,cotton,120,40,20,5.64,1011.49,30.43,Kharif
18742,moong,20,40,20,5.46,87.2,23.106,Summer
95080,ragi,50,40,20,5.44,1246.715,22.6,Kharif
24010,barley,70,40,45,5.62,75.32,22.676,Rabi
25731,rapeseed,50,40,20,4.96,87.2,23.106,Rabi
28567,maize,80,40,20,5.58,607.48,26.36666667,Summer
79368,rapeseed,50,40,20,4.92,87.2,23.106,Rabi
80760,jowar,80,40,40,5.48,199.2125,21.3,Kharif
27143,sunflower,50,60,30,5.4,157.31,25.83333333,Whole Year
30004,horsegram,20,60,20,5.98,770.44,28.68,Rabi
7441,rapeseed,50,40,20,5.06,73.47,23.562,Rabi
62437,maize,80,40,20,5.42,579.75,34.01,Kharif
89926,ragi,50,40,20,5.34,113.7,30.26666667,Kharif
49133,rapeseed,50,40,20,4.94,127.68,20.8,Rabi
96692,sunflower,50,60,30,5.54,607.48,26.36666667,Whole Year
60738,wheat,60,30,30,6.9,113.7,30.26666667,Rabi
64859,rapeseed,50,40,20,4.86,15.34,27.276,Rabi
27558,rice,80,40,40,5.6,490.74,27.6,Kharif
19891,onion,120,60,65,5.84,1089.6,20.70909091,Kharif
5065,turmeric,25,60,100,4.9,2569.52,4.9,Kharif
87170,rice,80,40,40,5.5,141.46,28.474,Kharif
70862,blackpepper,100,60,50,4.88,2169.32,23.73636364,Whole Year
18987,onion,120,60,65,6.1,1026.64,29.18636364,Rabi
49375,barley,70,40,45,5.4,87.2,23.106,Rabi
9119,barley,70,40,45,5.4,19.38,22.766,Rabi
64321,maize,80,40,20,5.6,87.2,23.106,Summer
32929,moong,20,40,20,5.46,840.46,33.58333333,Kharif
76746,barley,70,40,45,5.32,75.32,22.676,Rabi
63524,jowar,80,40,40,5.6,654.34,29.26666667,Rabi
33432,wheat,60,30,30,6.11,15.34,27.276,Rabi
14856,sweetpotato,90,20,120,5.08,167.38,23.56,Kharif
9459,rice,80,40,40,5.58,297.66,29.56666667,Kharif
3308,turmeric,25,60,100,4.96,884.5,27.65454545,Kharif
41677,onion,120,60,65,6.08,1299.26,26.51818182,Rabi
22511,rapeseed,50,40,20,5.14,19.38,22.766,Rabi
90841,banana,100,75,50,6.64,884.5,27.65454545,Whole Year
52696,turmeric,25,60,100,5.0,1350.025,26.01818182,Kharif
10507,onion,120,60,65,5.96,689.88,29.03727273,Rabi
1811,jowar,80,40,40,5.38,1246.715,22.6,Kharif
2167,cotton,120,40,20,5.52,714.68,26.45454545,Kharif
85876,banana,100,75,50,6.46,1037.32,28.08181818,Whole Year
32372,barley,70,40,45,5.34,87.2,23.106,Rabi
40206,tomato,100,40,90,6.04,1037.32,28.08181818,Whole Year
63476,cotton,120,40,20,5.42,654.34,29.26666667,Kharif
55073,wheat,60,30,30,6.5,75.32,22.676,Rabi
59901,maize,80,40,20,5.4,1011.49,30.43,Kharif
8240,rice,80,40,40,5.46,85.24316,21.482,Kharif
22598,cotton,120,40,20,5.38,510.05,33.37333333,Kharif
1291,maize,80,40,20,5.34,810.26,29.95636364,Kharif
87387,rice,80,40,40,5.64,331.88,35.34666667,Kharif
48389,potato,180,60,90,4.92,1411.78,19.94545455,Rabi
630,turmeric,25,60,100,4.98,1026.64,29.18636364,Kharif
83492,wheat,60,30,30,6.5,19.38,22.766,Rabi
57374,barley,70,40,45,5.44,87.2,23.106,Rabi
20166,onion,120,60,65,5.98,1603.2375,22.89090909,Rabi
62192,barley,70,40,45,5.48,75.32,22.676,Rabi
26516,cotton,120,40,20,5.34,331.88,35.34666667,Kharif
81101,sunflower,50,60,30,5.68,199.2125,21.3,Whole Year
52305,rapeseed,50,40,20,5.02,73.47,23.562,Rabi
69120,potato,180,60,90,5.16,942.8,28.99454545,Rabi
31287,wheat,60,30,30,6.8,152.54,22.28,Rabi
42371,wheat,60,30,30,6.4,293.36,14.7,Rabi
32725,potato,180,60,90,4.96,1026.64,29.18636364,Rabi
35991,maize,80,40,20,5.58,607.48,26.36666667,Summer
33429,jowar,80,40,40,5.46,790.98,30.61666667,Rabi
14594,sunflower,50,60,30,5.4,70.11,25.6,Whole Year
47033,drumstick,40,20,10,6.34,884.5,27.65454545,Whole Year
27604,cardamom,75,75,150,5.02,2817.86,27.90909091,Kharif
50434,rice,80,40,40,5.6,3.94,33.76333333,Kharif
6811,rice,80,40,40,5.62,157.31,25.83333333,Kharif
25488,sweetpotato,90,20,120,5.0,1026.64,29.18636364,Rabi
80433,potato,180,60,90,5.12,293.36,14.7,Rabi
55234,maize,80,40,20,5.62,579.75,34.01,Summer
54769,jute,80,40,40,5.54,1220.22,27.26666667,Kharif
18596,rapeseed,50,40,20,4.82,87.2,23.106,Rabi
31448,moong,20,40,20,5.5,288.3,25.46,Summer
77158,rice,80,40,40,5.66,34.81,34.66666667,Kharif
37762,cucumber,60,60,85,6.4,884.5,27.65454545,Summer
60192,onion,120,60,65,5.94,1350.025,26.01818182,Rabi
28895,coriander,10,20,20,6.32,1426.3,26.73636364,Rabi
73142,coriander,10,20,20,6.48,1603.2375,22.89090909,Rabi
6888,coriander,10,20,20,6.58,1603.2375,22.89090909,Rabi
46934,cotton,120,40,20,5.5,297.66,29.56666667,Kharif
12562,rapeseed,50,40,20,5.16,41.3,21.704,Rabi
80348,coriander,10,20,20,6.68,240.1,10.38,Rabi
58512,onion,120,60,65,6.1,1246.715,22.6,Rabi
55278,sunflower,50,60,30,5.34,34.81,34.66666667,Whole Year
80895,rapeseed,50,40,20,4.98,199.2125,21.3,Rabi
98294,maize,80,40,20,5.58,770.44,28.68,Kharif
70828,blackpepper,100,60,50,4.9,2169.32,23.73636364,Whole Year
12599,rice,80,40,40,5.56,331.88,35.34666667,Kharif
66614,onion,120,60,65,5.82,1111.68,28.64818182,Rabi
28241,maize,80,40,20,5.66,1011.49,30.43,Summer
34352,rapeseed,50,40,20,5.08,199.2125,21.3,Rabi
5554,rapeseed,50,40,20,5.04,87.2,23.106,Rabi
89794,rapeseed,50,40,20,4.88,167.38,23.56,Rabi
78456,potato,180,60,90,4.9,2569.52,4.9,Rabi
34513,rice,80,40,40,5.32,199.2125,21.3,Kharif
92505,maize,80,40,20,5.54,182.5,29.2,Summer
34309,papaya,50,50,50,6.02,1603.2375,22.89090909,Whole Year
69755,rice,80,40,40,5.44,579.75,34.01,Kharif
52172,potato,180,60,90,5.14,1111.68,28.64818182,Rabi
47849,moong,20,40,20,5.58,579.75,34.01,Summer
35636,cabbage,100,65,70,6.62,1111.68,28.64818182,Rabi
56272,ragi,50,40,20,5.48,654.34,29.26666667,Kharif
65816,sunflower,50,60,30,5.66,199.2125,21.3,Whole Year
10672,potato,180,60,90,4.92,689.88,29.03727273,Rabi
98422,moong,20,40,20,5.42,98.94,25.574,Summer
49904,wheat,60,30,30,6.4,87.2,23.106,Rabi
33168,rapeseed,50,40,20,4.88,94.02,22.38,Rabi
23996,maize,80,40,20,5.46,579.75,34.01,Kharif
41077,rice,80,40,40,5.32,87.2,23.106,Kharif
50741,rapeseed,50,40,20,4.82,122.42,18.58,Rabi
13122,cotton,120,40,20,5.36,1246.715,22.6,Kharif
79620,moong,20,40,20,5.68,1151.02,28.03333333,Kharif
59466,maize,80,40,20,5.32,1011.49,30.43,Kharif
61299,potato,180,60,90,4.88,556.2,28.54545455,Rabi
10602,sunflower,50,60,30,5.66,75.32,22.676,Whole Year
36778,horsegram,20,60,20,6.02,1145.22,28.5,Rabi
72188,potato,180,60,90,4.84,94.02,22.38,Rabi
86380,rice,80,40,40,5.5,1543.76,27.33333333,Kharif
79511,rice,80,40,40,5.64,840.46,33.58333333,Kharif
15906,onion,120,60,65,6.02,556.2,28.54545455,Rabi
69151,rapeseed,50,40,20,5.06,145.76,21.66,Rabi
31800,brinjal,80,15,40,6.62,1037.32,28.08181818,Whole Year
328,turmeric,25,60,100,4.84,2169.32,23.73636364,Kharif
74739,sunflower,50,60,30,5.44,607.48,26.36666667,Whole Year
29804,rice,80,40,40,5.66,1875.6,20.1,Kharif
87875,jowar,80,40,40,5.46,157.31,25.83333333,Rabi
40038,bottlegourd,100,50,50,6.36,1037.32,28.08181818,Summer
52209,wheat,60,30,30,6.12,73.47,23.562,Rabi
6280,rice,80,40,40,5.52,790.98,30.61666667,Kharif
11413,turmeric,25,60,100,4.94,2169.32,23.73636364,Kharif
59295,rice,80,40,40,5.42,1997.12,27.0,Kharif
79450,ragi,50,40,20,5.42,840.46,33.58333333,Kharif
20956,coriander,10,20,20,6.4,1111.68,28.64818182,Rabi
14839,potato,180,60,90,5.0,700.241,22.19090909,Rabi
68005,rice,80,40,40,5.44,10.265748,25.76,Kharif
79328,rice,80,40,40,5.66,840.46,33.58333333,Kharif
59464,sweetpotato,90,20,120,5.06,1111.68,28.64818182,Kharif
71092,potato,180,60,90,4.9,2169.32,23.73636364,Rabi
90040,moong,20,40,20,5.54,1145.22,28.5,Summer
86319,wheat,60,30,30,6.5,127.68,20.8,Rabi
29596,maize,80,40,20,5.56,510.05,33.37333333,Kharif
86678,moong,20,40,20,5.62,98.98,34.92333333,Kharif
97563,rice,80,40,40,5.44,167.38,23.56,Kharif
36464,jowar,80,40,40,5.38,207.55,26.43333333,Rabi
99753,horsegram,20,60,20,6.18,1166.94,28.33333333,Kharif
14920,wheat,60,30,30,6.4,167.38,23.56,Rabi
21917,horsegram,20,60,20,5.86,1145.22,28.5,Rabi
95220,onion,120,60,65,6.04,199.2125,21.3,Rabi
39885,horsegram,20,60,20,5.94,152.54,22.28,Kharif
20970,garlic,50,10,60,5.52,1111.68,28.64818182,Rabi
33153,rapeseed,50,40,20,4.98,94.02,22.38,Rabi
36470,soyabean,20,60,20,5.46,207.55,26.43333333,Kharif
65287,potato,180,60,90,5.0,122.42,18.58,Rabi
66488,rapeseed,50,40,20,5.1,73.47,23.562,Rabi
17579,ragi,50,40,20,5.46,1166.94,28.33333333,Kharif
23137,maize,80,40,20,5.42,297.66,29.56666667,Kharif
99555,wheat,60,30,30,6.8,169.82,14.6,Rabi
41611,ragi,50,40,20,5.5,1151.02,28.03333333,Kharif
57179,maize,80,40,20,5.54,840.46,33.58333333,Kharif
95149,maize,80,40,20,5.4,157.31,25.83333333,Kharif
13205,maize,80,40,20,5.66,199.2125,21.3,Kharif
45622,rice,80,40,40,5.36,1145.22,28.5,Kharif
19375,maize,80,40,20,5.44,1151.02,28.03333333,Kharif
61636,sweetpotato,90,20,120,5.06,884.5,27.65454545,Kharif
55532,maize,80,40,20,5.46,579.75,34.01,Summer
45546,ragi,50,40,20,5.64,1145.22,28.5,Kharif
82732,wheat,60,30,30,6.11,113.7,30.26666667,Rabi
62675,sweetpotato,90,20,120,4.88,689.88,29.03727273,Rabi
89760,maize,80,40,20,5.62,113.7,30.26666667,Kharif
6695,moong,20,40,20,5.68,1246.715,22.6,Kharif
39691,wheat,60,30,30,6.8,152.54,22.28,Rabi
11796,onion,120,60,65,5.9,1026.64,29.18636364,Kharif
77451,rapeseed,50,40,20,4.98,75.32,22.676,Rabi
90447,maize,80,40,20,5.64,510.05,33.37333333,Kharif
48497,moong,20,40,20,5.64,182.5,29.2,Kharif
26168,horsegram,20,60,20,5.84,1151.02,28.03333333,Rabi
45352,rice,80,40,40,5.44,1145.22,28.5,Kharif
21559,sunflower,50,60,30,5.62,70.11,25.6,Whole Year
81477,sweetpotato,90,20,120,4.9,1111.68,28.64818182,Kharif
96350,rice,80,40,40,5.56,1011.49,30.43,Kharif
42324,onion,120,60,65,5.82,1089.6,20.70909091,Rabi
64238,moong,20,40,20,5.54,98.98,34.92333333,Summer
63356,maize,80,40,20,5.36,288.3,25.46,Kharif
63264,jowar,80,40,40,5.38,288.3,25.46,Kharif
21588,moong,20,40,20,5.62,607.48,26.36666667,Summer
36082,cotton,120,40,20,5.54,607.48,26.36666667,Kharif
6778,ragi,50,40,20,5.52,199.2125,21.3,Kharif
28553,jowar,80,40,40,5.48,607.48,26.36666667,Kharif
70993,blackpepper,100,60,50,4.94,2169.32,23.73636364,Whole Year
48859,onion,120,60,65,6.16,654.34,29.26666667,Kharif
15557,rice,80,40,40,5.56,411.52,34.73,Kharif
53741,potato,180,60,90,4.86,556.2,28.54545455,Rabi
30418,potato,180,60,90,5.12,689.88,29.03727273,Rabi
88196,maize,80,40,20,5.66,1246.715,22.6,Kharif
71766,rapeseed,50,40,20,5.18,87.2,23.106,Rabi
64168,moong,20,40,20,5.42,98.98,34.92333333,Kharif
70008,wheat,60,30,30,6.4,75.32,22.676,Rabi
13752,barley,70,40,45,5.48,73.47,23.562,Rabi
23672,rice,80,40,40,5.38,579.75,34.01,Kharif
68364,soyabean,20,60,20,5.36,510.05,33.37333333,Kharif
56847,coriander,10,20,20,6.34,1026.64,29.18636364,Rabi
34113,papaya,50,50,50,6.16,1603.2375,22.89090909,Whole Year
53716,sweetpotato,90,20,120,5.16,556.2,28.54545455,Rabi
62540,jowar,80,40,40,5.52,579.75,34.01,Rabi
19809,maize,80,40,20,5.58,664.94,22.03333333,Kharif
9598,cotton,120,40,20,5.32,297.66,29.56666667,Kharif
36086,rice,80,40,40,5.54,607.48,26.36666667,Kharif
70884,turmeric,25,60,100,4.96,2169.32,23.73636364,Kharif
7104,onion,120,60,65,5.96,157.31,25.83333333,Kharif
87984,blackpepper,100,60,50,4.86,1603.2375,22.89090909,Whole Year
98437,maize,80,40,20,5.6,770.44,28.68,Summer
54224,cotton,120,40,20,5.38,297.66,29.56666667,Kharif
56859,wheat,60,30,30,6.8,87.2,23.106,Rabi
53122,rice,80,40,40,5.56,167.38,23.56,Kharif
11744,moong,20,40,20,5.48,840.46,33.58333333,Kharif
61065,rapeseed,50,40,20,4.94,19.38,22.766,Rabi
1389,maize,80,40,20,5.34,810.26,29.95636364,Kharif
4354,potato,180,60,90,4.98,689.88,29.03727273,Rabi
79298,sweetpotato,90,20,120,4.82,840.46,33.58333333,Kharif
86650,sunflower,50,60,30,5.58,87.2,23.106,Whole Year
69357,potato,180,60,90,4.88,75.32,22.676,Rabi
3548,coriander,10,20,20,6.32,884.5,27.65454545,Rabi
68318,onion,120,60,65,6.06,556.2,28.54545455,Kharif
96105,jowar,80,40,40,5.68,73.47,23.562,Rabi
97316,rice,80,40,40,5.5,167.38,23.56,Kharif
47321,mango,20,20,30,4.82,942.8,28.99454545,Summer
6757,maize,80,40,20,5.4,157.31,25.83333333,Summer
43366,rice,80,40,40,5.48,1997.12,27.0,Kharif
53285,ragi,50,40,20,5.66,167.38,23.56,Kharif
46602,orange,20,10,10,4.08,884.5,27.65454545,Whole Year
44309,wheat,60,30,30,6.9,73.47,23.562,Rabi
5458,rice,80,40,40,5.32,127.68,20.8,Kharif
80526,potato,180,60,90,5.06,157.31,25.83333333,Rabi
70915,sweetpotato,90,20,120,5.0,2169.32,23.73636364,Rabi
42221,potato,180,60,90,4.88,421.14,28.50727273,Rabi
89657,maize,80,40,20,5.68,70.598,18.92,Kharif
9781,sunflower,50,60,30,5.36,770.44,28.68,Whole Year
93743,maize,80,40,20,5.42,840.46,33.58333333,Summer
1886,wheat,60,30,30,6.3,73.47,23.562,Rabi
75134,rapeseed,50,40,20,4.92,70.598,18.92,Rabi
76115,jowar,80,40,40,5.38,884.5,27.65454545,Kharif
92762,maize,80,40,20,5.36,865.94,26.6,Summer
3041,potato,180,60,90,5.0,556.2,28.54545455,Rabi
73641,wheat,60,30,30,6.4,199.2125,21.3,Rabi
75457,potato,180,60,90,4.82,167.38,23.56,Rabi
81573,sweetpotato,90,20,120,5.04,1111.68,28.64818182,Kharif
78747,turmeric,25,60,100,4.9,2169.32,23.73636364,Kharif
47250,onion,120,60,65,5.92,98.94,25.574,Rabi
14025,soyabean,20,60,20,5.6,1011.49,30.43,Kharif
9631,cotton,120,40,20,5.42,297.66,29.56666667,Kharif
81719,wheat,60,30,30,6.5,73.47,23.562,Rabi
3087,wheat,60,30,30,6.6,19.38,22.766,Rabi
266,sweetpotato,90,20,120,4.82,2169.32,23.73636364,Kharif
16816,onion,120,60,65,6.14,689.88,29.03727273,Kharif
58309,potato,180,60,90,4.84,516.68,27.86666667,Rabi
42370,rapeseed,50,40,20,5.16,293.36,14.7,Rabi
73573,maize,80,40,20,5.34,1246.715,22.6,Kharif
39505,rice,80,40,40,5.62,1110.78,25.66666667,Kharif
83496,potato,180,60,90,4.92,556.2,28.54545455,Rabi
17012,potato,180,60,90,5.08,689.88,29.03727273,Rabi
59122,soyabean,20,60,20,5.36,1246.715,22.6,Kharif
72434,rice,80,40,40,5.38,331.88,35.34666667,Kharif
84199,moong,20,40,20,5.54,34.81,34.66666667,Kharif
53801,barley,70,40,45,5.52,19.38,22.766,Rabi
28584,rice,80,40,40,5.4,607.48,26.36666667,Kharif
91639,maize,80,40,20,5.34,34.81,34.66666667,Summer
2504,maize,80,40,20,5.58,207.55,26.43333333,Kharif
77315,maize,80,40,20,5.46,579.75,34.01,Summer
62308,wheat,60,30,30,6.8,75.32,22.676,Rabi
82984,rice,80,40,40,5.56,1145.22,28.5,Kharif
37179,rapeseed,50,40,20,5.1,19.38,22.766,Rabi
18005,maize,80,40,20,5.34,288.3,25.46,Summer
22374,sunflower,50,60,30,5.48,167.38,23.56,Whole Year
49654,onion,120,60,65,6.16,1026.64,29.18636364,Rabi
84935,sweetpotato,90,20,120,5.12,579.75,34.01,Kharif
67268,soyabean,20,60,20,5.58,607.48,26.36666667,Kharif
96211,moong,20,40,20,5.46,1011.49,30.43,Summer
61528,coriander,10,20,20,6.48,884.5,27.65454545,Rabi
23076,coriander,10,20,20,6.34,884.5,27.65454545,Rabi
30681,maize,80,40,20,5.42,579.75,34.01,Kharif
15621,rapeseed,50,40,20,5.06,19.38,22.766,Rabi
38644,moong,20,40,20,5.68,34.81,34.66666667,Summer
33261,ragi,50,40,20,5.44,1151.02,28.03333333,Kharif
89314,jowar,80,40,40,5.46,70.11,25.6,Rabi
42003,wheat,60,30,30,6.7,15.34,27.276,Rabi
8979,rapeseed,50,40,20,5.12,19.38,22.766,Rabi
82930,rice,80,40,40,5.66,1145.22,28.5,Kharif
58555,rapeseed,50,40,20,5.14,199.2125,21.3,Rabi
3957,moong,20,40,20,5.66,34.81,34.66666667,Summer
91415,moong,20,40,20,5.44,34.81,34.66666667,Kharif
26318,sunflower,50,60,30,5.42,1151.02,28.03333333,Whole Year
25193,rice,80,40,40,5.52,127.68,20.8,Kharif
29200,horsegram,20,60,20,6.04,1145.22,28.5,Rabi
50600,sweetpotato,90,20,120,5.02,421.14,28.50727273,Kharif
23126,horsegram,20,60,20,5.88,297.66,29.56666667,Kharif
598,maize,80,40,20,5.34,840.46,33.58333333,Kharif
67953,rapeseed,50,40,20,5.0,167.38,23.56,Rabi
19474,potato,180,60,90,4.86,810.26,29.95636364,Rabi
88039,potato,180,60,90,5.14,199.2125,21.3,Rabi
6568,barley,70,40,45,5.44,240.1,10.38,Rabi
17434,barley,70,40,45,5.58,75.32,22.676,Rabi
63312,jowar,80,40,40,5.62,288.3,25.46,Kharif
7479,soyabean,20,60,20,5.32,1011.49,30.43,Kharif
75638,rice,80,40,40,5.56,411.52,34.73,Kharif
7834,soyabean,20,60,20,5.5,607.48,26.36666667,Kharif
90286,onion,120,60,65,5.92,556.2,28.54545455,Kharif
43079,jowar,80,40,40,5.6,1246.715,22.6,Kharif
90987,coriander,10,20,20,6.4,884.5,27.65454545,Rabi
9258,maize,80,40,20,5.32,510.05,33.37333333,Summer
50609,rice,80,40,40,5.5,331.88,35.34666667,Kharif
89575,maize,80,40,20,5.68,207.55,26.43333333,Summer
12606,moong,20,40,20,5.66,331.88,35.34666667,Kharif
27831,sweetpotato,90,20,120,5.02,1111.68,28.64818182,Rabi
87729,coriander,10,20,20,6.32,1603.2375,22.89090909,Rabi
65716,horsegram,20,60,20,6.12,199.2125,21.3,Rabi
1297,maize,80,40,20,5.42,810.26,29.95636364,Kharif
50279,barley,70,40,45,5.68,94.02,22.38,Rabi
76914,onion,120,60,65,5.92,34.81,34.66666667,Kharif
27379,moong,20,40,20,5.58,199.2125,21.3,Summer
6702,sunflower,50,60,30,5.52,1246.715,22.6,Whole Year
32534,banana,100,75,50,6.68,1026.64,29.18636364,Whole Year
96469,barley,70,40,45,5.58,73.47,23.562,Rabi
49563,coriander,10,20,20,6.4,1026.64,29.18636364,Rabi
67284,maize,80,40,20,5.5,70.11,25.6,Summer
6517,potato,180,60,90,5.04,664.94,22.03333333,Rabi
96653,coriander,10,20,20,6.42,1111.68,28.64818182,Rabi
33675,rice,80,40,40,5.52,664.94,22.03333333,Kharif
78141,rice,80,40,40,5.6,152.54,22.28,Kharif
71348,wheat,60,30,30,6.8,87.2,23.106,Rabi
24113,potato,180,60,90,4.84,689.88,29.03727273,Rabi
27820,ragi,50,40,20,5.46,1011.49,30.43,Kharif
27794,jowar,80,40,40,5.58,73.47,23.562,Rabi
17033,maize,80,40,20,5.32,75.32,22.676,Kharif
71170,banana,100,75,50,6.4,2169.32,23.73636364,Whole Year
57686,potato,180,60,90,4.88,1299.26,26.51818182,Rabi
13036,soyabean,20,60,20,5.38,1246.715,22.6,Kharif
89891,jute,80,40,40,5.46,1145.22,28.5,Kharif
53468,horsegram,20,60,20,6.06,167.38,23.56,Rabi
59988,sunflower,50,60,30,5.36,37.09,27.96666667,Whole Year
69782,coriander,10,20,20,6.34,689.88,29.03727273,Rabi
96651,rapeseed,50,40,20,5.12,73.47,23.562,Rabi
87301,banana,100,75,50,6.34,810.26,29.95636364,Whole Year
14818,cotton,120,40,20,5.48,207.55,26.43333333,Kharif
86942,banana,100,75,50,6.56,1299.26,26.51818182,Whole Year
25810,ragi,50,40,20,5.46,840.46,33.58333333,Kharif
32042,rice,80,40,40,5.44,127.68,20.8,Kharif
67947,wheat,60,30,30,6.4,113.7,30.26666667,Rabi
16316,sunflower,50,60,30,5.46,297.66,29.56666667,Whole Year
73275,rice,80,40,40,5.6,1246.715,22.6,Kharif
90470,potato,180,60,90,4.94,556.2,28.54545455,Rabi
60414,maize,80,40,20,5.44,207.55,26.43333333,Summer
60838,rice,80,40,40,5.68,113.7,30.26666667,Kharif
98099,soyabean,20,60,20,5.4,1875.6,20.1,Kharif
24266,maize,80,40,20,5.42,1110.78,25.66666667,Summer
53230,maize,80,40,20,5.54,1145.22,28.5,Summer
42728,potato,180,60,90,5.0,1603.2375,22.89090909,Rabi
67874,rapeseed,50,40,20,4.84,167.38,23.56,Rabi
94400,onion,120,60,65,6.12,810.26,29.95636364,Rabi
85775,maize,80,40,20,5.46,654.34,29.26666667,Summer
83249,rapeseed,50,40,20,4.9,19.38,22.766,Rabi
73203,onion,120,60,65,5.9,199.2125,21.3,Rabi
74013,rice,80,40,40,5.4,1011.49,30.43,Kharif
93951,rice,80,40,40,5.58,840.46,33.58333333,Kharif
17096,soyabean,20,60,20,5.42,579.75,34.01,Kharif
83212,soyabean,20,60,20,5.4,510.05,33.37333333,Kharif
60529,moong,20,40,20,5.36,113.7,30.26666667,Summer
29233,rice,80,40,40,5.68,1145.22,28.5,Kharif
62720,coriander,10,20,20,6.32,689.88,29.03727273,Rabi
4689,rapeseed,50,40,20,4.9,1501.98,25.81818182,Rabi
62300,jowar,80,40,40,5.56,579.75,34.01,Kharif
98743,rapeseed,50,40,20,4.82,75.32,22.676,Rabi
92111,rapeseed,50,40,20,4.84,75.32,22.676,Rabi
9590,coriander,10,20,20,6.56,884.5,27.65454545,Rabi
99083,wheat,60,30,30,6.4,75.32,22.676,Rabi
46089,wheat,60,30,30,6.3,19.38,22.766,Rabi
44197,tomato,100,40,90,6.02,1111.68,28.64818182,Whole Year
50941,horsegram,20,60,20,5.98,1246.715,22.6,Kharif
54725,potato,180,60,90,5.0,942.8,28.99454545,Rabi
41116,potato,180,60,90,4.82,1026.64,29.18636364,Rabi
31026,sunflower,50,60,30,5.62,1110.78,25.66666667,Whole Year
47477,rice,80,40,40,5.5,579.75,34.01,Kharif
91879,garlic,50,10,60,5.38,75.32,22.676,Rabi
45668,onion,120,60,65,6.04,1426.3,26.73636364,Rabi
35412,ladyfinger,80,10,40,6.36,1111.68,28.64818182,Kharif
11337,potato,180,60,90,4.96,2169.32,23.73636364,Rabi
27989,onion,120,60,65,6.12,1111.68,28.64818182,Rabi
38553,onion,120,60,65,6.1,98.94,25.574,Kharif
5964,rapeseed,50,40,20,5.14,87.2,23.106,Rabi
60468,rapeseed,50,40,20,5.04,167.38,23.56,Rabi
41031,sweetpotato,90,20,120,5.18,1026.64,29.18636364,Rabi
2851,moong,20,40,20,5.68,535.78,27.22727273,Summer
68270,rapeseed,50,40,20,4.94,19.38,22.766,Rabi
47967,wheat,60,30,30,6.9,75.32,22.676,Rabi
37119,moong,20,40,20,5.56,510.05,33.37333333,Kharif
63792,rapeseed,50,40,20,4.94,127.68,20.8,Rabi
57540,moong,20,40,20,5.42,94.02,22.38,Summer
63682,rice,80,40,40,5.62,1543.76,27.33333333,Kharif
56380,wheat,60,30,30,6.8,241.78,1.18,Rabi
59665,rice,80,40,40,5.44,1011.49,30.43,Kharif
36789,onion,120,60,65,6.1,1426.3,26.73636364,Rabi
35619,papaya,50,50,50,5.86,1111.68,28.64818182,Whole Year
20743,cardamom,75,75,150,5.16,2817.86,27.90909091,Kharif
96129,sweetpotato,90,20,120,4.9,1111.68,28.64818182,Kharif
68559,sweetpotato,90,20,120,5.04,884.5,27.65454545,Rabi
40938,moong,20,40,20,5.56,98.98,34.92333333,Summer
66391,rapeseed,50,40,20,4.82,73.47,23.562,Rabi
20770,jowar,80,40,40,5.42,73.47,23.562,Kharif
17289,ragi,50,40,20,5.64,75.32,22.676,Kharif
74483,barley,70,40,45,5.4,73.47,23.562,Rabi
14115,soyabean,20,60,20,5.54,1011.49,30.43,Kharif
5246,potato,180,60,90,4.98,2169.32,23.73636364,Rabi
57641,rice,80,40,40,5.5,1151.02,28.03333333,Kharif
32002,pineapple,160,40,120,6.62,2169.32,23.73636364,Whole Year
19434,onion,120,60,65,6.18,810.26,29.95636364,Rabi
66477,garlic,50,10,60,5.5,1111.68,28.64818182,Rabi
69787,soyabean,20,60,20,5.64,579.75,34.01,Kharif
22223,onion,120,60,65,6.14,1426.3,26.73636364,Kharif
40980,maize,80,40,20,5.38,87.2,23.106,Summer
24410,wheat,60,30,30,6.6,169.82,14.6,Rabi
32280,rapeseed,50,40,20,5.1,127.68,20.8,Rabi
47142,cucumber,60,60,85,6.48,942.8,28.99454545,Kharif
63978,jute,80,40,40,5.58,1543.76,27.33333333,Kharif
97284,maize,80,40,20,5.6,167.38,23.56,Summer
21276,garlic,50,10,60,5.36,1111.68,28.64818182,Rabi
1053,garlic,50,10,60,5.56,1026.64,29.18636364,Rabi
33531,jowar,80,40,40,5.42,331.88,35.34666667,Kharif
1224,barley,70,40,45,5.38,87.2,23.106,Rabi
67230,sunflower,50,60,30,5.48,70.11,25.6,Whole Year
46795,turmeric,25,60,100,5.04,884.5,27.65454545,Kharif
74124,maize,80,40,20,5.64,1011.49,30.43,Summer
11126,onion,120,60,65,6.1,1037.32,28.08181818,Kharif
93780,barley,70,40,45,5.58,87.2,23.106,Rabi
55347,onion,120,60,65,6.1,689.88,29.03727273,Kharif
70307,rapeseed,50,40,20,4.94,169.82,14.6,Rabi
1399,maize,80,40,20,5.46,810.26,29.95636364,Kharif
84673,barley,70,40,45,5.42,75.32,22.676,Rabi
6148,potato,180,60,90,4.82,810.26,29.95636364,Rabi
27121,turmeric,25,60,100,5.02,1603.2375,22.89090909,Kharif
53686,rice,80,40,40,5.32,411.52,34.73,Kharif
89381,moong,20,40,20,5.42,607.48,26.36666667,Kharif
12586,maize,80,40,20,5.62,331.88,35.34666667,Kharif
55434,rapeseed,50,40,20,5.02,75.32,22.676,Rabi
37864,mango,20,20,30,5.18,884.5,27.65454545,Summer
93129,jute,80,40,40,5.6,1543.76,27.33333333,Kharif
46203,maize,80,40,20,5.34,510.05,33.37333333,Kharif
53427,horsegram,20,60,20,5.96,167.38,23.56,Rabi
88561,moong,20,40,20,5.42,1011.49,30.43,Kharif
98958,wheat,60,30,30,6.12,75.32,22.676,Rabi
99520,horsegram,20,60,20,6.1,1110.78,25.66666667,Rabi
57658,maize,80,40,20,5.58,1151.02,28.03333333,Summer
6832,onion,120,60,65,6.04,199.2125,21.3,Kharif
71162,jute,80,40,40,5.56,1543.76,27.33333333,Kharif
50380,moong,20,40,20,5.36,790.98,30.61666667,Summer
21000,rice,80,40,40,5.42,1011.49,30.43,Kharif
6448,potato,180,60,90,5.14,421.14,28.50727273,Rabi
20255,rice,80,40,40,5.34,157.31,25.83333333,Kharif
76876,barley,70,40,45,5.52,75.32,22.676,Rabi
90061,wheat,60,30,30,6.8,113.7,30.26666667,Rabi
99041,moong,20,40,20,5.44,34.81,34.66666667,Kharif
31425,ladyfinger,80,10,40,6.58,1037.32,28.08181818,Kharif
49558,barley,70,40,45,5.68,87.2,23.106,Rabi
72290,banana,100,75,50,6.4,810.26,29.95636364,Whole Year
36768,ragi,50,40,20,5.4,1145.22,28.5,Kharif
26873,barley,70,40,45,5.42,293.36,14.7,Rabi
79801,rapeseed,50,40,20,5.18,94.02,22.38,Rabi
24665,wheat,60,30,30,6.7,152.54,22.28,Rabi
92792,turmeric,25,60,100,4.82,1037.32,28.08181818,Kharif
39870,rapeseed,50,40,20,4.9,152.54,22.28,Rabi
97754,sweetpotato,90,20,120,4.94,556.2,28.54545455,Kharif
40474,rice,80,40,40,5.4,497.88,25.03333333,Kharif
63638,moong,20,40,20,5.32,127.68,20.8,Summer
2330,moong,20,40,20,5.6,607.48,26.36666667,Summer
25349,jute,80,40,40,5.66,1543.76,27.33333333,Kharif
71723,rice,80,40,40,5.44,840.46,33.58333333,Kharif
78575,sweetpotato,90,20,120,4.86,2169.32,23.73636364,Rabi
34244,cardamom,75,75,150,4.96,1603.2375,22.89090909,Kharif
76371,blackpepper,100,60,50,5.06,884.5,27.65454545,Whole Year
21641,rice,80,40,40,5.5,702.459,27.23333333,Kharif
12532,rapeseed,50,40,20,5.1,41.3,21.704,Rabi
66782,moong,20,40,20,5.34,73.47,23.562,Summer
37758,bittergourd,60,10,20,6.46,884.5,27.65454545,Kharif
52478,maize,80,40,20,5.62,70.11,25.6,Kharif
22803,barley,70,40,45,5.4,19.38,22.766,Rabi
42465,wheat,60,30,30,6.9,122.42,18.58,Rabi
10161,potato,180,60,90,5.16,689.88,29.03727273,Rabi
2361,moong,20,40,20,5.34,607.48,26.36666667,Summer
42421,barley,70,40,45,5.44,122.42,18.58,Rabi
11732,wheat,60,30,30,6.6,87.2,23.106,Rabi
97804,onion,120,60,65,5.86,556.2,28.54545455,Rabi
64267,maize,80,40,20,5.6,840.46,33.58333333,Summer
78573,onion,120,60,65,5.82,2169.32,23.73636364,Kharif
39294,rice,80,40,40,5.4,579.75,34.01,Kharif
38552,maize,80,40,20,5.38,98.94,25.574,Kharif
8074,rice,80,40,40,5.58,702.459,27.23333333,Kharif
84749,coriander,10,20,20,6.58,75.32,22.676,Rabi
62897,barley,70,40,45,5.66,169.82,14.6,Rabi
55245,jowar,80,40,40,5.46,579.75,34.01,Kharif
22582,jowar,80,40,40,5.48,510.05,33.37333333,Rabi
59394,moong,20,40,20,5.32,1011.49,30.43,Summer
41509,barley,70,40,45,5.66,87.2,23.106,Rabi
34122,moong,20,40,20,5.34,1246.715,22.6,Summer
29847,sunflower,50,60,30,5.42,297.66,29.56666667,Whole Year
61545,onion,120,60,65,6.02,884.5,27.65454545,Kharif
3701,sunflower,50,60,30,5.38,98.94,25.574,Whole Year
14268,potato,180,60,90,5.06,1111.68,28.64818182,Rabi
94268,maize,80,40,20,5.52,1151.02,28.03333333,Kharif
87721,sunflower,50,60,30,5.58,199.2125,21.3,Whole Year
18533,onion,120,60,65,6.18,1026.64,29.18636364,Kharif
31201,horsegram,20,60,20,5.98,152.54,22.28,Kharif
76912,maize,80,40,20,5.32,34.81,34.66666667,Summer
33515,barley,70,40,45,5.66,41.3,21.704,Rabi
72028,moong,20,40,20,5.34,1151.02,28.03333333,Kharif
80349,garlic,50,10,60,5.68,240.1,10.38,Rabi
59208,blackpepper,100,60,50,5.12,2817.86,27.90909091,Whole Year
72820,garlic,50,10,60,5.4,516.68,27.86666667,Rabi
81229,rice,80,40,40,5.38,1997.12,27.0,Kharif
31209,turmeric,25,60,100,4.9,1501.98,25.81818182,Kharif
13094,cotton,120,40,20,5.32,1246.715,22.6,Kharif
23907,barley,70,40,45,5.66,75.32,22.676,Rabi
66432,sweetpotato,90,20,120,5.02,1111.68,28.64818182,Kharif
84013,moong,20,40,20,5.36,770.44,28.68,Summer
1632,maize,80,40,20,5.42,199.2125,21.3,Kharif
20834,garlic,50,10,60,5.44,1111.68,28.64818182,Rabi
31476,rice,80,40,40,5.5,654.34,29.26666667,Kharif
97607,ragi,50,40,20,5.4,10.265748,25.76,Kharif
55385,jowar,80,40,40,5.4,579.75,34.01,Rabi
22731,wheat,60,30,30,7.0,19.38,22.766,Rabi
84567,moong,20,40,20,5.44,579.75,34.01,Kharif
48946,potato,180,60,90,4.96,1037.32,28.08181818,Rabi
37870,tomato,100,40,90,5.94,884.5,27.65454545,Whole Year
66739,garlic,50,10,60,5.62,1111.68,28.64818182,Rabi
59114,jowar,80,40,40,5.62,1246.715,22.6,Rabi
36352,soyabean,20,60,20,5.58,423.745,22.07,Kharif
68807,blackpepper,100,60,50,5.14,884.5,27.65454545,Whole Year
54332,turmeric,25,60,100,5.06,884.5,27.65454545,Kharif
34586,jowar,80,40,40,5.4,1246.715,22.6,Kharif
78460,wheat,60,30,30,6.3,241.78,1.18,Rabi
30823,wheat,60,30,30,6.4,75.32,22.676,Rabi
91793,barley,70,40,45,5.38,75.32,22.676,Rabi
80535,garlic,50,10,60,5.62,1603.2375,22.89090909,Rabi
12373,maize,80,40,20,5.46,790.98,30.61666667,Summer
87596,onion,120,60,65,5.98,157.31,25.83333333,Kharif
94622,wheat,60,30,30,6.7,15.34,27.276,Rabi
93335,potato,180,60,90,5.04,2169.32,23.73636364,Rabi
34383,maize,80,40,20,5.6,199.2125,21.3,Kharif
20231,sunflower,50,60,30,5.46,157.31,25.83333333,Whole Year
79571,rice,80,40,40,5.54,98.98,34.92333333,Kharif
53278,coriander,10,20,20,6.62,1426.3,26.73636364,Rabi
14511,sunflower,50,60,30,5.68,70.11,25.6,Whole Year
56294,onion,120,60,65,6.0,654.34,29.26666667,Rabi
76869,onion,120,60,65,6.06,34.81,34.66666667,Rabi
26077,sweetpotato,90,20,120,4.88,1299.26,26.51818182,Kharif
16398,coriander,10,20,20,6.44,884.5,27.65454545,Rabi
897,turmeric,25,60,100,5.04,1026.64,29.18636364,Kharif
55972,moong,20,40,20,5.42,152.54,22.28,Summer
93649,maize,80,40,20,5.36,87.2,23.106,Kharif
64431,barley,70,40,45,5.4,87.2,23.106,Rabi
85624,horsegram,20,60,20,5.94,288.3,25.46,Rabi
82925,rice,80,40,40,5.34,167.38,23.56,Kharif
7022,onion,120,60,65,6.14,157.31,25.83333333,Rabi
54038,wheat,60,30,30,6.1,19.38,22.766,Rabi
35566,barley,70,40,45,5.34,73.47,23.562,Rabi
11827,maize,80,40,20,5.64,98.98,34.92333333,Summer
221,rapeseed,50,40,20,5.18,241.78,1.18,Rabi
78188,moong,20,40,20,5.44,654.34,29.26666667,Summer
42433,maize,80,40,20,5.32,976.06,25.66666667,Summer
12687,potato,180,60,90,5.02,421.14,28.50727273,Rabi
44320,tomato,100,40,90,5.98,1111.68,28.64818182,Whole Year
12978,turmeric,25,60,100,4.84,1603.2375,22.89090909,Kharif
652,rapeseed,50,40,20,4.86,87.2,23.106,Rabi
37766,papaya,50,50,50,6.12,884.5,27.65454545,Whole Year
4034,rapeseed,50,40,20,4.94,75.32,22.676,Rabi
49236,turmeric,25,60,100,5.04,2169.32,23.73636364,Kharif
15061,turmeric,25,60,100,4.82,1145.22,28.5,Kharif
30953,potato,180,60,90,5.14,689.88,29.03727273,Rabi
34514,sunflower,50,60,30,5.32,199.2125,21.3,Whole Year
19847,rice,80,40,40,5.34,664.94,22.03333333,Kharif
60947,rice,80,40,40,5.58,510.05,33.37333333,Kharif
15278,jowar,80,40,40,5.36,1145.22,28.5,Rabi
65992,onion,120,60,65,6.02,1603.2375,22.89090909,Rabi
50512,rapeseed,50,40,20,4.88,41.3,21.704,Rabi
62719,banana,100,75,50,6.46,689.88,29.03727273,Whole Year
81358,rice,80,40,40,5.56,1997.12,27.0,Kharif
77861,wheat,60,30,30,7.0,152.54,22.28,Rabi
80000,potato,180,60,90,4.88,810.26,29.95636364,Rabi
6683,jowar,80,40,40,5.58,157.31,25.83333333,Kharif
60672,ragi,50,40,20,5.68,1145.22,28.5,Kharif
51812,jowar,80,40,40,5.46,73.47,23.562,Rabi
90753,moong,20,40,20,5.56,884.5,27.65454545,Kharif
62374,sunflower,50,60,30,5.68,34.81,34.66666667,Whole Year
47642,wheat,60,30,30,6.8,75.32,22.676,Rabi
12079,sweetpotato,90,20,120,4.88,1026.64,29.18636364,Kharif
65921,banana,100,75,50,6.42,1603.2375,22.89090909,Whole Year
33412,rice,80,40,40,5.4,3.94,33.76333333,Kharif
83114,moong,20,40,20,5.42,510.05,33.37333333,Summer
60565,rapeseed,50,40,20,5.1,167.38,23.56,Rabi
2161,jowar,80,40,40,5.46,607.48,26.36666667,Kharif
43149,maize,80,40,20,5.4,157.31,25.83333333,Kharif
19083,maize,80,40,20,5.52,87.2,23.106,Kharif
78091,moong,20,40,20,5.56,152.54,22.28,Summer
74396,rapeseed,50,40,20,5.0,73.47,23.562,Rabi
70415,moong,20,40,20,5.38,152.54,22.28,Kharif
97538,rice,80,40,40,5.36,1145.22,28.5,Kharif
26718,soyabean,20,60,20,5.42,664.94,22.03333333,Kharif
34655,onion,120,60,65,6.14,1603.2375,22.89090909,Kharif
82081,jowar,80,40,40,5.4,607.48,26.36666667,Kharif
44551,wheat,60,30,30,7.0,70.11,25.6,Rabi
39066,maize,80,40,20,5.42,75.32,22.676,Kharif
24141,moong,20,40,20,5.38,75.32,22.676,Kharif
95007,wheat,60,30,30,6.4,122.42,18.58,Rabi
20164,coriander,10,20,20,6.6,1603.2375,22.89090909,Rabi
68508,rice,80,40,40,5.62,297.66,29.56666667,Kharif
22174,potato,180,60,90,4.9,1426.3,26.73636364,Rabi
80699,onion,120,60,65,5.86,1246.715,22.6,Kharif
50134,moong,20,40,20,5.46,1151.02,28.03333333,Summer
64129,sunflower,50,60,30,5.38,87.2,23.106,Whole Year
68438,moong,20,40,20,5.32,510.05,33.37333333,Kharif
24036,rapeseed,50,40,20,4.86,75.32,22.676,Rabi
90573,jowar,80,40,40,5.56,884.5,27.65454545,Rabi
16339,banana,100,75,50,6.5,884.5,27.65454545,Whole Year
86379,rice,80,40,40,5.36,127.68,20.8,Kharif
45662,ragi,50,40,20,5.52,1145.22,28.5,Kharif
38727,onion,120,60,65,6.02,34.81,34.66666667,Rabi
89174,jowar,80,40,40,5.38,607.48,26.36666667,Rabi
35054,coriander,10,20,20,6.36,1111.68,28.64818182,Rabi
47613,rapeseed,50,40,20,5.04,75.32,22.676,Rabi
462,turmeric,25,60,100,5.12,2169.32,23.73636364,Kharif
21549,cotton,120,40,20,5.32,607.48,26.36666667,Kharif
79769,rapeseed,50,40,20,4.86,94.02,22.38,Rabi
5578,barley,70,40,45,5.6,87.2,23.106,Rabi
30330,maize,80,40,20,5.42,579.75,34.01,Summer
58599,horsegram,20,60,20,5.86,1246.715,22.6,Kharif
51308,rice,80,40,40,5.62,1246.715,22.6,Kharif
25462,rice,80,40,40,5.48,98.98,34.92333333,Kharif
37523,sweetpotato,90,20,120,4.94,556.2,28.54545455,Kharif
13438,sunflower,50,60,30,5.62,1246.715,22.6,Whole Year
48592,barley,70,40,45,5.42,152.54,22.28,Rabi
43721,cabbage,100,65,70,6.42,1111.68,28.64818182,Rabi
37294,mango,20,20,30,4.82,556.2,28.54545455,Summer
36887,jowar,80,40,40,5.66,1145.22,28.5,Kharif
24342,onion,120,60,65,6.18,1411.78,19.94545455,Rabi
76285,cotton,120,40,20,5.52,884.5,27.65454545,Kharif
64742,rice,80,40,40,5.56,1151.02,28.03333333,Kharif
759,sunflower,50,60,30,5.32,87.2,23.106,Whole Year
64448,moong,20,40,20,5.64,98.98,34.92333333,Summer
42418,rice,80,40,40,5.4,122.42,18.58,Kharif
44526,maize,80,40,20,5.38,607.48,26.36666667,Summer
74901,rice,80,40,40,5.58,607.48,26.36666667,Kharif
32226,wheat,60,30,30,7.0,127.68,20.8,Rabi
18189,rice,80,40,40,5.66,1543.76,27.33333333,Kharif
17646,rice,80,40,40,5.32,152.54,22.28,Kharif
63127,horsegram,20,60,20,5.9,152.54,22.28,Rabi
14564,maize,80,40,20,5.5,607.48,26.36666667,Kharif
94587,jowar,80,40,40,5.58,15.34,27.276,Kharif
58179,wheat,60,30,30,6.12,240.1,10.38,Rabi
43695,sunflower,50,60,30,5.52,1011.49,30.43,Whole Year
71646,rice,80,40,40,5.68,98.98,34.92333333,Kharif
78920,potato,180,60,90,4.88,2169.32,23.73636364,Rabi
5449,wheat,60,30,30,6.12,127.68,20.8,Rabi
30047,moong,20,40,20,5.36,770.44,28.68,Summer
11172,rapeseed,50,40,20,4.9,288.3,25.46,Rabi
25125,banana,100,75,50,6.44,2169.32,23.73636364,Whole Year
32584,maize,80,40,20,5.38,840.46,33.58333333,Kharif
99026,maize,80,40,20,5.52,34.81,34.66666667,Summer
92709,sunflower,50,60,30,5.44,1166.94,28.33333333,Whole Year
56890,maize,80,40,20,5.4,98.98,34.92333333,Summer
73078,banana,100,75,50,6.48,1603.2375,22.89090909,Whole Year
8754,rice,80,40,40,5.56,411.52,34.73,Kharif
36339,soyabean,20,60,20,5.6,423.745,22.07,Kharif
51784,wheat,60,30,30,6.9,73.47,23.562,Rabi
72189,rapeseed,50,40,20,4.82,94.02,22.38,Rabi
35033,brinjal,80,15,40,6.66,1111.68,28.64818182,Whole Year
10759,rapeseed,50,40,20,5.14,75.32,22.676,Rabi
11576,turmeric,25,60,100,4.86,2169.32,23.73636364,Kharif
14475,wheat,60,30,30,6.6,70.11,25.6,Rabi
55691,onion,120,60,65,6.06,1411.78,19.94545455,Kharif
39517,potato,180,60,90,5.08,1110.78,25.66666667,Rabi
49234,potato,180,60,90,5.04,2169.32,23.73636364,Rabi
29311,rice,80,40,40,5.32,411.52,34.73,Kharif
58889,sunflower,50,60,30,5.58,1246.715,22.6,Whole Year
71968,sweetpotato,90,20,120,4.9,1299.26,26.51818182,Rabi
88892,rapeseed,50,40,20,4.88,1111.68,28.64818182,Rabi
46920,brinjal,80,15,40,6.46,884.5,27.65454545,Whole Year
49003,rice,80,40,40,5.6,1712.66,11.2,Kharif
2813,wheat,60,30,30,6.6,66.52,20.312,Rabi
88800,coriander,10,20,20,6.5,1111.68,28.64818182,Rabi
26637,sunflower,50,60,30,5.46,41.3,21.704,Whole Year
65312,onion,120,60,65,6.0,122.42,18.58,Kharif
256,cotton,120,40,20,5.42,1543.76,27.33333333,Kharif
61843,ragi,50,40,20,5.66,98.94,25.574,Kharif
43089,moong,20,40,20,5.66,199.2125,21.3,Kharif
45392,moong,20,40,20,5.58,1145.22,28.5,Kharif
17831,sweetpotato,90,20,120,4.92,1037.32,28.08181818,Kharif
70807,wheat,60,30,30,6.3,127.68,20.8,Rabi
9086,cotton,120,40,20,5.36,510.05,33.37333333,Kharif
5683,banana,100,75,50,6.54,1026.64,29.18636364,Whole Year
11692,turmeric,25,60,100,4.98,1026.64,29.18636364,Kharif
44725,maize,80,40,20,5.62,607.48,26.36666667,Summer
62517,rice,80,40,40,5.38,579.75,34.01,Kharif
54894,sunflower,50,60,30,5.56,34.81,34.66666667,Whole Year
7309,turmeric,25,60,100,5.06,2817.86,27.90909091,Kharif
99493,turmeric,25,60,100,4.94,1411.78,19.94545455,Kharif
22125,rice,80,40,40,5.42,167.38,23.56,Kharif
47269,moong,20,40,20,5.58,770.44,28.68,Summer
74827,maize,80,40,20,5.52,70.11,25.6,Summer
97199,moong,20,40,20,5.6,1145.22,28.5,Summer
57897,cotton,120,40,20,5.68,790.98,30.61666667,Kharif
12799,barley,70,40,45,5.4,293.36,14.7,Rabi
28249,banana,100,75,50,6.56,1111.68,28.64818182,Whole Year
15774,garlic,50,10,60,5.64,556.2,28.54545455,Rabi
54883,jowar,80,40,40,5.64,579.75,34.01,Kharif
48214,moong,20,40,20,5.42,579.75,34.01,Kharif
17768,rice,80,40,40,5.48,654.34,29.26666667,Kharif
23373,onion,120,60,65,6.0,98.94,25.574,Kharif
34847,brinjal,80,15,40,6.42,2817.86,27.90909091,Whole Year
39187,soyabean,20,60,20,5.34,579.75,34.01,Kharif
28988,maize,80,40,20,5.62,1145.22,28.5,Summer
8,horsegram,20,60,20,6.0,288.3,25.46,Rabi
81155,blackpepper,100,60,50,4.86,1603.2375,22.89090909,Whole Year
32092,turmeric,25,60,100,5.14,2169.32,23.73636364,Kharif
57722,cotton,120,40,20,5.6,1151.02,28.03333333,Kharif
5453,onion,120,60,65,6.16,2169.32,23.73636364,Rabi
60420,wheat,60,30,30,6.9,70.598,18.92,Rabi
19892,maize,80,40,20,5.62,516.68,27.86666667,Kharif
92536,maize,80,40,20,5.38,182.5,29.2,Kharif
46269,onion,120,60,65,6.06,556.2,28.54545455,Kharif
26404,garlic,50,10,60,5.36,810.26,29.95636364,Rabi
34870,brinjal,80,15,40,6.44,2817.86,27.90909091,Whole Year
6616,rice,80,40,40,5.48,1246.715,22.6,Kharif
35433,ladyfinger,80,10,40,6.46,1111.68,28.64818182,Summer
83837,maize,80,40,20,5.34,884.5,27.65454545,Kharif
95037,banana,100,75,50,6.44,1603.2375,22.89090909,Whole Year
37527,maize,80,40,20,5.42,510.05,33.37333333,Summer
38341,horsegram,20,60,20,5.82,98.94,25.574,Kharif
42704,ragi,50,40,20,5.34,1246.715,22.6,Kharif
51167,sunflower,50,60,30,5.58,199.2125,21.3,Whole Year
75964,jowar,80,40,40,5.64,510.05,33.37333333,Rabi
54292,rice,80,40,40,5.54,297.66,29.56666667,Kharif
83610,sweetpotato,90,20,120,5.06,884.5,27.65454545,Kharif
98900,rice,80,40,40,5.66,579.75,34.01,Kharif
26332,ragi,50,40,20,5.46,168.257,28.22333333,Kharif
27183,jowar,80,40,40,5.44,1246.715,22.6,Rabi
71816,rice,80,40,40,5.56,87.2,23.106,Kharif
5001,moong,20,40,20,5.6,288.3,25.46,Kharif
44234,onion,120,60,65,6.18,1111.68,28.64818182,Rabi
17030,rice,80,40,40,5.68,579.75,34.01,Kharif
77308,turmeric,25,60,100,5.08,75.32,22.676,Kharif
52936,barley,70,40,45,5.68,70.598,18.92,Rabi
32579,onion,120,60,65,6.0,1026.64,29.18636364,Rabi
20489,horsegram,20,60,20,6.08,199.2125,21.3,Kharif
71290,rapeseed,50,40,20,5.16,87.2,23.106,Rabi
10212,sunflower,50,60,30,5.4,75.32,22.676,Whole Year
88486,rapeseed,50,40,20,4.9,1111.68,28.64818182,Rabi
45657,turmeric,25,60,100,5.12,1426.3,26.73636364,Kharif
58987,moong,20,40,20,5.38,1246.715,22.6,Kharif
34580,onion,120,60,65,6.06,1603.2375,22.89090909,Rabi
37934,horsegram,20,60,20,6.02,297.66,29.56666667,Rabi
8394,rice,80,40,40,5.44,1145.22,28.5,Kharif
82450,maize,80,40,20,5.58,235.4251,26.64666667,Summer
31813,potato,180,60,90,4.9,2569.52,4.9,Rabi
98662,sweetpotato,90,20,120,4.82,579.75,34.01,Rabi
76386,cotton,120,40,20,5.42,884.5,27.65454545,Kharif
68484,onion,120,60,65,5.92,556.2,28.54545455,Rabi
15692,cotton,120,40,20,5.4,510.05,33.37333333,Kharif
76566,sunflower,50,60,30,5.58,98.94,25.574,Whole Year
77218,moong,20,40,20,5.62,579.75,34.01,Kharif
90729,rice,80,40,40,5.46,297.66,29.56666667,Kharif
46345,cauliflower,80,70,50,6.46,884.5,27.65454545,Rabi
33631,mango,20,20,30,4.84,421.14,28.50727273,Summer
80128,barley,70,40,45,5.34,41.3,21.704,Rabi
14120,wheat,60,30,30,7.0,73.47,23.562,Rabi
74999,rice,80,40,40,5.42,110.023,20.36333333,Kharif
54817,barley,70,40,45,5.32,75.32,22.676,Rabi
56540,maize,80,40,20,5.56,1543.76,27.33333333,Summer
24115,maize,80,40,20,5.54,579.75,34.01,Kharif
95783,rice,80,40,40,5.66,330.0,29.33333333,Kharif
51452,horsegram,20,60,20,6.16,1246.715,22.6,Kharif
28467,soyabean,20,60,20,5.44,607.48,26.36666667,Kharif
81883,banana,100,75,50,6.66,1111.68,28.64818182,Whole Year
79378,maize,80,40,20,5.58,840.46,33.58333333,Kharif
37199,sweetpotato,90,20,120,4.84,556.2,28.54545455,Kharif
56352,turmeric,25,60,100,5.16,2569.52,4.9,Kharif
87070,horsegram,20,60,20,5.88,94.02,22.38,Kharif
38366,maize,80,40,20,5.4,770.44,28.68,Summer
58955,cardamom,75,75,150,5.02,1603.2375,22.89090909,Kharif
6990,onion,120,60,65,6.08,157.31,25.83333333,Kharif
28912,potato,180,60,90,5.12,1426.3,26.73636364,Rabi
34192,rice,80,40,40,5.62,157.31,25.83333333,Kharif
16419,jowar,80,40,40,5.68,297.66,29.56666667,Rabi
85563,jute,80,40,40,5.6,1166.94,28.33333333,Kharif
63457,moong,20,40,20,5.38,654.34,29.26666667,Summer
11306,wheat,60,30,30,6.9,241.78,1.18,Rabi
70732,potato,180,60,90,5.12,2569.52,4.9,Rabi
80396,wheat,60,30,30,6.1,240.1,10.38,Rabi
60573,horsegram,20,60,20,6.02,167.38,23.56,Rabi
69209,onion,120,60,65,6.12,34.81,34.66666667,Rabi
17403,turmeric,25,60,100,5.08,689.88,29.03727273,Kharif
19516,wheat,60,30,30,6.3,15.34,27.276,Rabi
58628,soyabean,20,60,20,5.36,1246.715,22.6,Kharif
16716,potato,180,60,90,5.04,689.88,29.03727273,Rabi
65663,jowar,80,40,40,5.34,1246.715,22.6,Kharif
49321,jute,80,40,40,5.34,1543.76,27.33333333,Kharif
70762,potato,180,60,90,5.14,2569.52,4.9,Rabi
75334,horsegram,20,60,20,6.06,167.38,23.56,Kharif
32622,moong,20,40,20,5.48,840.46,33.58333333,Kharif
20934,maize,80,40,20,5.56,1011.49,30.43,Summer
51365,maize,80,40,20,5.54,157.31,25.83333333,Summer
85812,sweetpotato,90,20,120,4.82,1037.32,28.08181818,Rabi
90200,jowar,80,40,40,5.54,510.05,33.37333333,Kharif
38950,onion,120,60,65,6.06,75.32,22.676,Kharif
42572,maize,80,40,20,5.5,199.2125,21.3,Kharif
29837,ragi,50,40,20,5.4,297.66,29.56666667,Kharif
57461,rice,80,40,40,5.46,98.98,34.92333333,Kharif
96483,soyabean,20,60,20,5.52,1011.49,30.43,Kharif
90996,sunflower,50,60,30,5.42,884.5,27.65454545,Whole Year
22833,coriander,10,20,20,6.64,556.2,28.54545455,Rabi
63776,jute,80,40,40,5.38,1543.76,27.33333333,Kharif
29306,rice,80,40,40,5.34,162.72,29.4,Kharif
41267,maize,80,40,20,5.56,840.46,33.58333333,Summer
14562,cotton,120,40,20,5.62,607.48,26.36666667,Kharif
65433,potato,180,60,90,4.94,122.42,18.58,Rabi
35199,barley,70,40,45,5.62,73.47,23.562,Rabi
8194,rice,80,40,40,5.54,423.745,22.07,Kharif
79191,jute,80,40,40,5.66,840.46,33.58333333,Kharif
7187,rice,80,40,40,5.5,1246.715,22.6,Kharif
99527,potato,180,60,90,4.98,169.82,14.6,Rabi
68221,onion,120,60,65,5.84,556.2,28.54545455,Kharif
31719,sweetpotato,90,20,120,4.88,1037.32,28.08181818,Kharif
5238,maize,80,40,20,5.5,1543.76,27.33333333,Kharif
77515,sunflower,50,60,30,5.48,34.81,34.66666667,Whole Year
32434,turmeric,25,60,100,5.16,1026.64,29.18636364,Kharif
5770,coriander,10,20,20,6.4,1026.64,29.18636364,Rabi
61203,maize,80,40,20,5.32,510.05,33.37333333,Summer
28495,maize,80,40,20,5.42,607.48,26.36666667,Summer
40572,papaya,50,50,50,5.88,2169.32,23.73636364,Whole Year
46034,rice,80,40,40,5.58,510.05,33.37333333,Kharif
41040,rapeseed,50,40,20,5.1,87.2,23.106,Rabi
79556,rice,80,40,40,5.54,87.2,23.106,Kharif
32096,jute,80,40,40,5.58,1543.76,27.33333333,Kharif
40243,onion,120,60,65,6.14,654.34,29.26666667,Rabi
76880,rapeseed,50,40,20,5.16,75.32,22.676,Rabi
20304,maize,80,40,20,5.46,157.31,25.83333333,Summer
2171,rice,80,40,40,5.64,607.48,26.36666667,Kharif
66282,wheat,60,30,30,6.6,73.47,23.562,Rabi
55306,garlic,50,10,60,5.44,689.88,29.03727273,Rabi
4066,rice,80,40,40,5.36,579.75,34.01,Kharif
21562,jowar,80,40,40,5.32,607.48,26.36666667,Rabi
47125,maize,80,40,20,5.42,770.44,28.68,Kharif
22196,horsegram,20,60,20,5.94,1145.22,28.5,Rabi
6891,jowar,80,40,40,5.4,1246.715,22.6,Kharif
96201,wheat,60,30,30,6.7,73.47,23.562,Rabi
22367,horsegram,20,60,20,5.9,1145.22,28.5,Rabi
76726,maize,80,40,20,5.62,34.81,34.66666667,Kharif
28384,wheat,60,30,30,6.7,70.11,25.6,Rabi
82369,turmeric,25,60,100,5.14,1050.245,18.77818182,Kharif
59699,jowar,80,40,40,5.36,1011.49,30.43,Rabi
28284,onion,120,60,65,5.94,1111.68,28.64818182,Rabi
98725,sweetpotato,90,20,120,4.82,579.75,34.01,Rabi
86139,banana,100,75,50,6.4,127.68,20.8,Whole Year
871,rice,80,40,40,5.66,87.2,23.106,Kharif
6013,garlic,50,10,60,5.58,1026.64,29.18636364,Rabi
35130,rapeseed,50,40,20,5.18,73.47,23.562,Rabi
65114,rapeseed,50,40,20,5.12,41.3,21.704,Rabi
75198,horsegram,20,60,20,6.12,167.38,23.56,Kharif
10018,rapeseed,50,40,20,5.02,75.32,22.676,Rabi
39331,barley,70,40,45,5.52,75.32,22.676,Rabi
18271,banana,100,75,50,6.64,2169.32,23.73636364,Whole Year
3826,rapeseed,50,40,20,5.16,75.32,22.676,Rabi
89844,maize,80,40,20,5.4,1145.22,28.5,Summer
81330,banana,100,75,50,6.6,2817.86,27.90909091,Whole Year
6623,ragi,50,40,20,5.58,199.2125,21.3,Kharif
1675,jowar,80,40,40,5.66,199.2125,21.3,Rabi
37042,rice,80,40,40,5.68,411.52,34.73,Kharif
85763,rapeseed,50,40,20,5.16,288.3,25.46,Rabi
21853,potato,180,60,90,4.88,700.241,22.19090909,Rabi
35527,rapeseed,50,40,20,5.08,73.47,23.562,Rabi
95963,rice,80,40,40,5.44,1011.49,30.43,Kharif
83027,jowar,80,40,40,5.32,162.72,29.4,Rabi
82554,potato,180,60,90,4.98,207.55,26.43333333,Rabi
51228,sweetpotato,90,20,120,5.1,1603.2375,22.89090909,Rabi
42966,sunflower,50,60,30,5.48,1246.715,22.6,Whole Year
68134,moong,20,40,20,5.6,510.05,33.37333333,Summer
87481,rice,80,40,40,5.52,331.88,35.34666667,Kharif
52734,rice,80,40,40,5.34,423.745,22.07,Kharif
24310,barley,70,40,45,5.68,169.82,14.6,Rabi
11890,maize,80,40,20,5.52,98.98,34.92333333,Summer
12044,moong,20,40,20,5.52,840.46,33.58333333,Summer
80185,sunflower,50,60,30,5.66,41.3,21.704,Whole Year
73075,rice,80,40,40,5.32,157.31,25.83333333,Kharif
52873,soyabean,20,60,20,5.68,235.4251,26.64666667,Kharif
49533,maize,80,40,20,5.62,98.98,34.92333333,Summer
66370,maize,80,40,20,5.58,1011.49,30.43,Summer
1202,jute,80,40,40,5.64,840.46,33.58333333,Kharif
35408,jowar,80,40,40,5.68,73.47,23.562,Kharif
28045,onion,120,60,65,5.88,1111.68,28.64818182,Rabi
61369,moong,20,40,20,5.62,297.66,29.56666667,Summer
37815,pumpkin,80,50,30,5.34,884.5,27.65454545,Kharif
56688,rice,80,40,40,5.34,127.68,20.8,Kharif
80655,onion,120,60,65,6.14,199.2125,21.3,Kharif
37793,cotton,120,40,20,5.52,297.66,29.56666667,Kharif
53777,garlic,50,10,60,5.36,556.2,28.54545455,Rabi
43797,rapeseed,50,40,20,4.96,73.47,23.562,Rabi
21344,cotton,120,40,20,5.62,607.48,26.36666667,Kharif
90406,rapeseed,50,40,20,5.14,19.38,22.766,Rabi
3865,maize,80,40,20,5.54,34.81,34.66666667,Summer
76107,turmeric,25,60,100,5.12,884.5,27.65454545,Kharif
87768,jowar,80,40,40,5.62,199.2125,21.3,Kharif
83702,ragi,50,40,20,5.44,884.5,27.65454545,Kharif
45454,onion,120,60,65,5.98,1426.3,26.73636364,Kharif
34116,tomato,100,40,90,6.18,1603.2375,22.89090909,Whole Year
32147,sweetpotato,90,20,120,4.9,2169.32,23.73636364,Rabi
43438,mango,20,20,30,4.98,2817.86,27.90909091,Summer
27218,sunflower,50,60,30,5.68,199.2125,21.3,Whole Year
53481,moong,20,40,20,5.68,113.7,30.26666667,Kharif
32263,wheat,60,30,30,6.4,127.68,20.8,Rabi
98889,barley,70,40,45,5.36,75.32,22.676,Rabi
46740,mango,20,20,30,4.82,884.5,27.65454545,Summer
27705,soyabean,20,60,20,5.66,1011.49,30.43,Kharif
56928,rapeseed,50,40,20,5.12,87.2,23.106,Rabi
21503,cotton,120,40,20,5.32,607.48,26.36666667,Kharif
63078,rapeseed,50,40,20,4.9,152.54,22.28,Rabi
16527,cotton,120,40,20,5.5,770.44,28.68,Kharif
7024,sunflower,50,60,30,5.68,157.31,25.83333333,Whole Year
71426,barley,70,40,45,5.66,87.2,23.106,Rabi
80854,horsegram,20,60,20,6.14,1246.715,22.6,Kharif
58383,rice,80,40,40,5.68,122.42,18.58,Kharif
41578,moong,20,40,20,5.52,94.02,22.38,Summer
72987,wheat,60,30,30,6.1,122.42,18.58,Rabi
53725,rapeseed,50,40,20,5.16,19.38,22.766,Rabi
21350,soyabean,20,60,20,5.42,607.48,26.36666667,Kharif
86584,maize,80,40,20,5.66,98.98,34.92333333,Kharif
73875,banana,100,75,50,6.52,2817.86,27.90909091,Whole Year
83351,garlic,50,10,60,5.52,556.2,28.54545455,Rabi
12751,soyabean,20,60,20,5.42,664.94,22.03333333,Kharif
92562,maize,80,40,20,5.64,152.54,22.28,Kharif
67320,rapeseed,50,40,20,4.9,70.11,25.6,Rabi
94459,potato,180,60,90,5.02,810.26,29.95636364,Rabi
76925,potato,180,60,90,5.0,75.32,22.676,Rabi
97555,moong,20,40,20,5.68,113.7,30.26666667,Summer
63473,sweetpotato,90,20,120,5.06,1037.32,28.08181818,Kharif
81977,rapeseed,50,40,20,4.96,73.47,23.562,Rabi
92500,maize,80,40,20,5.6,152.54,22.28,Kharif
51164,jowar,80,40,40,5.4,199.2125,21.3,Rabi
35185,garlic,50,10,60,5.44,1111.68,28.64818182,Rabi
28396,maize,80,40,20,5.58,607.48,26.36666667,Kharif
67944,moong,20,40,20,5.64,113.7,30.26666667,Kharif
58273,maize,80,40,20,5.36,664.94,22.03333333,Summer
86530,moong,20,40,20,5.54,840.46,33.58333333,Summer
73998,jowar,80,40,40,5.34,1011.49,30.43,Rabi
22288,ragi,50,40,20,5.62,1145.22,28.5,Kharif
54109,wheat,60,30,30,6.7,140.52,12.5,Rabi
2807,wheat,60,30,30,6.11,66.52,20.312,Rabi
85318,onion,120,60,65,5.84,1411.78,19.94545455,Rabi
92710,barley,70,40,45,5.34,152.54,22.28,Rabi
85913,wheat,60,30,30,6.11,241.78,1.18,Rabi
95238,jowar,80,40,40,5.52,1246.715,22.6,Rabi
964,onion,120,60,65,5.86,1026.64,29.18636364,Kharif
41331,rapeseed,50,40,20,5.18,87.2,23.106,Rabi
85009,rapeseed,50,40,20,4.96,75.32,22.676,Rabi
42106,barley,70,40,45,5.48,41.3,21.704,Rabi
1226,rapeseed,50,40,20,5.14,87.2,23.106,Rabi
71560,moong,20,40,20,5.4,98.98,34.92333333,Kharif
26023,rapeseed,50,40,20,5.06,87.2,23.106,Rabi
42643,mango,20,20,30,4.82,1603.2375,22.89090909,Summer
8295,wheat,60,30,30,6.11,113.7,30.26666667,Rabi
29019,rapeseed,50,40,20,4.92,167.38,23.56,Rabi
3997,moong,20,40,20,5.48,34.81,34.66666667,Summer
41839,rice,80,40,40,5.66,790.98,30.61666667,Kharif
62947,ragi,50,40,20,5.52,1110.78,25.66666667,Kharif
4248,soyabean,20,60,20,5.38,579.75,34.01,Kharif
45422,wheat,60,30,30,6.11,167.38,23.56,Rabi
51749,sweetpotato,90,20,120,5.04,1111.68,28.64818182,Rabi
98667,wheat,60,30,30,6.11,75.32,22.676,Rabi
60080,cotton,120,40,20,5.44,607.48,26.36666667,Kharif
34115,sweetpotato,90,20,120,4.88,1603.2375,22.89090909,Rabi
63434,jowar,80,40,40,5.44,654.34,29.26666667,Rabi
60853,moong,20,40,20,5.54,113.7,30.26666667,Kharif
46504,brinjal,80,15,40,6.4,884.5,27.65454545,Whole Year
66768,rapeseed,50,40,20,5.18,73.47,23.562,Rabi
46521,bittergourd,60,10,20,6.42,884.5,27.65454545,Kharif
18985,coriander,10,20,20,6.58,1026.64,29.18636364,Rabi
75817,jowar,80,40,40,5.32,510.05,33.37333333,Rabi
90533,wheat,60,30,30,6.11,140.52,12.5,Rabi
35576,onion,120,60,65,6.12,1111.68,28.64818182,Rabi
78830,banana,100,75,50,6.54,2169.32,23.73636364,Whole Year
63204,sunflower,50,60,30,5.66,1166.94,28.33333333,Whole Year
59475,potato,180,60,90,4.82,1111.68,28.64818182,Rabi
98356,maize,80,40,20,5.54,770.44,28.68,Summer
89316,cotton,120,40,20,5.66,607.48,26.36666667,Kharif
22767,coriander,10,20,20,6.46,556.2,28.54545455,Rabi
80965,sunflower,50,60,30,5.36,157.31,25.83333333,Whole Year
57983,onion,120,60,65,6.04,810.26,29.95636364,Rabi
88805,potato,180,60,90,4.9,1111.68,28.64818182,Rabi
41564,garlic,50,10,60,5.38,1299.26,26.51818182,Rabi
62201,sweetpotato,90,20,120,5.14,689.88,29.03727273,Kharif
14930,sweetpotato,90,20,120,5.16,1145.22,28.5,Kharif
73674,rice,80,40,40,5.58,1246.715,22.6,Kharif
47765,maize,80,40,20,5.62,34.81,34.66666667,Summer
63125,maize,80,40,20,5.6,1166.94,28.33333333,Kharif
42310,rice,80,40,40,5.5,516.68,27.86666667,Kharif
58364,maize,80,40,20,5.46,976.06,25.66666667,Kharif
36482,rice,80,40,40,5.6,207.55,26.43333333,Kharif
92279,onion,120,60,65,5.94,75.32,22.676,Rabi
47139,ladyfinger,80,10,40,6.34,942.8,28.99454545,Summer
96427,coriander,10,20,20,6.48,1111.68,28.64818182,Rabi
56434,rice,80,40,40,5.34,497.88,25.03333333,Kharif
37557,wheat,60,30,30,6.8,140.52,12.5,Rabi
6946,ragi,50,40,20,5.42,1246.715,22.6,Kharif
60696,potato,180,60,90,5.04,167.38,23.56,Rabi
1227,sunflower,50,60,30,5.46,87.2,23.106,Whole Year
97459,maize,80,40,20,5.46,113.7,30.26666667,Summer
60868,banana,100,75,50,6.66,550.1245,27.63636364,Whole Year
20355,sunflower,50,60,30,5.38,1246.715,22.6,Whole Year
44669,jowar,80,40,40,5.32,70.11,25.6,Rabi
20127,rice,80,40,40,5.54,199.2125,21.3,Kharif
92326,maize,80,40,20,5.38,1110.78,25.66666667,Summer
26735,wheat,60,30,30,6.1,240.1,10.38,Rabi
95090,onion,120,60,65,5.88,199.2125,21.3,Kharif
47977,rice,80,40,40,5.68,579.75,34.01,Kharif
1668,garlic,50,10,60,5.68,1603.2375,22.89090909,Rabi
61828,turmeric,25,60,100,4.9,942.8,28.99454545,Kharif
72919,maize,80,40,20,5.64,976.06,25.66666667,Summer
54366,maize,80,40,20,5.68,297.66,29.56666667,Summer
55791,rapeseed,50,40,20,5.18,152.54,22.28,Rabi
94257,sunflower,50,60,30,5.6,1151.02,28.03333333,Whole Year
69332,rapeseed,50,40,20,5.16,75.32,22.676,Rabi
89696,wheat,60,30,30,6.6,113.7,30.26666667,Rabi
24065,barley,70,40,45,5.32,75.32,22.676,Rabi
86181,banana,100,75,50,6.68,2169.32,23.73636364,Whole Year
59388,potato,180,60,90,5.0,1111.68,28.64818182,Rabi
68552,maize,80,40,20,5.56,884.5,27.65454545,Kharif
60687,ragi,50,40,20,5.62,1145.22,28.5,Kharif
58286,potato,180,60,90,5.04,516.68,27.86666667,Rabi
46780,sunflower,50,60,30,5.34,297.66,29.56666667,Whole Year
95624,horsegram,20,60,20,6.14,1246.715,22.6,Kharif
73618,ragi,50,40,20,5.5,157.31,25.83333333,Kharif
78481,potato,180,60,90,4.84,2569.52,4.9,Rabi
9556,wheat,60,30,30,7.0,446.14,25.44,Rabi
31743,brinjal,80,15,40,6.5,1037.32,28.08181818,Whole Year
9483,sweetpotato,90,20,120,5.0,884.5,27.65454545,Kharif
73772,rice,80,40,40,5.48,1997.12,27.0,Kharif
61223,garlic,50,10,60,5.32,556.2,28.54545455,Rabi
73104,wheat,60,30,30,6.12,199.2125,21.3,Rabi
85537,rice,80,40,40,5.54,152.54,22.28,Kharif
80724,potato,180,60,90,5.04,1246.715,22.6,Rabi
93159,potato,180,60,90,5.02,2169.32,23.73636364,Rabi
13443,ragi,50,40,20,5.5,199.2125,21.3,Kharif
58947,ragi,50,40,20,5.36,199.2125,21.3,Kharif
16789,onion,120,60,65,6.18,689.88,29.03727273,Rabi
80892,maize,80,40,20,5.4,199.2125,21.3,Summer
14421,wheat,60,30,30,6.4,70.11,25.6,Rabi
46658,ragi,50,40,20,5.5,297.66,29.56666667,Kharif
36127,ragi,50,40,20,5.36,607.48,26.36666667,Kharif
23152,sunflower,50,60,30,5.68,297.66,29.56666667,Whole Year
46709,brinjal,80,15,40,6.5,884.5,27.65454545,Whole Year
54830,barley,70,40,45,5.4,75.32,22.676,Rabi
72611,horsegram,20,60,20,6.06,664.94,22.03333333,Kharif
90189,jowar,80,40,40,5.64,510.05,33.37333333,Kharif
89569,soyabean,20,60,20,5.38,207.55,26.43333333,Kharif
51292,ragi,50,40,20,5.5,199.2125,21.3,Kharif
50158,banana,100,75,50,6.44,1299.26,26.51818182,Whole Year
97573,wheat,60,30,30,6.8,113.7,30.26666667,Rabi
74456,coriander,10,20,20,6.58,1111.68,28.64818182,Rabi
50642,barley,70,40,45,5.36,240.1,10.38,Rabi
39839,ragi,50,40,20,5.4,1166.94,28.33333333,Kharif
43187,coriander,10,20,20,6.6,1603.2375,22.89090909,Rabi
63013,potato,180,60,90,5.0,1501.98,25.81818182,Rabi
10784,sunflower,50,60,30,5.68,75.32,22.676,Whole Year
95017,jowar,80,40,40,5.64,1246.715,22.6,Kharif
28905,rice,80,40,40,5.64,1145.22,28.5,Kharif
3616,moong,20,40,20,5.4,98.94,25.574,Kharif
60544,moong,20,40,20,5.4,113.7,30.26666667,Summer
98363,jowar,80,40,40,5.66,98.94,25.574,Rabi
58693,cardamom,75,75,150,5.08,1603.2375,22.89090909,Kharif
66683,garlic,50,10,60,5.34,1111.68,28.64818182,Rabi
35605,jowar,80,40,40,5.38,1011.49,30.43,Rabi
74908,wheat,60,30,30,6.1,70.11,25.6,Rabi
17583,rapeseed,50,40,20,5.0,152.54,22.28,Rabi
67189,rice,80,40,40,5.34,607.48,26.36666667,Kharif
69115,ragi,50,40,20,5.62,98.94,25.574,Kharif
47817,wheat,60,30,30,6.4,75.32,22.676,Rabi
78621,wheat,60,30,30,6.8,127.68,20.8,Rabi
86294,turmeric,25,60,100,5.06,2169.32,23.73636364,Kharif
31590,coriander,10,20,20,6.58,1037.32,28.08181818,Rabi
80551,jowar,80,40,40,5.38,199.2125,21.3,Kharif
1181,turmeric,25,60,100,4.9,1026.64,29.18636364,Kharif
48913,maize,80,40,20,5.58,288.3,25.46,Summer
77732,onion,120,60,65,6.0,1411.78,19.94545455,Rabi
58679,maize,80,40,20,5.5,199.2125,21.3,Summer
78811,rice,80,40,40,5.34,497.88,25.03333333,Kharif
10448,wheat,60,30,30,6.5,75.32,22.676,Rabi
10897,rapeseed,50,40,20,4.86,152.54,22.28,Rabi
72522,wheat,60,30,30,6.1,41.3,21.704,Rabi
69968,jowar,80,40,40,5.36,579.75,34.01,Rabi
87877,onion,120,60,65,5.86,157.31,25.83333333,Kharif
73956,cotton,120,40,20,5.56,1011.49,30.43,Kharif
96931,moong,20,40,20,5.46,607.48,26.36666667,Summer
53735,barley,70,40,45,5.4,19.38,22.766,Rabi
86729,maize,80,40,20,5.58,840.46,33.58333333,Summer
19424,rapeseed,50,40,20,5.04,15.34,27.276,Rabi
85968,blackpepper,100,60,50,5.14,2169.32,23.73636364,Whole Year
60456,ragi,50,40,20,5.58,1145.22,28.5,Kharif
92898,onion,120,60,65,5.9,288.3,25.46,Rabi
18771,onion,120,60,65,6.0,1026.64,29.18636364,Kharif
86746,maize,80,40,20,5.44,87.2,23.106,Kharif
36835,horsegram,20,60,20,6.0,1145.22,28.5,Kharif
36977,garlic,50,10,60,5.34,1426.3,26.73636364,Rabi
96732,moong,20,40,20,5.58,607.48,26.36666667,Kharif
32674,rice,80,40,40,5.66,87.2,23.106,Kharif
612,ragi,50,40,20,5.58,1026.64,29.18636364,Kharif
6431,barley,70,40,45,5.32,41.3,21.704,Rabi
447,turmeric,25,60,100,5.14,2169.32,23.73636364,Kharif
80665,sweetpotato,90,20,120,4.9,1603.2375,22.89090909,Kharif
36750,sweetpotato,90,20,120,5.08,1426.3,26.73636364,Kharif
74434,cotton,120,40,20,5.44,1011.49,30.43,Kharif
33141,onion,120,60,65,5.98,1299.26,26.51818182,Kharif
38561,cabbage,100,65,70,6.4,942.8,28.99454545,Rabi
29944,jowar,80,40,40,5.38,297.66,29.56666667,Rabi
49452,jowar,80,40,40,5.32,840.46,33.58333333,Rabi
49204,rapeseed,50,40,20,5.06,127.68,20.8,Rabi
967,rice,80,40,40,5.5,87.2,23.106,Kharif
77691,onion,120,60,65,5.82,1411.78,19.94545455,Kharif
1205,barley,70,40,45,5.32,87.2,23.106,Rabi
56457,turmeric,25,60,100,5.0,2169.32,23.73636364,Kharif
72907,wheat,60,30,30,6.6,122.42,18.58,Rabi
50591,rapeseed,50,40,20,5.18,41.3,21.704,Rabi
71740,rice,80,40,40,5.32,840.46,33.58333333,Kharif
81928,onion,120,60,65,6.06,1111.68,28.64818182,Rabi
9207,barley,70,40,45,5.4,19.38,22.766,Rabi
32852,ragi,50,40,20,5.58,840.46,33.58333333,Kharif
27583,ragi,50,40,20,5.66,1997.12,27.0,Kharif
45453,garlic,50,10,60,5.44,1426.3,26.73636364,Rabi
72476,wheat,60,30,30,6.5,41.3,21.704,Rabi
37531,soyabean,20,60,20,5.4,510.05,33.37333333,Kharif
16050,moong,20,40,20,5.54,297.66,29.56666667,Summer
87724,potato,180,60,90,5.14,157.31,25.83333333,Rabi
88758,rice,80,40,40,5.66,1111.68,28.64818182,Kharif
38721,maize,80,40,20,5.38,75.32,22.676,Summer
77408,barley,70,40,45,5.52,75.32,22.676,Rabi
36318,maize,80,40,20,5.4,702.459,27.23333333,Kharif
80042,garlic,50,10,60,5.6,810.26,29.95636364,Rabi
62057,potato,180,60,90,4.94,75.32,22.676,Rabi
98566,maize,80,40,20,5.42,34.81,34.66666667,Kharif
14029,coriander,10,20,20,6.38,1111.68,28.64818182,Rabi
85059,potato,180,60,90,4.82,75.32,22.676,Rabi
85794,turmeric,25,60,100,5.08,1037.32,28.08181818,Kharif
54966,rapeseed,50,40,20,4.98,75.32,22.676,Rabi
96017,onion,120,60,65,6.1,1111.68,28.64818182,Kharif
68426,moong,20,40,20,5.36,510.05,33.37333333,Summer
38193,cucumber,60,60,85,6.48,884.5,27.65454545,Summer
36240,banana,100,75,50,6.34,1350.025,26.01818182,Whole Year
36908,wheat,60,30,30,6.11,167.38,23.56,Rabi
32727,turmeric,25,60,100,4.92,1026.64,29.18636364,Kharif
77541,rice,80,40,40,5.64,579.75,34.01,Kharif
67351,banana,100,75,50,6.36,1350.025,26.01818182,Whole Year
74958,onion,120,60,65,5.88,1350.025,26.01818182,Kharif
98701,maize,80,40,20,5.68,75.32,22.676,Summer
59138,sunflower,50,60,30,5.6,157.31,25.83333333,Whole Year
66195,rice,80,40,40,5.64,1997.12,27.0,Kharif
40820,rapeseed,50,40,20,4.96,127.68,20.8,Rabi
2142,wheat,60,30,30,6.9,73.47,23.562,Rabi
89342,ragi,50,40,20,5.46,607.48,26.36666667,Kharif
73074,ragi,50,40,20,5.54,157.31,25.83333333,Kharif
24455,rapeseed,50,40,20,4.96,152.54,22.28,Rabi
99251,maize,80,40,20,5.32,34.81,34.66666667,Summer
50166,maize,80,40,20,5.4,1151.02,28.03333333,Summer
90942,jowar,80,40,40,5.38,884.5,27.65454545,Kharif
37587,garlic,50,10,60,5.6,884.5,27.65454545,Rabi
94950,potato,180,60,90,4.98,122.42,18.58,Rabi
5975,rice,80,40,40,5.34,87.2,23.106,Kharif
47235,tomato,100,40,90,6.16,942.8,28.99454545,Whole Year
56818,sunflower,50,60,30,5.46,840.46,33.58333333,Whole Year
84158,wheat,60,30,30,6.8,145.76,21.66,Rabi
38953,moong,20,40,20,5.68,34.81,34.66666667,Kharif
71851,garlic,50,10,60,5.64,1026.64,29.18636364,Rabi
56844,wheat,60,30,30,6.6,87.2,23.106,Rabi
80320,maize,80,40,20,5.58,664.94,22.03333333,Kharif
57200,moong,20,40,20,5.4,840.46,33.58333333,Summer
77348,wheat,60,30,30,6.1,75.32,22.676,Rabi
11482,banana,100,75,50,6.56,2169.32,23.73636364,Whole Year
82397,rice,80,40,40,5.5,56.236,15.852,Kharif
26565,garlic,50,10,60,5.46,421.14,28.50727273,Rabi
59578,potato,180,60,90,4.96,1111.68,28.64818182,Rabi
73066,onion,120,60,65,5.96,199.2125,21.3,Kharif
61968,moong,20,40,20,5.54,1220.22,27.26666667,Summer
9871,barley,70,40,45,5.6,75.32,22.676,Rabi
53132,wheat,60,30,30,6.9,113.7,30.26666667,Rabi
92518,potato,180,60,90,5.16,152.54,22.28,Rabi
24850,banana,100,75,50,6.54,1037.32,28.08181818,Whole Year
28011,soyabean,20,60,20,5.66,1011.49,30.43,Kharif
13415,sunflower,50,60,30,5.34,199.2125,21.3,Whole Year
41648,maize,80,40,20,5.5,1151.02,28.03333333,Summer
42901,horsegram,20,60,20,6.14,199.2125,21.3,Rabi
32494,wheat,60,30,30,7.0,87.2,23.106,Rabi
17961,onion,120,60,65,6.06,288.3,25.46,Rabi
96236,potato,180,60,90,4.94,1111.68,28.64818182,Rabi
34943,blackpepper,100,60,50,5.04,2817.86,27.90909091,Whole Year
34981,rice,80,40,40,5.66,1011.49,30.43,Kharif
93277,wheat,60,30,30,6.12,127.68,20.8,Rabi
59926,jowar,80,40,40,5.68,1011.49,30.43,Rabi
8081,rice,80,40,40,5.32,40.023,23.14,Kharif
68001,rice,80,40,40,5.5,167.38,23.56,Kharif
8349,horsegram,20,60,20,6.02,167.38,23.56,Rabi
13148,maize,80,40,20,5.58,1246.715,22.6,Kharif
39395,onion,120,60,65,6.08,75.32,22.676,Kharif
25952,coriander,10,20,20,6.32,1026.64,29.18636364,Rabi
38127,radish,25,100,50,6.12,884.5,27.65454545,Rabi
87809,rice,80,40,40,5.44,1246.715,22.6,Kharif
33852,potato,180,60,90,4.94,1089.6,20.70909091,Rabi
10774,onion,120,60,65,6.18,689.88,29.03727273,Rabi
66380,coriander,10,20,20,6.64,1111.68,28.64818182,Rabi
43912,tomato,100,40,90,6.0,1111.68,28.64818182,Whole Year
6186,maize,80,40,20,5.42,790.98,30.61666667,Kharif
2619,maize,80,40,20,5.46,167.38,23.56,Kharif
74501,garlic,50,10,60,5.54,1111.68,28.64818182,Rabi
38030,maize,80,40,20,5.6,297.66,29.56666667,Kharif
22034,coriander,10,20,20,6.52,1426.3,26.73636364,Rabi
88268,rice,80,40,40,5.58,1997.12,27.0,Kharif
18900,banana,100,75,50,6.62,1026.64,29.18636364,Whole Year
81025,jowar,80,40,40,5.56,157.31,25.83333333,Rabi
17020,maize,80,40,20,5.54,75.32,22.676,Kharif
36514,rapeseed,50,40,20,5.06,70.598,18.92,Rabi
42729,tomato,100,40,90,6.08,1603.2375,22.89090909,Whole Year
12362,cotton,120,40,20,5.6,790.98,30.61666667,Kharif
89329,maize,80,40,20,5.6,607.48,26.36666667,Kharif
87930,maize,80,40,20,5.66,157.31,25.83333333,Summer
2089,jowar,80,40,40,5.66,1011.49,30.43,Rabi
82131,soyabean,20,60,20,5.68,607.48,26.36666667,Kharif
86082,rice,80,40,40,5.5,1543.76,27.33333333,Kharif
79887,sunflower,50,60,30,5.68,1151.02,28.03333333,Whole Year
21374,wheat,60,30,30,6.1,70.11,25.6,Rabi
10593,maize,80,40,20,5.36,34.81,34.66666667,Kharif
87854,banana,100,75,50,6.66,1603.2375,22.89090909,Whole Year
59013,rice,80,40,40,5.58,1246.715,22.6,Kharif
6496,turmeric,25,60,100,5.18,1098.26,15.5,Kharif
67116,cotton,120,40,20,5.52,607.48,26.36666667,Kharif
69469,coriander,10,20,20,6.46,689.88,29.03727273,Rabi
58736,horsegram,20,60,20,6.02,199.2125,21.3,Rabi
1334,banana,100,75,50,6.68,810.26,29.95636364,Whole Year
46199,sweetpotato,90,20,120,5.06,556.2,28.54545455,Rabi
46603,sweetpotato,90,20,120,5.06,884.5,27.65454545,Kharif
70851,rice,80,40,40,5.66,127.68,20.8,Kharif
31095,onion,120,60,65,6.02,1411.78,19.94545455,Rabi
95410,maize,80,40,20,5.42,199.2125,21.3,Summer
41757,rapeseed,50,40,20,5.08,94.02,22.38,Rabi
21076,coriander,10,20,20,6.6,1111.68,28.64818182,Rabi
23110,jowar,80,40,40,5.48,297.66,29.56666667,Kharif
64599,moong,20,40,20,5.34,1151.02,28.03333333,Kharif
82287,rice,80,40,40,5.52,607.48,26.36666667,Kharif
37152,wheat,60,30,30,6.5,19.38,22.766,Rabi
37041,maize,80,40,20,5.42,411.52,34.73,Summer
51246,sunflower,50,60,30,5.36,199.2125,21.3,Whole Year
85354,moong,20,40,20,5.44,152.54,22.28,Kharif
35307,cauliflower,80,70,50,6.38,1111.68,28.64818182,Rabi
74107,potato,180,60,90,5.14,1111.68,28.64818182,Rabi
78913,rapeseed,50,40,20,5.1,127.68,20.8,Rabi
23101,rice,80,40,40,5.36,297.66,29.56666667,Kharif
4016,rice,80,40,40,5.68,579.75,34.01,Kharif
60968,onion,120,60,65,5.86,556.2,28.54545455,Rabi
98317,rice,80,40,40,5.34,770.44,28.68,Kharif
3689,wheat,60,30,30,6.11,98.94,25.574,Rabi
8385,maize,80,40,20,5.42,167.38,23.56,Kharif
17146,barley,70,40,45,5.48,75.32,22.676,Rabi
43230,brinjal,80,15,40,6.56,1603.2375,22.89090909,Whole Year
87523,sunflower,50,60,30,5.48,1246.715,22.6,Whole Year
19390,sweetpotato,90,20,120,5.12,1299.26,26.51818182,Kharif
37774,horsegram,20,60,20,6.08,297.66,29.56666667,Kharif
90839,rice,80,40,40,5.34,297.66,29.56666667,Kharif
25501,onion,120,60,65,5.84,1026.64,29.18636364,Kharif
83677,sunflower,50,60,30,5.62,884.5,27.65454545,Whole Year
19007,rice,80,40,40,5.58,840.46,33.58333333,Kharif
51328,moong,20,40,20,5.34,1246.715,22.6,Summer
23841,rapeseed,50,40,20,4.96,75.32,22.676,Rabi
55285,barley,70,40,45,5.68,75.32,22.676,Rabi
96982,turmeric,25,60,100,4.96,1050.245,18.77818182,Kharif
16628,barley,70,40,45,5.52,75.32,22.676,Rabi
11649,banana,100,75,50,6.62,2169.32,23.73636364,Whole Year
15370,jute,80,40,40,5.64,1145.22,28.5,Kharif
7982,rice,80,40,40,5.44,607.48,26.36666667,Kharif
93734,rice,80,40,40,5.4,840.46,33.58333333,Kharif
14452,rapeseed,50,40,20,4.82,70.11,25.6,Rabi
49881,garlic,50,10,60,5.54,1026.64,29.18636364,Rabi
33567,rapeseed,50,40,20,5.14,41.3,21.704,Rabi
11909,maize,80,40,20,5.66,98.98,34.92333333,Kharif
30764,moong,20,40,20,5.5,75.32,22.676,Summer
18370,wheat,60,30,30,6.8,127.68,20.8,Rabi
65320,rice,80,40,40,5.66,976.06,25.66666667,Kharif
25340,wheat,60,30,30,6.11,127.68,20.8,Rabi
6966,turmeric,25,60,100,5.1,1603.2375,22.89090909,Kharif
67272,sunflower,50,60,30,5.68,70.11,25.6,Whole Year
21856,moong,20,40,20,5.46,207.55,26.43333333,Kharif
55874,turmeric,25,60,100,5.18,1501.98,25.81818182,Kharif
2951,barley,70,40,45,5.58,19.38,22.766,Rabi
65879,rice,80,40,40,5.38,157.31,25.83333333,Kharif
11625,cotton,120,40,20,5.56,1543.76,27.33333333,Kharif
62811,rapeseed,50,40,20,5.16,75.32,22.676,Rabi
63543,potato,180,60,90,4.82,2569.52,4.9,Rabi
87241,maize,80,40,20,5.34,790.98,30.61666667,Kharif
24847,rice,80,40,40,5.56,288.3,25.46,Kharif
41806,onion,120,60,65,6.12,1299.26,26.51818182,Rabi
35875,barley,70,40,45,5.46,73.47,23.562,Rabi
15607,garlic,50,10,60,5.58,556.2,28.54545455,Rabi
66082,sweetpotato,90,20,120,5.08,1603.2375,22.89090909,Kharif
67355,onion,120,60,65,5.86,1350.025,26.01818182,Rabi
86702,rice,80,40,40,5.52,98.98,34.92333333,Kharif
60208,rapeseed,50,40,20,4.98,56.236,15.852,Rabi
62599,onion,120,60,65,5.9,689.88,29.03727273,Kharif
8639,wheat,60,30,30,6.9,113.7,30.26666667,Rabi
71517,sweetpotato,90,20,120,4.96,1026.64,29.18636364,Rabi
91261,wheat,60,30,30,6.8,75.32,22.676,Rabi
55064,onion,120,60,65,5.92,689.88,29.03727273,Rabi
99266,maize,80,40,20,5.58,579.75,34.01,Summer
99836,rice,80,40,40,5.32,1166.94,28.33333333,Kharif
3563,banana,100,75,50,6.34,884.5,27.65454545,Whole Year
65539,coriander,10,20,20,6.46,1603.2375,22.89090909,Rabi
12310,rice,80,40,40,5.58,98.98,34.92333333,Kharif
41448,moong,20,40,20,5.6,840.46,33.58333333,Kharif
97230,rice,80,40,40,5.54,113.7,30.26666667,Kharif
27212,sunflower,50,60,30,5.54,1246.715,22.6,Whole Year
68091,moong,20,40,20,5.5,411.52,34.73,Summer
7306,blackpepper,100,60,50,5.18,2817.86,27.90909091,Whole Year
88077,sweetpotato,90,20,120,4.86,1603.2375,22.89090909,Kharif
25752,garlic,50,10,60,5.58,1026.64,29.18636364,Rabi
83067,rice,80,40,40,5.68,411.52,34.73,Kharif
63759,rice,80,40,40,5.64,127.68,20.8,Kharif
34570,wheat,60,30,30,6.9,199.2125,21.3,Rabi
78226,banana,100,75,50,6.34,1037.32,28.08181818,Whole Year
6342,rapeseed,50,40,20,5.06,41.3,21.704,Rabi
56945,maize,80,40,20,5.4,98.98,34.92333333,Summer
41625,papaya,50,50,50,5.94,1299.26,26.51818182,Whole Year
66913,rapeseed,50,40,20,5.06,73.47,23.562,Rabi
70092,maize,80,40,20,5.6,579.75,34.01,Kharif
17249,moong,20,40,20,5.4,579.75,34.01,Kharif
99215,maize,80,40,20,5.32,34.81,34.66666667,Summer
1603,maize,80,40,20,5.62,199.2125,21.3,Summer
35872,rice,80,40,40,5.52,1011.49,30.43,Kharif
23604,potato,180,60,90,4.92,689.88,29.03727273,Rabi
97290,maize,80,40,20,5.4,1145.22,28.5,Kharif
9772,rice,80,40,40,5.38,98.94,25.574,Kharif
20920,cotton,120,40,20,5.58,1011.49,30.43,Kharif
46485,potato,180,60,90,4.88,884.5,27.65454545,Rabi
71506,maize,80,40,20,5.42,87.2,23.106,Summer
20582,rapeseed,50,40,20,4.88,199.2125,21.3,Rabi
22186,rice,80,40,40,5.34,113.7,30.26666667,Kharif
89020,wheat,60,30,30,6.7,1111.68,28.64818182,Rabi
91078,jowar,80,40,40,5.66,770.44,28.68,Kharif
9231,moong,20,40,20,5.54,510.05,33.37333333,Summer
11872,coriander,10,20,20,6.36,1026.64,29.18636364,Rabi
13085,moong,20,40,20,5.38,199.2125,21.3,Summer
28619,onion,120,60,65,6.18,1350.025,26.01818182,Rabi
74425,rapeseed,50,40,20,5.02,73.47,23.562,Rabi
59598,sunflower,50,60,30,5.52,1011.49,30.43,Whole Year
26252,turmeric,25,60,100,5.0,1299.26,26.51818182,Kharif
36823,maize,80,40,20,5.58,1145.22,28.5,Summer
83157,garlic,50,10,60,5.38,556.2,28.54545455,Rabi
22649,cotton,120,40,20,5.34,510.05,33.37333333,Kharif
65977,jowar,80,40,40,5.4,199.2125,21.3,Rabi
56557,rapeseed,50,40,20,5.1,127.68,20.8,Rabi
26791,maize,80,40,20,5.46,664.94,22.03333333,Kharif
82662,rapeseed,50,40,20,4.82,167.38,23.56,Rabi
8339,rice,80,40,40,5.64,167.38,23.56,Kharif
67460,maize,80,40,20,5.46,235.4251,26.64666667,Summer
59427,maize,80,40,20,5.64,1011.49,30.43,Kharif
11733,maize,80,40,20,5.48,98.98,34.92333333,Kharif
60449,moong,20,40,20,5.42,167.38,23.56,Kharif
41086,maize,80,40,20,5.38,87.2,23.106,Kharif
96157,wheat,60,30,30,6.11,73.47,23.562,Rabi
48655,rapeseed,50,40,20,5.04,152.54,22.28,Rabi
37651,cucumber,60,60,85,6.68,884.5,27.65454545,Summer
30308,potato,180,60,90,4.88,689.88,29.03727273,Rabi
61411,coriander,10,20,20,6.5,884.5,27.65454545,Rabi
12078,potato,180,60,90,5.16,1026.64,29.18636364,Rabi
30082,cotton,120,40,20,5.44,770.44,28.68,Kharif
66980,turmeric,25,60,100,4.94,1111.68,28.64818182,Kharif
9687,coriander,10,20,20,6.34,884.5,27.65454545,Rabi
5031,maize,80,40,20,5.44,1712.66,11.2,Summer
70824,wheat,60,30,30,6.3,127.68,20.8,Rabi
89313,soyabean,20,60,20,5.34,607.48,26.36666667,Kharif
1366,rapeseed,50,40,20,4.98,15.34,27.276,Rabi
29521,sweetpotato,90,20,120,4.9,556.2,28.54545455,Kharif
37863,jackfruit,75,40,50,5.1,884.5,27.65454545,Whole Year
41502,rice,80,40,40,5.44,87.2,23.106,Kharif
56916,onion,120,60,65,6.0,1026.64,29.18636364,Rabi
9266,coriander,10,20,20,6.38,556.2,28.54545455,Rabi
50303,blackpepper,100,60,50,4.9,3041.4,28.65727273,Whole Year
56755,rapeseed,50,40,20,5.1,127.68,20.8,Rabi
85443,maize,80,40,20,5.34,1166.94,28.33333333,Summer
96864,maize,80,40,20,5.46,607.48,26.36666667,Summer
60929,wheat,60,30,30,6.6,66.52,20.312,Rabi
28480,rice,80,40,40,5.38,37.09,27.96666667,Kharif
98453,coriander,10,20,20,6.44,942.8,28.99454545,Rabi
59057,rice,80,40,40,5.58,157.31,25.83333333,Kharif
51460,sunflower,50,60,30,5.48,1246.715,22.6,Whole Year
8581,ragi,50,40,20,5.6,167.38,23.56,Kharif
3872,onion,120,60,65,5.98,579.75,34.01,Kharif
76532,sweetpotato,90,20,120,4.86,884.5,27.65454545,Kharif
93906,maize,80,40,20,5.4,87.2,23.106,Kharif
17567,rapeseed,50,40,20,4.9,152.54,22.28,Rabi
24207,jowar,80,40,40,5.64,579.75,34.01,Kharif
89127,potato,180,60,90,4.84,1111.68,28.64818182,Rabi
55552,banana,100,75,50,6.38,689.88,29.03727273,Whole Year
26514,potato,180,60,90,4.92,421.14,28.50727273,Rabi
78418,rice,80,40,40,5.66,288.3,25.46,Kharif
62476,maize,80,40,20,5.32,579.75,34.01,Summer
6906,onion,120,60,65,6.08,199.2125,21.3,Rabi
69478,onion,120,60,65,6.04,75.32,22.676,Kharif
88156,sunflower,50,60,30,5.5,1246.715,22.6,Whole Year
52426,cotton,120,40,20,5.36,714.68,26.45454545,Kharif
52614,ragi,50,40,20,5.64,607.48,26.36666667,Kharif
30035,maize,80,40,20,5.54,98.94,25.574,Kharif
1928,jowar,80,40,40,5.32,1011.49,30.43,Rabi
90596,turmeric,25,60,100,4.88,884.5,27.65454545,Kharif
9165,rapeseed,50,40,20,5.06,19.38,22.766,Rabi
63488,moong,20,40,20,5.52,288.3,25.46,Kharif
38667,rice,80,40,40,5.46,579.75,34.01,Kharif
91381,onion,120,60,65,5.84,75.32,22.676,Rabi
62807,rice,80,40,40,5.5,579.75,34.01,Kharif
56301,moong,20,40,20,5.5,288.3,25.46,Kharif
44214,papaya,50,50,50,6.02,1111.68,28.64818182,Whole Year
58965,rice,80,40,40,5.42,1246.715,22.6,Kharif
38900,jowar,80,40,40,5.34,579.75,34.01,Rabi
57092,horsegram,20,60,20,5.82,840.46,33.58333333,Rabi
6830,jowar,80,40,40,5.36,199.2125,21.3,Kharif
39458,rapeseed,50,40,20,5.16,75.32,22.676,Rabi
69769,maize,80,40,20,5.54,579.75,34.01,Kharif
12944,rapeseed,50,40,20,5.06,199.2125,21.3,Rabi
93042,potato,180,60,90,4.88,1037.32,28.08181818,Rabi
90059,moong,20,40,20,5.54,113.7,30.26666667,Kharif
71503,moong,20,40,20,5.62,840.46,33.58333333,Summer
17058,rapeseed,50,40,20,5.18,75.32,22.676,Rabi
5512,ragi,50,40,20,5.6,840.46,33.58333333,Kharif
16117,jowar,80,40,40,5.36,297.66,29.56666667,Kharif
64285,rapeseed,50,40,20,4.88,87.2,23.106,Rabi
28455,rice,80,40,40,5.48,607.48,26.36666667,Kharif
56475,jute,80,40,40,5.52,1543.76,27.33333333,Kharif
8502,ragi,50,40,20,5.34,167.38,23.56,Kharif
98063,sweetpotato,90,20,120,5.02,556.2,28.54545455,Kharif
98553,onion,120,60,65,5.82,75.32,22.676,Rabi
86404,wheat,60,30,30,6.3,127.68,20.8,Rabi
64145,moong,20,40,20,5.56,98.98,34.92333333,Kharif
8131,potato,180,60,90,4.88,40.023,23.14,Rabi
87861,maize,80,40,20,5.58,1246.715,22.6,Summer
70197,rice,80,40,40,5.58,1110.78,25.66666667,Kharif
9606,sunflower,50,60,30,5.64,297.66,29.56666667,Whole Year
88506,sweetpotato,90,20,120,5.1,1111.68,28.64818182,Rabi
82216,moong,20,40,20,5.56,607.48,26.36666667,Kharif
98809,maize,80,40,20,5.36,34.81,34.66666667,Kharif
74066,sweetpotato,90,20,120,5.02,1111.68,28.64818182,Rabi
85274,soyabean,20,60,20,5.44,1110.78,25.66666667,Kharif
62891,horsegram,20,60,20,6.12,1110.78,25.66666667,Rabi
38391,turmeric,25,60,100,5.18,942.8,28.99454545,Kharif
15525,rapeseed,50,40,20,4.94,66.52,20.312,Rabi
77966,rice,80,40,40,5.4,1166.94,28.33333333,Kharif
84798,potato,180,60,90,5.08,75.32,22.676,Rabi
33986,rapeseed,50,40,20,4.86,199.2125,21.3,Rabi
53484,wheat,60,30,30,6.6,113.7,30.26666667,Rabi
37984,wheat,60,30,30,7.0,446.14,25.44,Rabi
32336,moong,20,40,20,5.36,840.46,33.58333333,Kharif
31372,rapeseed,50,40,20,5.02,152.54,22.28,Rabi
30499,wheat,60,30,30,6.5,75.32,22.676,Rabi
34400,onion,120,60,65,6.0,1603.2375,22.89090909,Kharif
52737,soyabean,20,60,20,5.36,423.745,22.07,Kharif
58988,onion,120,60,65,5.82,1246.715,22.6,Kharif
4269,maize,80,40,20,5.34,579.75,34.01,Kharif
49539,moong,20,40,20,5.4,840.46,33.58333333,Summer
71701,rice,80,40,40,5.56,98.98,34.92333333,Kharif
36503,potato,180,60,90,5.12,700.241,22.19090909,Rabi
45884,cotton,120,40,20,5.62,510.05,33.37333333,Kharif
71482,ragi,50,40,20,5.44,840.46,33.58333333,Kharif
68514,cotton,120,40,20,5.52,884.5,27.65454545,Kharif
87282,cotton,120,40,20,5.54,790.98,30.61666667,Kharif
42825,ragi,50,40,20,5.62,157.31,25.83333333,Kharif
5764,maize,80,40,20,5.34,87.2,23.106,Summer
28227,maize,80,40,20,5.34,1011.49,30.43,Kharif
71367,rice,80,40,40,5.6,87.2,23.106,Kharif
97018,jute,80,40,40,5.54,423.745,22.07,Kharif
20088,garlic,50,10,60,5.38,1603.2375,22.89090909,Rabi
95136,maize,80,40,20,5.36,1246.715,22.6,Kharif
16787,moong,20,40,20,5.68,34.81,34.66666667,Summer
95604,rice,80,40,40,5.64,1246.715,22.6,Kharif
24263,wheat,60,30,30,6.4,75.32,22.676,Rabi
50820,maize,80,40,20,5.5,976.06,25.66666667,Kharif
64055,moong,20,40,20,5.32,98.98,34.92333333,Summer
43990,ladyfinger,80,10,40,6.44,1111.68,28.64818182,Kharif
996,coriander,10,20,20,6.32,1026.64,29.18636364,Rabi
32138,moong,20,40,20,5.5,127.68,20.8,Summer
2494,sunflower,50,60,30,5.38,235.4251,26.64666667,Whole Year
89213,maize,80,40,20,5.36,70.11,25.6,Kharif
74429,onion,120,60,65,5.9,1111.68,28.64818182,Kharif
96708,moong,20,40,20,5.56,607.48,26.36666667,Summer
93323,jute,80,40,40,5.68,1543.76,27.33333333,Kharif
75000,rice,80,40,40,5.6,56.236,15.852,Kharif
1519,wheat,60,30,30,6.6,293.36,14.7,Rabi
89337,sunflower,50,60,30,5.34,70.11,25.6,Whole Year
56279,onion,120,60,65,6.06,288.3,25.46,Kharif
63790,rice,80,40,40,5.56,1543.76,27.33333333,Kharif
90763,horsegram,20,60,20,6.08,884.5,27.65454545,Kharif
74954,rice,80,40,40,5.66,702.459,27.23333333,Kharif
96829,wheat,60,30,30,6.6,70.11,25.6,Rabi
40570,onion,120,60,65,6.12,2169.32,23.73636364,Rabi
10658,rice,80,40,40,5.58,34.81,34.66666667,Kharif
82855,potato,180,60,90,4.86,167.38,23.56,Rabi
18995,rice,80,40,40,5.46,840.46,33.58333333,Kharif
35119,onion,120,60,65,5.9,1111.68,28.64818182,Kharif
77683,rice,80,40,40,5.62,1110.78,25.66666667,Kharif
36886,horsegram,20,60,20,6.08,1145.22,28.5,Rabi
62817,jowar,80,40,40,5.5,579.75,34.01,Kharif
37798,ragi,50,40,20,5.5,297.66,29.56666667,Kharif
54053,garlic,50,10,60,5.62,556.2,28.54545455,Rabi
7613,rice,80,40,40,5.4,1011.49,30.43,Kharif
18329,rapeseed,50,40,20,4.9,127.68,20.8,Rabi
16871,sunflower,50,60,30,5.52,579.75,34.01,Whole Year
26302,wheat,60,30,30,7.0,94.02,22.38,Rabi
33225,rapeseed,50,40,20,4.88,94.02,22.38,Rabi
66916,onion,120,60,65,6.08,1111.68,28.64818182,Rabi
33199,rice,80,40,40,5.54,1151.02,28.03333333,Kharif
62523,wheat,60,30,30,6.1,75.32,22.676,Rabi
54417,sweetpotato,90,20,120,5.06,884.5,27.65454545,Kharif
15561,moong,20,40,20,5.62,411.52,34.73,Kharif
47874,potato,180,60,90,5.1,689.88,29.03727273,Rabi
91336,onion,120,60,65,5.94,75.32,22.676,Rabi
14375,rice,80,40,40,5.42,607.48,26.36666667,Kharif
10743,barley,70,40,45,5.52,75.32,22.676,Rabi
94585,rice,80,40,40,5.5,790.98,30.61666667,Kharif
41109,maize,80,40,20,5.62,98.98,34.92333333,Kharif
53301,turmeric,25,60,100,4.86,1426.3,26.73636364,Kharif
43960,rice,80,40,40,5.44,1011.49,30.43,Kharif
77072,moong,20,40,20,5.44,579.75,34.01,Summer
94448,onion,120,60,65,6.16,810.26,29.95636364,Rabi
10992,rapeseed,50,40,20,5.12,152.54,22.28,Rabi
70958,wheat,60,30,30,6.1,127.68,20.8,Rabi
83304,barley,70,40,45,5.46,19.38,22.766,Rabi
18592,sunflower,50,60,30,5.56,840.46,33.58333333,Whole Year
77377,rice,80,40,40,5.36,34.81,34.66666667,Kharif
71693,moong,20,40,20,5.46,840.46,33.58333333,Summer
4785,rice,80,40,40,5.48,152.54,22.28,Kharif
25987,maize,80,40,20,5.54,98.98,34.92333333,Kharif
94955,rapeseed,50,40,20,5.06,122.42,18.58,Rabi
98321,jowar,80,40,40,5.36,98.94,25.574,Kharif
89066,coriander,10,20,20,6.46,1111.68,28.64818182,Rabi
99533,maize,80,40,20,5.46,1110.78,25.66666667,Summer
55548,maize,80,40,20,5.52,75.32,22.676,Summer
29166,wheat,60,30,30,7.0,167.38,23.56,Rabi
20292,ragi,50,40,20,5.5,1246.715,22.6,Kharif
96002,rapeseed,50,40,20,4.96,73.47,23.562,Rabi
78530,blackgram,40,60,20,4.96,127.68,20.8,Kharif
49233,onion,120,60,65,6.18,2169.32,23.73636364,Rabi
31641,horsegram,20,60,20,5.92,288.3,25.46,Rabi
83550,sunflower,50,60,30,5.34,884.5,27.65454545,Whole Year
73917,rapeseed,50,40,20,5.1,73.47,23.562,Rabi
97309,moong,20,40,20,5.34,113.7,30.26666667,Summer
43323,drumstick,40,20,10,6.64,2817.86,27.90909091,Whole Year
12619,rapeseed,50,40,20,5.02,41.3,21.704,Rabi
48852,potato,180,60,90,4.94,1037.32,28.08181818,Rabi
80246,maize,80,40,20,5.34,331.88,35.34666667,Summer
44784,ragi,50,40,20,5.32,607.48,26.36666667,Kharif
50563,wheat,60,30,30,6.6,41.3,21.704,Rabi
41218,rapeseed,50,40,20,4.94,87.2,23.106,Rabi
30572,maize,80,40,20,5.4,75.32,22.676,Summer
36323,brinjal,80,15,40,6.46,1350.025,26.01818182,Whole Year
18454,maize,80,40,20,5.48,87.2,23.106,Kharif
90941,cotton,120,40,20,5.32,884.5,27.65454545,Kharif
36221,tomato,100,40,90,6.14,1350.025,26.01818182,Whole Year
7124,moong,20,40,20,5.54,199.2125,21.3,Summer
84349,wheat,60,30,30,6.8,75.32,22.676,Rabi
74800,soyabean,20,60,20,5.56,607.48,26.36666667,Kharif
27259,jowar,80,40,40,5.56,199.2125,21.3,Kharif
70845,blackpepper,100,60,50,5.08,2169.32,23.73636364,Whole Year
33648,moong,20,40,20,5.44,664.94,22.03333333,Kharif
40978,sunflower,50,60,30,5.32,840.46,33.58333333,Whole Year
15333,horsegram,20,60,20,6.08,167.38,23.56,Kharif
32845,sweetpotato,90,20,120,5.04,1026.64,29.18636364,Kharif
45633,rice,80,40,40,5.46,1145.22,28.5,Kharif
68276,cotton,120,40,20,5.68,510.05,33.37333333,Kharif
54651,jowar,80,40,40,5.54,98.94,25.574,Rabi
88900,banana,100,75,50,6.34,1111.68,28.64818182,Whole Year
34437,maize,80,40,20,5.4,1246.715,22.6,Summer
61783,coriander,10,20,20,6.64,942.8,28.99454545,Rabi
89689,moong,20,40,20,5.5,1145.22,28.5,Kharif
64737,jowar,80,40,40,5.6,1151.02,28.03333333,Kharif
63391,onion,120,60,65,6.12,654.34,29.26666667,Rabi
30967,maize,80,40,20,5.58,1110.78,25.66666667,Kharif
45735,garlic,50,10,60,5.32,1426.3,26.73636364,Rabi
20154,jowar,80,40,40,5.36,199.2125,21.3,Rabi
65415,potato,180,60,90,4.96,122.42,18.58,Rabi
86519,moong,20,40,20,5.62,840.46,33.58333333,Kharif
8550,rapeseed,50,40,20,5.16,167.38,23.56,Rabi
69236,rapeseed,50,40,20,4.84,75.32,22.676,Rabi
24344,horsegram,20,60,20,6.16,1110.78,25.66666667,Rabi
45837,maize,80,40,20,5.52,411.52,34.73,Kharif
75047,rice,80,40,40,5.68,235.4251,26.64666667,Kharif
80444,onion,120,60,65,5.88,293.36,14.7,Rabi
27381,rice,80,40,40,5.52,199.2125,21.3,Kharif
33548,wheat,60,30,30,6.4,41.3,21.704,Rabi
49096,moong,20,40,20,5.64,127.68,20.8,Kharif
98482,maize,80,40,20,5.38,1220.22,27.26666667,Kharif
67574,rapeseed,50,40,20,4.92,70.598,18.92,Rabi
64149,barley,70,40,45,5.34,87.2,23.106,Rabi
89162,sunflower,50,60,30,5.48,70.11,25.6,Whole Year
10003,barley,70,40,45,5.66,75.32,22.676,Rabi
69104,maize,80,40,20,5.5,770.44,28.68,Summer
30263,maize,80,40,20,5.64,75.32,22.676,Summer
55986,sunflower,50,60,30,5.44,1166.94,28.33333333,Whole Year
17296,maize,80,40,20,5.5,579.75,34.01,Summer
15492,rapeseed,50,40,20,4.84,10.265748,25.76,Rabi
67478,rice,80,40,40,5.66,235.4251,26.64666667,Kharif
36796,rice,80,40,40,5.4,1145.22,28.5,Kharif
8485,ragi,50,40,20,5.6,167.38,23.56,Kharif
55675,soyabean,20,60,20,5.4,1110.78,25.66666667,Kharif
11483,onion,120,60,65,5.86,2169.32,23.73636364,Rabi
30404,rice,80,40,40,5.5,579.75,34.01,Kharif
45121,pineapple,160,40,120,6.42,1050.245,18.77818182,Whole Year
79847,potato,180,60,90,4.9,94.02,22.38,Rabi
80289,rice,80,40,40,5.36,664.94,22.03333333,Kharif
29935,rice,80,40,40,5.36,297.66,29.56666667,Kharif
75467,wheat,60,30,30,6.9,113.7,30.26666667,Rabi
30387,turmeric,25,60,100,5.0,689.88,29.03727273,Kharif
50188,garlic,50,10,60,5.42,1299.26,26.51818182,Rabi
19242,rapeseed,50,40,20,4.98,94.02,22.38,Rabi
33401,wheat,60,30,30,6.5,15.34,27.276,Rabi
51396,sunflower,50,60,30,5.68,157.31,25.83333333,Whole Year
59822,jowar,80,40,40,5.62,73.47,23.562,Kharif
96206,potato,180,60,90,5.08,1111.68,28.64818182,Rabi
67440,rice,80,40,40,5.56,56.236,15.852,Kharif
59499,wheat,60,30,30,6.8,73.47,23.562,Rabi
71604,ragi,50,40,20,5.56,840.46,33.58333333,Kharif
69701,onion,120,60,65,6.08,75.32,22.676,Kharif
25949,maize,80,40,20,5.36,98.98,34.92333333,Summer
61818,jowar,80,40,40,5.66,98.94,25.574,Kharif
34271,rice,80,40,40,5.44,157.31,25.83333333,Kharif
23663,barley,70,40,45,5.56,75.32,22.676,Rabi
50353,cotton,120,40,20,5.64,790.98,30.61666667,Kharif
85672,jowar,80,40,40,5.68,288.3,25.46,Kharif
67869,moong,20,40,20,5.54,113.7,30.26666667,Summer
55630,sunflower,50,60,30,5.64,1110.78,25.66666667,Whole Year
43641,onion,120,60,65,5.9,1111.68,28.64818182,Rabi
50473,rice,80,40,40,5.36,3.94,33.76333333,Kharif
38109,moong,20,40,20,5.46,297.66,29.56666667,Kharif
80429,potato,180,60,90,4.82,293.36,14.7,Rabi
90267,jowar,80,40,40,5.38,510.05,33.37333333,Rabi
27176,blackpepper,100,60,50,5.18,1603.2375,22.89090909,Whole Year
31326,wheat,60,30,30,6.4,152.54,22.28,Rabi
19729,sweetpotato,90,20,120,4.88,421.14,28.50727273,Kharif
20590,onion,120,60,65,6.06,1603.2375,22.89090909,Kharif
2033,jowar,80,40,40,5.5,1011.49,30.43,Kharif
96775,cotton,120,40,20,5.34,607.48,26.36666667,Kharif
2392,potato,180,60,90,5.14,1050.245,18.77818182,Rabi
13206,moong,20,40,20,5.48,199.2125,21.3,Summer
69302,rapeseed,50,40,20,5.02,75.32,22.676,Rabi
16758,maize,80,40,20,5.44,75.32,22.676,Kharif
69365,maize,80,40,20,5.36,579.75,34.01,Summer
84190,barley,70,40,45,5.36,75.32,22.676,Rabi
37866,pumpkin,80,50,30,5.68,884.5,27.65454545,Summer
29226,sweetpotato,90,20,120,5.12,1426.3,26.73636364,Rabi
57068,turmeric,25,60,100,5.14,1026.64,29.18636364,Kharif
60756,potato,180,60,90,5.0,167.38,23.56,Rabi
1546,wheat,60,30,30,6.7,199.2125,21.3,Rabi
11236,jowar,80,40,40,5.36,288.3,25.46,Rabi
94629,rice,80,40,40,5.32,3.94,33.76333333,Kharif
28427,rapeseed,50,40,20,4.86,70.11,25.6,Rabi
36115,sunflower,50,60,30,5.6,70.11,25.6,Whole Year
43834,brinjal,80,15,40,6.46,1111.68,28.64818182,Whole Year
23258,horsegram,20,60,20,5.86,297.66,29.56666667,Kharif
57430,moong,20,40,20,5.32,840.46,33.58333333,Kharif
36910,onion,120,60,65,5.94,1426.3,26.73636364,Kharif
48126,maize,80,40,20,5.62,34.81,34.66666667,Kharif
88036,maize,80,40,20,5.58,199.2125,21.3,Kharif
82175,moong,20,40,20,5.66,607.48,26.36666667,Kharif
38534,grapes,20,125,200,4.16,942.8,28.99454545,Whole Year
52917,rapeseed,50,40,20,4.82,70.598,18.92,Rabi
47880,soyabean,20,60,20,5.5,579.75,34.01,Kharif
45105,rapeseed,50,40,20,5.14,56.236,15.852,Rabi
59522,soyabean,20,60,20,5.32,1011.49,30.43,Kharif
96704,wheat,60,30,30,6.8,70.11,25.6,Rabi
21968,horsegram,20,60,20,6.12,1145.22,28.5,Kharif
98898,jowar,80,40,40,5.32,579.75,34.01,Kharif
4046,barley,70,40,45,5.5,75.32,22.676,Rabi
85792,sunflower,50,60,30,5.5,1037.32,28.08181818,Whole Year
34796,pineapple,160,40,120,6.62,2817.86,27.90909091,Whole Year
33423,maize,80,40,20,5.66,790.98,30.61666667,Summer
39774,wheat,60,30,30,6.9,152.54,22.28,Rabi
13981,rice,80,40,40,5.56,1011.49,30.43,Kharif
74596,jowar,80,40,40,5.42,70.11,25.6,Rabi
60175,banana,100,75,50,6.54,1350.025,26.01818182,Whole Year
87364,wheat,60,30,30,6.11,15.34,27.276,Rabi
43706,onion,120,60,65,6.16,1111.68,28.64818182,Kharif
17927,maize,80,40,20,5.54,654.34,29.26666667,Summer
37093,coriander,10,20,20,6.58,556.2,28.54545455,Rabi
12788,barley,70,40,45,5.34,293.36,14.7,Rabi
42671,sweetpotato,90,20,120,4.98,1603.2375,22.89090909,Kharif
12972,banana,100,75,50,6.36,1603.2375,22.89090909,Whole Year
29078,rapeseed,50,40,20,5.14,167.38,23.56,Rabi
67458,rice,80,40,40,5.6,56.236,15.852,Kharif
47567,potato,180,60,90,5.1,689.88,29.03727273,Rabi
48170,onion,120,60,65,6.12,75.32,22.676,Rabi
18634,maize,80,40,20,5.6,98.98,34.92333333,Summer
40990,potato,180,60,90,4.92,1026.64,29.18636364,Rabi
63937,rice,80,40,40,5.4,497.88,25.03333333,Kharif
70718,rice,80,40,40,5.58,288.3,25.46,Kharif
79384,barley,70,40,45,5.48,87.2,23.106,Rabi
8795,wheat,60,30,30,6.9,66.52,20.312,Rabi
51200,coriander,10,20,20,6.64,1603.2375,22.89090909,Rabi
4912,cotton,120,40,20,5.52,654.34,29.26666667,Kharif
8557,maize,80,40,20,5.34,113.7,30.26666667,Kharif
20023,turmeric,25,60,100,5.04,1603.2375,22.89090909,Kharif
78186,jowar,80,40,40,5.44,654.34,29.26666667,Kharif
73724,turmeric,25,60,100,4.94,1603.2375,22.89090909,Kharif
52888,soyabean,20,60,20,5.32,207.55,26.43333333,Kharif
36423,sweetpotato,90,20,120,5.14,1050.245,18.77818182,Rabi
29822,rice,80,40,40,5.38,1875.6,20.1,Kharif
69813,onion,120,60,65,6.16,34.81,34.66666667,Rabi
88186,rice,80,40,40,5.58,157.31,25.83333333,Kharif
29360,moong,20,40,20,5.42,411.52,34.73,Summer
46708,ladyfinger,80,10,40,6.44,884.5,27.65454545,Summer
55629,soyabean,20,60,20,5.4,1110.78,25.66666667,Kharif
82932,moong,20,40,20,5.54,113.7,30.26666667,Kharif
19736,barley,70,40,45,5.56,41.3,21.704,Rabi
77652,moong,20,40,20,5.64,579.75,34.01,Kharif
62062,coriander,10,20,20,6.6,689.88,29.03727273,Rabi
44749,jowar,80,40,40,5.36,607.48,26.36666667,Rabi
29323,rapeseed,50,40,20,5.08,66.52,20.312,Rabi
59283,ragi,50,40,20,5.48,1997.12,27.0,Kharif
80539,horsegram,20,60,20,6.1,1246.715,22.6,Rabi
62942,rapeseed,50,40,20,4.82,169.82,14.6,Rabi
18786,maize,80,40,20,5.64,98.98,34.92333333,Kharif
55616,rice,80,40,40,5.58,579.75,34.01,Kharif
78601,moong,20,40,20,5.4,127.68,20.8,Summer
61143,sweetpotato,90,20,120,5.02,556.2,28.54545455,Rabi
58284,moong,20,40,20,5.64,516.68,27.86666667,Summer
53612,banana,100,75,50,6.6,550.1245,27.63636364,Whole Year
84342,sweetpotato,90,20,120,4.9,579.75,34.01,Kharif
11681,moong,20,40,20,5.46,87.2,23.106,Summer
91954,rapeseed,50,40,20,5.04,75.32,22.676,Rabi
94077,jowar,80,40,40,5.36,1151.02,28.03333333,Kharif
94183,banana,100,75,50,6.6,1299.26,26.51818182,Whole Year
43595,rapeseed,50,40,20,5.0,73.47,23.562,Rabi
75068,maize,80,40,20,5.5,207.55,26.43333333,Summer
8893,coriander,10,20,20,6.5,556.2,28.54545455,Rabi
57118,wheat,60,30,30,6.1,87.2,23.106,Rabi
35758,barley,70,40,45,5.46,73.47,23.562,Rabi
51844,sweetpotato,90,20,120,5.1,1111.68,28.64818182,Kharif
10554,rapeseed,50,40,20,5.16,75.32,22.676,Rabi
8319,moong,20,40,20,5.66,113.7,30.26666667,Summer
53138,horsegram,20,60,20,6.08,167.38,23.56,Kharif
23370,jowar,80,40,40,5.52,98.94,25.574,Kharif
34168,cardamom,75,75,150,5.04,1603.2375,22.89090909,Kharif
2233,wheat,60,30,30,6.4,70.11,25.6,Rabi
41096,sweetpotato,90,20,120,5.14,1026.64,29.18636364,Kharif
92559,rice,80,40,40,5.68,1166.94,28.33333333,Kharif
41399,onion,120,60,65,5.9,1026.64,29.18636364,Kharif
67252,maize,80,40,20,5.66,70.11,25.6,Summer
34190,sunflower,50,60,30,5.42,199.2125,21.3,Whole Year
39844,moong,20,40,20,5.48,182.5,29.2,Summer
20925,soyabean,20,60,20,5.6,1011.49,30.43,Kharif
52793,banana,100,75,50,6.34,1050.245,18.77818182,Whole Year
80217,rice,80,40,40,5.32,331.88,35.34666667,Kharif
92110,potato,180,60,90,5.14,75.32,22.676,Rabi
97149,ragi,50,40,20,5.58,207.55,26.43333333,Kharif
20776,turmeric,25,60,100,5.1,1111.68,28.64818182,Kharif
19709,turmeric,25,60,100,4.92,421.14,28.50727273,Kharif
24607,rice,80,40,40,5.52,182.5,29.2,Kharif
88145,cotton,120,40,20,5.62,1603.2375,22.89090909,Kharif
7776,cotton,120,40,20,5.52,607.48,26.36666667,Kharif
47718,rapeseed,50,40,20,4.84,75.32,22.676,Rabi
68383,potato,180,60,90,4.86,556.2,28.54545455,Rabi
52931,maize,80,40,20,5.34,207.55,26.43333333,Kharif
58615,rice,80,40,40,5.42,157.31,25.83333333,Kharif
51000,wheat,60,30,30,6.11,199.2125,21.3,Rabi
81960,maize,80,40,20,5.66,1011.49,30.43,Summer
35190,potato,180,60,90,4.96,1111.68,28.64818182,Rabi
13379,horsegram,20,60,20,6.06,199.2125,21.3,Kharif
66034,sunflower,50,60,30,5.36,157.31,25.83333333,Whole Year
78248,sweetpotato,90,20,120,4.86,1037.32,28.08181818,Rabi
10206,moong,20,40,20,5.54,579.75,34.01,Kharif
39690,rapeseed,50,40,20,5.1,152.54,22.28,Rabi
82539,cotton,120,40,20,5.6,207.55,26.43333333,Kharif
56114,maize,80,40,20,5.5,654.34,29.26666667,Kharif
582,rice,80,40,40,5.38,1543.76,27.33333333,Kharif
65808,rice,80,40,40,5.32,1246.715,22.6,Kharif
78960,rice,80,40,40,5.58,1543.76,27.33333333,Kharif
70437,rice,80,40,40,5.42,152.54,22.28,Kharif
22644,rapeseed,50,40,20,4.96,19.38,22.766,Rabi
35096,coriander,10,20,20,6.64,1111.68,28.64818182,Rabi
10262,jowar,80,40,40,5.44,579.75,34.01,Kharif
91242,potato,180,60,90,5.16,75.32,22.676,Rabi
32982,horsegram,20,60,20,6.16,94.02,22.38,Rabi
36600,horsegram,20,60,20,6.06,1145.22,28.5,Rabi
8158,maize,80,40,20,5.68,423.745,22.07,Summer
41389,barley,70,40,45,5.36,87.2,23.106,Rabi
42457,maize,80,40,20,5.42,976.06,25.66666667,Kharif
28533,cotton,120,40,20,5.32,607.48,26.36666667,Kharif
33555,moong,20,40,20,5.46,331.88,35.34666667,Kharif
60291,rice,80,40,40,5.64,56.236,15.852,Kharif
32249,orange,20,10,10,3.82,2169.32,23.73636364,Whole Year
75323,horsegram,20,60,20,5.86,167.38,23.56,Rabi
75639,wheat,60,30,30,6.9,66.52,20.312,Rabi
34871,cardamom,75,75,150,5.02,2817.86,27.90909091,Kharif
25323,moong,20,40,20,5.66,127.68,20.8,Summer
88967,cotton,120,40,20,5.54,1111.68,28.64818182,Kharif
17315,wheat,60,30,30,6.8,75.32,22.676,Rabi
2686,horsegram,20,60,20,5.9,167.38,23.56,Rabi
91635,onion,120,60,65,6.18,75.32,22.676,Rabi
12065,rice,80,40,40,5.64,840.46,33.58333333,Kharif
70637,cotton,120,40,20,5.54,654.34,29.26666667,Kharif
11348,rice,80,40,40,5.52,497.88,25.03333333,Kharif
7693,maize,80,40,20,5.4,1011.49,30.43,Kharif
6838,maize,80,40,20,5.46,157.31,25.83333333,Kharif
81343,cardamom,75,75,150,5.12,2817.86,27.90909091,Kharif
91025,horsegram,20,60,20,5.84,98.94,25.574,Kharif
46552,onion,120,60,65,6.16,884.5,27.65454545,Rabi
43493,sweetpotato,90,20,120,4.92,2817.86,27.90909091,Rabi
97367,moong,20,40,20,5.58,1145.22,28.5,Kharif
78822,maize,80,40,20,5.6,1543.76,27.33333333,Kharif
51723,rice,80,40,40,5.46,1011.49,30.43,Kharif
25974,sweetpotato,90,20,120,5.0,1026.64,29.18636364,Kharif
36141,ragi,50,40,20,5.56,607.48,26.36666667,Kharif
8585,jute,80,40,40,5.54,1145.22,28.5,Kharif
71133,moong,20,40,20,5.56,127.68,20.8,Kharif
45822,moong,20,40,20,5.5,411.52,34.73,Kharif
70380,maize,80,40,20,5.56,1166.94,28.33333333,Summer
60026,moong,20,40,20,5.32,607.48,26.36666667,Kharif
58746,maize,80,40,20,5.46,157.31,25.83333333,Kharif
35000,turmeric,25,60,100,5.04,1111.68,28.64818182,Kharif
10758,barley,70,40,45,5.38,75.32,22.676,Rabi
7172,maize,80,40,20,5.62,157.31,25.83333333,Kharif
98211,ragi,50,40,20,5.48,297.66,29.56666667,Kharif
5677,barley,70,40,45,5.62,87.2,23.106,Rabi
57927,rice,80,40,40,5.54,790.98,30.61666667,Kharif
74657,rice,80,40,40,5.44,607.48,26.36666667,Kharif
58174,turmeric,25,60,100,5.06,664.94,22.03333333,Kharif
61885,onion,120,60,65,6.12,98.94,25.574,Kharif
89892,maize,80,40,20,5.54,1145.22,28.5,Summer
79347,sweetpotato,90,20,120,5.16,840.46,33.58333333,Rabi
49017,maize,80,40,20,5.48,1712.66,11.2,Kharif
96808,soyabean,20,60,20,5.44,607.48,26.36666667,Kharif
23320,cotton,120,40,20,5.58,770.44,28.68,Kharif
83818,ragi,50,40,20,5.66,884.5,27.65454545,Kharif
87678,onion,120,60,65,5.94,1246.715,22.6,Kharif
19473,wheat,60,30,30,6.11,15.34,27.276,Rabi
95571,banana,100,75,50,6.32,1603.2375,22.89090909,Whole Year
12603,potato,180,60,90,4.98,421.14,28.50727273,Rabi
9980,wheat,60,30,30,7.0,75.32,22.676,Rabi
35907,soyabean,20,60,20,5.58,607.48,26.36666667,Kharif
58257,onion,120,60,65,6.08,240.1,10.38,Rabi
76400,jowar,80,40,40,5.58,884.5,27.65454545,Kharif
57777,potato,180,60,90,5.08,1299.26,26.51818182,Rabi
80858,onion,120,60,65,6.16,1246.715,22.6,Kharif
8688,moong,20,40,20,5.44,167.38,23.56,Kharif
15603,barley,70,40,45,5.52,19.38,22.766,Rabi
49191,rapeseed,50,40,20,5.02,127.68,20.8,Rabi
65558,moong,20,40,20,5.32,199.2125,21.3,Kharif
91771,jowar,80,40,40,5.36,579.75,34.01,Kharif
50633,wheat,60,30,30,6.7,240.1,10.38,Rabi
3680,rice,80,40,40,5.42,770.44,28.68,Kharif
16770,sunflower,50,60,30,5.66,579.75,34.01,Whole Year
58680,moong,20,40,20,5.32,199.2125,21.3,Summer
93570,rice,80,40,40,5.6,497.88,25.03333333,Kharif
97373,wheat,60,30,30,7.0,113.7,30.26666667,Rabi
52916,barley,70,40,45,5.54,70.598,18.92,Rabi
76512,onion,120,60,65,6.04,884.5,27.65454545,Rabi
29325,rice,80,40,40,5.4,411.52,34.73,Kharif
76231,onion,120,60,65,6.06,884.5,27.65454545,Rabi
27344,coriander,10,20,20,6.6,1603.2375,22.89090909,Rabi
30130,maize,80,40,20,5.58,98.94,25.574,Summer
35170,maize,80,40,20,5.46,1011.49,30.43,Kharif
68601,turmeric,25,60,100,5.12,884.5,27.65454545,Kharif
50076,cotton,120,40,20,5.52,1151.02,28.03333333,Kharif
69250,maize,80,40,20,5.52,34.81,34.66666667,Kharif
62158,potato,180,60,90,4.84,75.32,22.676,Rabi
83740,coriander,10,20,20,6.68,884.5,27.65454545,Rabi
54744,sunflower,50,60,30,5.56,98.94,25.574,Whole Year
45966,wheat,60,30,30,6.1,19.38,22.766,Rabi
63040,rapeseed,50,40,20,4.88,152.54,22.28,Rabi
36369,sweetpotato,90,20,120,5.06,1050.245,18.77818182,Rabi
4108,barley,70,40,45,5.64,75.32,22.676,Rabi
71359,moong,20,40,20,5.56,840.46,33.58333333,Kharif
54707,moong,20,40,20,5.38,770.44,28.68,Kharif
69899,maize,80,40,20,5.6,75.32,22.676,Kharif
36605,rapeseed,50,40,20,4.82,167.38,23.56,Rabi
38462,moong,20,40,20,5.54,98.94,25.574,Kharif
83134,onion,120,60,65,5.88,556.2,28.54545455,Rabi
97163,rice,80,40,40,5.36,207.55,26.43333333,Kharif
72071,maize,80,40,20,5.48,1151.02,28.03333333,Summer
32053,onion,120,60,65,5.96,2169.32,23.73636364,Kharif
11702,wheat,60,30,30,6.7,87.2,23.106,Rabi
38656,rice,80,40,40,5.36,579.75,34.01,Kharif
34298,sunflower,50,60,30,5.52,199.2125,21.3,Whole Year
19818,barley,70,40,45,5.56,240.1,10.38,Rabi
21678,rice,80,40,40,5.4,423.745,22.07,Kharif
79822,rice,80,40,40,5.42,1151.02,28.03333333,Kharif
82751,maize,80,40,20,5.38,1145.22,28.5,Summer
79461,maize,80,40,20,5.44,840.46,33.58333333,Summer
87750,banana,100,75,50,6.68,1603.2375,22.89090909,Whole Year
95877,rice,80,40,40,5.52,330.0,29.33333333,Kharif
35286,coriander,10,20,20,6.32,1111.68,28.64818182,Rabi
65261,rapeseed,50,40,20,5.0,240.1,10.38,Rabi
19100,ragi,50,40,20,5.68,840.46,33.58333333,Kharif
20334,rice,80,40,40,5.48,157.31,25.83333333,Kharif
35458,grapes,20,125,200,4.02,1111.68,28.64818182,Whole Year
40146,moong,20,40,20,5.36,654.34,29.26666667,Kharif
50944,moong,20,40,20,5.6,1246.715,22.6,Kharif
3348,coriander,10,20,20,6.64,884.5,27.65454545,Rabi
6554,barley,70,40,45,5.32,240.1,10.38,Rabi
4468,rapeseed,50,40,20,4.96,75.32,22.676,Rabi
45421,rapeseed,50,40,20,4.84,167.38,23.56,Rabi
82655,rice,80,40,40,5.6,113.7,30.26666667,Kharif
97834,potato,180,60,90,5.16,556.2,28.54545455,Rabi
85569,rapeseed,50,40,20,5.04,152.54,22.28,Rabi
83513,barley,70,40,45,5.52,140.52,12.5,Rabi
69034,ragi,50,40,20,5.6,98.94,25.574,Kharif
3798,rapeseed,50,40,20,5.12,75.32,22.676,Rabi
13466,rice,80,40,40,5.68,1997.12,27.0,Kharif
82118,sunflower,50,60,30,5.48,607.48,26.36666667,Whole Year
41076,potato,180,60,90,4.82,1026.64,29.18636364,Rabi
39597,soyabean,20,60,20,5.4,1110.78,25.66666667,Kharif
71771,rice,80,40,40,5.62,98.98,34.92333333,Kharif
60637,wheat,60,30,30,6.5,113.7,30.26666667,Rabi
58455,potato,180,60,90,4.9,122.42,18.58,Rabi
30170,jowar,80,40,40,5.62,98.94,25.574,Kharif
15990,potato,180,60,90,5.14,556.2,28.54545455,Rabi
81089,horsegram,20,60,20,6.1,1246.715,22.6,Kharif
69117,wheat,60,30,30,6.1,98.94,25.574,Rabi
32541,rice,80,40,40,5.56,87.2,23.106,Kharif
26760,barley,70,40,45,5.4,240.1,10.38,Rabi
2511,jowar,80,40,40,5.32,207.55,26.43333333,Kharif
62429,potato,180,60,90,4.88,75.32,22.676,Rabi
76020,rapeseed,50,40,20,5.08,19.38,22.766,Rabi
60975,rice,80,40,40,5.4,510.05,33.37333333,Kharif
58061,wheat,60,30,30,6.1,41.3,21.704,Rabi
96108,coriander,10,20,20,6.5,1111.68,28.64818182,Rabi
9071,barley,70,40,45,5.62,19.38,22.766,Rabi
26211,wheat,60,30,30,6.4,94.02,22.38,Rabi
94351,rapeseed,50,40,20,4.96,94.02,22.38,Rabi
84364,sunflower,50,60,30,5.66,34.81,34.66666667,Whole Year
23444,cotton,120,40,20,5.66,770.44,28.68,Kharif
24899,cotton,120,40,20,5.66,654.34,29.26666667,Kharif
69797,rice,80,40,40,5.64,34.81,34.66666667,Kharif
4197,rice,80,40,40,5.48,579.75,34.01,Kharif
86001,rapeseed,50,40,20,5.14,127.68,20.8,Rabi
47298,cotton,120,40,20,5.66,770.44,28.68,Kharif
29881,ragi,50,40,20,5.54,297.66,29.56666667,Kharif
25691,sunflower,50,60,30,5.56,840.46,33.58333333,Whole Year
47637,rice,80,40,40,5.44,579.75,34.01,Kharif
42312,barley,70,40,45,5.5,293.36,14.7,Rabi
94915,garlic,50,10,60,5.46,240.1,10.38,Rabi
75971,coriander,10,20,20,6.64,556.2,28.54545455,Rabi
32673,turmeric,25,60,100,5.08,1026.64,29.18636364,Kharif
91144,soyabean,20,60,20,5.36,770.44,28.68,Kharif
15726,moong,20,40,20,5.56,510.05,33.37333333,Summer
21354,sunflower,50,60,30,5.6,70.11,25.6,Whole Year
5118,rice,80,40,40,5.54,1543.76,27.33333333,Kharif
49797,rice,80,40,40,5.52,98.98,34.92333333,Kharif
54151,moong,20,40,20,5.6,297.66,29.56666667,Summer
90845,coriander,10,20,20,6.64,884.5,27.65454545,Rabi
1749,maize,80,40,20,5.32,199.2125,21.3,Kharif
10141,rapeseed,50,40,20,4.98,75.32,22.676,Rabi
5771,garlic,50,10,60,5.42,1026.64,29.18636364,Rabi
97938,sweetpotato,90,20,120,4.88,556.2,28.54545455,Kharif
67871,maize,80,40,20,5.44,167.38,23.56,Kharif
79009,moong,20,40,20,5.54,98.98,34.92333333,Summer
40553,papaya,50,50,50,6.08,2169.32,23.73636364,Whole Year
25243,maize,80,40,20,5.6,1543.76,27.33333333,Kharif
94679,barley,70,40,45,5.66,41.3,21.704,Rabi
30969,ragi,50,40,20,5.38,1110.78,25.66666667,Kharif
65932,horsegram,20,60,20,5.92,199.2125,21.3,Kharif
17283,jowar,80,40,40,5.58,579.75,34.01,Kharif
43505,wheat,60,30,30,6.12,73.47,23.562,Rabi
93258,rapeseed,50,40,20,5.16,127.68,20.8,Rabi
81438,jowar,80,40,40,5.4,1011.49,30.43,Rabi
6651,moong,20,40,20,5.34,199.2125,21.3,Kharif
11626,jute,80,40,40,5.42,1543.76,27.33333333,Kharif
57640,moong,20,40,20,5.6,1151.02,28.03333333,Summer
29435,coriander,10,20,20,6.32,556.2,28.54545455,Rabi
65767,sunflower,50,60,30,5.5,199.2125,21.3,Whole Year
43583,potato,180,60,90,4.86,1111.68,28.64818182,Rabi
40191,ragi,50,40,20,5.66,288.3,25.46,Kharif
79452,sweetpotato,90,20,120,4.88,840.46,33.58333333,Rabi
76277,sweetpotato,90,20,120,5.06,884.5,27.65454545,Rabi
80514,rice,80,40,40,5.5,1246.715,22.6,Kharif
34987,banana,100,75,50,6.56,1111.68,28.64818182,Whole Year
67274,maize,80,40,20,5.48,37.09,27.96666667,Summer
3461,jowar,80,40,40,5.42,884.5,27.65454545,Rabi
9059,barley,70,40,45,5.52,19.38,22.766,Rabi
4877,maize,80,40,20,5.66,654.34,29.26666667,Summer
31640,sunflower,50,60,30,5.36,654.34,29.26666667,Whole Year
77483,moong,20,40,20,5.46,34.81,34.66666667,Kharif
59425,horsegram,20,60,20,6.02,1011.49,30.43,Kharif
29037,potato,180,60,90,5.14,1426.3,26.73636364,Rabi
12725,horsegram,20,60,20,6.06,664.94,22.03333333,Kharif
44746,onion,120,60,65,6.16,714.68,26.45454545,Kharif
51304,horsegram,20,60,20,6.08,1246.715,22.6,Kharif
72777,potato,180,60,90,5.16,516.68,27.86666667,Rabi
3057,jowar,80,40,40,5.52,510.05,33.37333333,Rabi
3002,rapeseed,50,40,20,4.92,19.38,22.766,Rabi
69515,sweetpotato,90,20,120,4.86,579.75,34.01,Rabi
92785,wheat,60,30,30,6.12,288.3,25.46,Rabi
52336,wheat,60,30,30,6.8,73.47,23.562,Rabi
90380,jowar,80,40,40,5.54,510.05,33.37333333,Rabi
21842,jute,80,40,40,5.62,207.55,26.43333333,Kharif
65017,barley,70,40,45,5.64,41.3,21.704,Rabi
25026,rice,80,40,40,5.32,1712.66,11.2,Kharif
3007,rice,80,40,40,5.4,510.05,33.37333333,Kharif
23800,rapeseed,50,40,20,5.0,75.32,22.676,Rabi
59987,wheat,60,30,30,6.1,70.11,25.6,Rabi
23660,maize,80,40,20,5.42,579.75,34.01,Kharif
52339,onion,120,60,65,6.06,1111.68,28.64818182,Kharif
57071,horsegram,20,60,20,6.18,840.46,33.58333333,Rabi
6445,sunflower,50,60,30,5.5,41.3,21.704,Whole Year
80998,onion,120,60,65,5.92,199.2125,21.3,Rabi
64056,rice,80,40,40,5.54,87.2,23.106,Kharif
35550,brinjal,80,15,40,6.6,1111.68,28.64818182,Whole Year
32546,ragi,50,40,20,5.5,840.46,33.58333333,Kharif
58733,rice,80,40,40,5.42,1246.715,22.6,Kharif
95274,sunflower,50,60,30,5.38,1246.715,22.6,Whole Year
42955,tomato,100,40,90,5.96,1603.2375,22.89090909,Whole Year
44951,ladyfinger,80,10,40,6.52,1350.025,26.01818182,Kharif
9069,jowar,80,40,40,5.4,510.05,33.37333333,Rabi
85125,rice,80,40,40,5.64,579.75,34.01,Kharif
21665,sweetpotato,90,20,120,4.96,1050.245,18.77818182,Rabi
27448,maize,80,40,20,5.38,199.2125,21.3,Kharif
73966,garlic,50,10,60,5.4,1111.68,28.64818182,Rabi
11673,jute,80,40,40,5.32,840.46,33.58333333,Kharif
20415,sunflower,50,60,30,5.38,1246.715,22.6,Whole Year
9120,rapeseed,50,40,20,5.06,19.38,22.766,Rabi
46206,barley,70,40,45,5.66,19.38,22.766,Rabi
7013,horsegram,20,60,20,6.08,199.2125,21.3,Kharif
90433,garlic,50,10,60,5.54,556.2,28.54545455,Rabi
63979,maize,80,40,20,5.58,1543.76,27.33333333,Kharif
34666,rice,80,40,40,5.32,1246.715,22.6,Kharif
36420,papaya,50,50,50,6.08,1050.245,18.77818182,Whole Year
36625,potato,180,60,90,4.96,1426.3,26.73636364,Rabi
42902,jowar,80,40,40,5.5,199.2125,21.3,Rabi
51504,jowar,80,40,40,5.58,199.2125,21.3,Kharif
52321,rapeseed,50,40,20,5.06,73.47,23.562,Rabi
41339,potato,180,60,90,4.92,1026.64,29.18636364,Rabi
3003,wheat,60,30,30,6.5,19.38,22.766,Rabi
40625,sweetpotato,90,20,120,4.9,2169.32,23.73636364,Kharif
64972,garlic,50,10,60,5.6,810.26,29.95636364,Rabi
71247,sweetpotato,90,20,120,5.06,1026.64,29.18636364,Kharif
74770,sunflower,50,60,30,5.68,70.11,25.6,Whole Year
57909,cotton,120,40,20,5.62,790.98,30.61666667,Kharif
36298,radish,25,100,50,5.96,1350.025,26.01818182,Kharif
54344,coriander,10,20,20,6.64,884.5,27.65454545,Rabi
53754,jowar,80,40,40,5.58,510.05,33.37333333,Kharif
69031,maize,80,40,20,5.58,98.94,25.574,Kharif
80037,rice,80,40,40,5.54,790.98,30.61666667,Kharif
6481,cotton,120,40,20,5.38,1098.26,15.5,Kharif
1197,ragi,50,40,20,5.42,1026.64,29.18636364,Kharif
44728,rice,80,40,40,5.5,607.48,26.36666667,Kharif
51077,cardamom,75,75,150,4.92,1603.2375,22.89090909,Kharif
86891,rice,80,40,40,5.34,1151.02,28.03333333,Kharif
13352,jowar,80,40,40,5.44,1246.715,22.6,Kharif
45068,radish,25,100,50,5.84,1350.025,26.01818182,Rabi
20181,jowar,80,40,40,5.32,199.2125,21.3,Kharif
65284,ragi,50,40,20,5.62,976.06,25.66666667,Kharif
19130,soyabean,20,60,20,5.4,1151.02,28.03333333,Kharif
54705,jowar,80,40,40,5.36,770.44,28.68,Rabi
26789,turmeric,25,60,100,4.96,1098.26,15.5,Kharif
34614,jowar,80,40,40,5.4,1246.715,22.6,Rabi
78937,onion,120,60,65,5.88,2169.32,23.73636364,Kharif
42486,wheat,60,30,30,6.8,122.42,18.58,Rabi
53571,coriander,10,20,20,6.66,1426.3,26.73636364,Rabi
84183,moong,20,40,20,5.68,34.81,34.66666667,Kharif
15371,maize,80,40,20,5.34,1145.22,28.5,Summer
34050,rapeseed,50,40,20,4.96,199.2125,21.3,Rabi
89241,sunflower,50,60,30,5.46,607.48,26.36666667,Whole Year
8170,rice,80,40,40,5.34,423.745,22.07,Kharif
92456,horsegram,20,60,20,6.06,1110.78,25.66666667,Rabi
45751,garlic,50,10,60,5.36,1426.3,26.73636364,Rabi
21177,onion,120,60,65,5.88,1111.68,28.64818182,Kharif
47961,maize,80,40,20,5.5,579.75,34.01,Kharif
99092,maize,80,40,20,5.54,75.32,22.676,Kharif
2308,jowar,80,40,40,5.54,70.11,25.6,Rabi
97892,maize,80,40,20,5.58,510.05,33.37333333,Summer
81510,wheat,60,30,30,6.5,73.47,23.562,Rabi
52577,jowar,80,40,40,5.48,607.48,26.36666667,Kharif
62089,maize,80,40,20,5.52,579.75,34.01,Kharif
38861,potato,180,60,90,4.82,689.88,29.03727273,Rabi
16354,onion,120,60,65,6.12,884.5,27.65454545,Kharif
82634,potato,180,60,90,5.06,167.38,23.56,Rabi
77907,rice,80,40,40,5.42,152.54,22.28,Kharif
59134,onion,120,60,65,6.12,157.31,25.83333333,Rabi
51286,potato,180,60,90,4.94,1603.2375,22.89090909,Rabi
28585,sunflower,50,60,30,5.52,607.48,26.36666667,Whole Year
63555,wheat,60,30,30,6.6,241.78,1.18,Rabi
85276,potato,180,60,90,5.04,169.82,14.6,Rabi
39576,onion,120,60,65,6.0,1411.78,19.94545455,Kharif
68957,horsegram,20,60,20,5.84,770.44,28.68,Kharif
6730,potato,180,60,90,4.92,199.2125,21.3,Rabi
98845,onion,120,60,65,6.04,75.32,22.676,Kharif
48869,ragi,50,40,20,5.36,288.3,25.46,Kharif
98844,barley,70,40,45,5.38,75.32,22.676,Rabi
84515,garlic,50,10,60,5.46,75.32,22.676,Rabi
28035,jowar,80,40,40,5.62,1011.49,30.43,Rabi
30848,turmeric,25,60,100,5.14,689.88,29.03727273,Kharif
30154,ragi,50,40,20,5.48,98.94,25.574,Kharif
76165,turmeric,25,60,100,4.84,884.5,27.65454545,Kharif
66848,moong,20,40,20,5.66,73.47,23.562,Kharif
27667,sweetpotato,90,20,120,4.84,1111.68,28.64818182,Rabi
46258,cotton,120,40,20,5.68,510.05,33.37333333,Kharif
21934,rice,80,40,40,5.56,167.38,23.56,Kharif
81763,garlic,50,10,60,5.58,1111.68,28.64818182,Rabi
79527,sweetpotato,90,20,120,4.92,840.46,33.58333333,Rabi
92029,maize,80,40,20,5.56,579.75,34.01,Summer
58562,rice,80,40,40,5.44,157.31,25.83333333,Kharif
58040,wheat,60,30,30,6.4,41.3,21.704,Rabi
93245,blackpepper,100,60,50,5.16,2169.32,23.73636364,Whole Year
30630,moong,20,40,20,5.64,75.32,22.676,Kharif
76998,moong,20,40,20,5.62,34.81,34.66666667,Kharif
55949,moong,20,40,20,5.64,182.5,29.2,Kharif
50449,cotton,120,40,20,5.36,790.98,30.61666667,Kharif
2935,barley,70,40,45,5.34,19.38,22.766,Rabi
28211,garlic,50,10,60,5.52,1111.68,28.64818182,Rabi
98607,wheat,60,30,30,6.3,75.32,22.676,Rabi
66756,onion,120,60,65,5.96,1111.68,28.64818182,Kharif
99357,onion,120,60,65,5.86,75.32,22.676,Rabi
83325,rapeseed,50,40,20,5.04,19.38,22.766,Rabi
43606,potato,180,60,90,5.04,1111.68,28.64818182,Rabi
96053,soyabean,20,60,20,5.38,1011.49,30.43,Kharif
24537,moong,20,40,20,5.52,152.54,22.28,Summer
51210,soyabean,20,60,20,5.62,1246.715,22.6,Kharif
63139,maize,80,40,20,5.4,1166.94,28.33333333,Summer
5234,rice,80,40,40,5.54,127.68,20.8,Kharif
75925,maize,80,40,20,5.5,510.05,33.37333333,Kharif
31567,cotton,120,40,20,5.5,654.34,29.26666667,Kharif
23692,turmeric,25,60,100,5.16,689.88,29.03727273,Kharif
63053,rapeseed,50,40,20,5.12,152.54,22.28,Rabi
8994,coriander,10,20,20,6.68,556.2,28.54545455,Rabi
87575,sweetpotato,90,20,120,5.1,1603.2375,22.89090909,Kharif
86821,rice,80,40,40,5.62,87.2,23.106,Kharif
44577,grapes,20,125,200,4.04,714.68,26.45454545,Whole Year
41485,rice,80,40,40,5.56,840.46,33.58333333,Kharif
81495,jowar,80,40,40,5.62,73.47,23.562,Rabi
85621,ragi,50,40,20,5.58,654.34,29.26666667,Kharif
33730,wheat,60,30,30,6.12,240.1,10.38,Rabi
80594,sunflower,50,60,30,5.64,157.31,25.83333333,Whole Year
24388,maize,80,40,20,5.68,1110.78,25.66666667,Summer
18391,rice,80,40,40,5.34,127.68,20.8,Kharif
54953,turmeric,25,60,100,5.14,75.32,22.676,Kharif
96570,cotton,120,40,20,5.54,1011.49,30.43,Kharif
48711,potato,180,60,90,5.14,1037.32,28.08181818,Rabi
25111,sweetpotato,90,20,120,4.98,2169.32,23.73636364,Kharif
51233,maize,80,40,20,5.5,1246.715,22.6,Kharif
34440,rice,80,40,40,5.64,199.2125,21.3,Kharif
3375,turmeric,25,60,100,5.08,884.5,27.65454545,Kharif
80040,rice,80,40,40,5.68,3.94,33.76333333,Kharif
63602,rice,80,40,40,5.54,1543.76,27.33333333,Kharif
6403,rice,80,40,40,5.58,331.88,35.34666667,Kharif
45901,maize,80,40,20,5.42,510.05,33.37333333,Kharif
44943,radish,25,100,50,6.06,1350.025,26.01818182,Kharif
26586,jowar,80,40,40,5.32,331.88,35.34666667,Rabi
16525,wheat,60,30,30,6.6,98.94,25.574,Rabi
22330,sweetpotato,90,20,120,5.1,1426.3,26.73636364,Rabi
41222,rice,80,40,40,5.56,98.98,34.92333333,Kharif
30590,moong,20,40,20,5.42,579.75,34.01,Summer
96205,onion,120,60,65,5.96,1111.68,28.64818182,Kharif
53451,potato,180,60,90,4.98,167.38,23.56,Rabi
13717,jowar,80,40,40,5.32,1011.49,30.43,Kharif
98464,rice,80,40,40,5.62,770.44,28.68,Kharif
89198,jowar,80,40,40,5.6,607.48,26.36666667,Kharif
56706,maize,80,40,20,5.34,1543.76,27.33333333,Summer
43598,ladyfinger,80,10,40,6.46,1111.68,28.64818182,Summer
23243,turmeric,25,60,100,4.92,884.5,27.65454545,Kharif
47028,bittergourd,60,10,20,6.62,884.5,27.65454545,Summer
82231,wheat,60,30,30,7.0,70.11,25.6,Rabi
72464,wheat,60,30,30,6.11,41.3,21.704,Rabi
87630,potato,180,60,90,5.08,1246.715,22.6,Rabi
41768,jowar,80,40,40,5.32,1151.02,28.03333333,Kharif
99776,rice,80,40,40,5.4,182.5,29.2,Kharif
63061,rice,80,40,40,5.44,1166.94,28.33333333,Kharif
36506,jute,80,40,40,5.32,207.55,26.43333333,Kharif
94369,rice,80,40,40,5.4,141.46,28.474,Kharif
45739,turmeric,25,60,100,5.18,1426.3,26.73636364,Kharif
29642,garlic,50,10,60,5.62,556.2,28.54545455,Rabi
55784,turmeric,25,60,100,5.1,1501.98,25.81818182,Kharif
53588,sunflower,50,60,30,5.58,167.38,23.56,Whole Year
70956,moong,20,40,20,5.68,127.68,20.8,Kharif
14127,jowar,80,40,40,5.64,1011.49,30.43,Kharif
33868,wheat,60,30,30,6.7,122.42,18.58,Rabi
3913,onion,120,60,65,6.06,579.75,34.01,Kharif
84857,moong,20,40,20,5.6,579.75,34.01,Kharif
56449,rapeseed,50,40,20,5.06,127.68,20.8,Rabi
20072,moong,20,40,20,5.34,1246.715,22.6,Summer
52660,cotton,120,40,20,5.66,714.68,26.45454545,Kharif
9883,rice,80,40,40,5.36,579.75,34.01,Kharif
12489,jowar,80,40,40,5.42,790.98,30.61666667,Kharif
26584,wheat,60,30,30,6.5,41.3,21.704,Rabi
20266,moong,20,40,20,5.38,1246.715,22.6,Kharif
73760,cotton,120,40,20,5.56,1603.2375,22.89090909,Kharif
43679,coriander,10,20,20,6.66,1111.68,28.64818182,Rabi
87073,wheat,60,30,30,6.9,94.02,22.38,Rabi
36616,moong,20,40,20,5.36,1145.22,28.5,Kharif
97060,sunflower,50,60,30,5.56,70.598,18.92,Whole Year
98911,rice,80,40,40,5.44,579.75,34.01,Kharif
20091,turmeric,25,60,100,4.96,1603.2375,22.89090909,Kharif
88889,maize,80,40,20,5.64,1111.68,28.64818182,Summer
25787,rice,80,40,40,5.44,840.46,33.58333333,Kharif
67877,maize,80,40,20,5.56,1145.22,28.5,Summer
69164,maize,80,40,20,5.34,1220.22,27.26666667,Kharif
31691,papaya,50,50,50,5.9,1037.32,28.08181818,Whole Year
51325,horsegram,20,60,20,5.82,1246.715,22.6,Rabi
18498,turmeric,25,60,100,4.92,1026.64,29.18636364,Kharif
65944,horsegram,20,60,20,6.12,1246.715,22.6,Rabi
69531,sweetpotato,90,20,120,5.12,579.75,34.01,Kharif
73798,blackpepper,100,60,50,4.94,2817.86,27.90909091,Whole Year
24952,jowar,80,40,40,5.42,288.3,25.46,Kharif
16096,cotton,120,40,20,5.54,297.66,29.56666667,Kharif
71423,maize,80,40,20,5.32,840.46,33.58333333,Summer
55749,potato,180,60,90,5.14,1411.78,19.94545455,Rabi
91366,onion,120,60,65,5.96,75.32,22.676,Kharif
94738,wheat,60,30,30,6.6,41.3,21.704,Rabi
66575,rice,80,40,40,5.58,1011.49,30.43,Kharif
59033,cotton,120,40,20,5.64,1603.2375,22.89090909,Kharif
24735,banana,100,75,50,6.36,1037.32,28.08181818,Whole Year
66921,maize,80,40,20,5.5,1011.49,30.43,Summer
91556,moong,20,40,20,5.32,34.81,34.66666667,Kharif
92088,soyabean,20,60,20,5.64,579.75,34.01,Kharif
88414,jowar,80,40,40,5.5,1011.49,30.43,Kharif
46956,sweetpotato,90,20,120,4.9,884.5,27.65454545,Rabi
70193,horsegram,20,60,20,6.08,1110.78,25.66666667,Kharif
66955,wheat,60,30,30,6.7,73.47,23.562,Rabi
77581,sweetpotato,90,20,120,5.08,579.75,34.01,Kharif
89622,sunflower,50,60,30,5.52,70.598,18.92,Whole Year
99642,rice,80,40,40,5.32,182.5,29.2,Kharif
27585,rice,80,40,40,5.66,330.0,29.33333333,Kharif
43385,rice,80,40,40,5.56,330.0,29.33333333,Kharif
79282,barley,70,40,45,5.32,87.2,23.106,Rabi
82290,rice,80,40,40,5.42,607.48,26.36666667,Kharif
53152,rice,80,40,40,5.34,113.7,30.26666667,Kharif
89143,rapeseed,50,40,20,5.06,70.11,25.6,Rabi
63091,rapeseed,50,40,20,5.18,152.54,22.28,Rabi
28043,coriander,10,20,20,6.36,1111.68,28.64818182,Rabi
66486,rice,80,40,40,5.42,1011.49,30.43,Kharif
75559,potato,180,60,90,5.12,167.38,23.56,Rabi
90513,onion,120,60,65,6.02,556.2,28.54545455,Kharif
79227,turmeric,25,60,100,5.12,1026.64,29.18636364,Kharif
68615,sunflower,50,60,30,5.36,884.5,27.65454545,Whole Year
35755,rice,80,40,40,5.38,1011.49,30.43,Kharif
17723,potato,180,60,90,4.92,152.54,22.28,Rabi
50371,moong,20,40,20,5.34,790.98,30.61666667,Summer
20263,horsegram,20,60,20,5.84,1246.715,22.6,Kharif
55459,wheat,60,30,30,7.0,75.32,22.676,Rabi
67682,wheat,60,30,30,6.3,113.7,30.26666667,Rabi
21821,jowar,80,40,40,5.36,207.55,26.43333333,Kharif
35019,onion,120,60,65,6.06,1111.68,28.64818182,Kharif
29112,potato,180,60,90,4.82,1426.3,26.73636364,Rabi
20549,sunflower,50,60,30,5.64,157.31,25.83333333,Whole Year
66001,rice,80,40,40,5.44,1246.715,22.6,Kharif
410,rice,80,40,40,5.52,497.88,25.03333333,Kharif
29115,horsegram,20,60,20,6.02,1145.22,28.5,Kharif
59446,onion,120,60,65,6.16,1111.68,28.64818182,Rabi
11707,sweetpotato,90,20,120,5.06,1026.64,29.18636364,Rabi
26500,jowar,80,40,40,5.66,790.98,30.61666667,Rabi
60730,maize,80,40,20,5.52,1145.22,28.5,Kharif
40163,bottlegourd,100,50,50,6.52,1037.32,28.08181818,Summer
1731,maize,80,40,20,5.4,1246.715,22.6,Kharif
53869,garlic,50,10,60,5.52,556.2,28.54545455,Rabi
8686,horsegram,20,60,20,6.18,167.38,23.56,Rabi
5777,blackgram,40,60,20,4.98,840.46,33.58333333,Kharif
662,ragi,50,40,20,5.54,1026.64,29.18636364,Kharif
13340,sunflower,50,60,30,5.6,199.2125,21.3,Whole Year
5199,onion,120,60,65,5.82,2169.32,23.73636364,Rabi
8504,rice,80,40,40,5.34,167.38,23.56,Kharif
99030,moong,20,40,20,5.5,579.75,34.01,Kharif
57539,horsegram,20,60,20,6.02,94.02,22.38,Rabi
88837,sunflower,50,60,30,5.52,1111.68,28.64818182,Whole Year
68932,maize,80,40,20,5.64,884.5,27.65454545,Summer
38999,barley,70,40,45,5.38,75.32,22.676,Rabi
39421,maize,80,40,20,5.6,75.32,22.676,Kharif
85398,rice,80,40,40,5.48,1166.94,28.33333333,Kharif
44658,wheat,60,30,30,6.1,70.11,25.6,Rabi
10121,moong,20,40,20,5.64,34.81,34.66666667,Summer
54837,sweetpotato,90,20,120,5.14,689.88,29.03727273,Rabi
31694,turmeric,25,60,100,4.96,1037.32,28.08181818,Kharif
43875,rapeseed,50,40,20,4.9,73.47,23.562,Rabi
84733,garlic,50,10,60,5.54,75.32,22.676,Rabi
54217,horsegram,20,60,20,5.86,297.66,29.56666667,Kharif
78903,potato,180,60,90,5.02,2169.32,23.73636364,Rabi
82128,maize,80,40,20,5.66,607.48,26.36666667,Summer
82422,rice,80,40,40,5.4,110.023,20.36333333,Kharif
80485,jowar,80,40,40,5.38,1246.715,22.6,Rabi
70395,jute,80,40,40,5.62,1166.94,28.33333333,Kharif
31021,potato,180,60,90,5.18,1110.78,25.66666667,Rabi
41023,wheat,60,30,30,6.4,87.2,23.106,Rabi
59974,moong,20,40,20,5.64,607.48,26.36666667,Kharif
99333,sweetpotato,90,20,120,5.02,579.75,34.01,Rabi
17449,moong,20,40,20,5.4,34.81,34.66666667,Kharif
52819,maize,80,40,20,5.68,235.4251,26.64666667,Kharif
4366,moong,20,40,20,5.56,34.81,34.66666667,Summer
11128,horsegram,20,60,20,5.96,654.34,29.26666667,Rabi
53776,coriander,10,20,20,6.36,556.2,28.54545455,Rabi
98391,coriander,10,20,20,6.46,942.8,28.99454545,Rabi
81300,turmeric,25,60,100,5.1,2817.86,27.90909091,Kharif
33652,barley,70,40,45,5.48,240.1,10.38,Rabi
54767,wheat,60,30,30,6.4,145.76,21.66,Rabi
34774,jackfruit,75,40,50,5.14,2817.86,27.90909091,Whole Year
45014,orange,20,10,10,4.0,1350.025,26.01818182,Whole Year
7682,rapeseed,50,40,20,4.9,73.47,23.562,Rabi
6451,rice,80,40,40,5.66,664.94,22.03333333,Kharif
42831,garlic,50,10,60,5.54,1603.2375,22.89090909,Rabi
62749,barley,70,40,45,5.38,75.32,22.676,Rabi
87737,rice,80,40,40,5.52,1246.715,22.6,Kharif
95288,sweetpotato,90,20,120,4.82,1603.2375,22.89090909,Rabi
29775,jowar,80,40,40,5.46,510.05,33.37333333,Kharif
93737,maize,80,40,20,5.32,87.2,23.106,Summer
22824,jowar,80,40,40,5.46,510.05,33.37333333,Kharif
54014,onion,120,60,65,6.04,556.2,28.54545455,Kharif
12263,sunflower,50,60,30,5.38,840.46,33.58333333,Whole Year
34335,mango,20,20,30,5.12,1603.2375,22.89090909,Summer
37712,horsegram,20,60,20,6.04,297.66,29.56666667,Rabi
807,ragi,50,40,20,5.32,1026.64,29.18636364,Kharif
87681,rice,80,40,40,5.54,1246.715,22.6,Kharif
21688,turmeric,25,60,100,4.82,1050.245,18.77818182,Kharif
21495,maize,80,40,20,5.62,607.48,26.36666667,Summer
17992,sweetpotato,90,20,120,4.96,1037.32,28.08181818,Kharif
60605,jute,80,40,40,5.4,1145.22,28.5,Kharif
48199,moong,20,40,20,5.46,579.75,34.01,Summer
40369,rice,80,40,40,5.58,1712.66,11.2,Kharif
96387,potato,180,60,90,5.12,1111.68,28.64818182,Rabi
90959,moong,20,40,20,5.36,884.5,27.65454545,Summer
35882,garlic,50,10,60,5.38,1111.68,28.64818182,Rabi
54899,jowar,80,40,40,5.5,579.75,34.01,Kharif
9126,sweetpotato,90,20,120,5.02,556.2,28.54545455,Kharif
34252,jowar,80,40,40,5.38,1246.715,22.6,Rabi
14293,sunflower,50,60,30,5.46,70.11,25.6,Whole Year
19447,moong,20,40,20,5.68,790.98,30.61666667,Summer
88323,sweetpotato,90,20,120,4.82,2817.86,27.90909091,Rabi
24396,rapeseed,50,40,20,4.98,169.82,14.6,Rabi
87663,sunflower,50,60,30,5.38,199.2125,21.3,Whole Year
37324,jowar,80,40,40,5.66,510.05,33.37333333,Kharif
3853,moong,20,40,20,5.68,34.81,34.66666667,Kharif
13424,onion,120,60,65,6.16,1603.2375,22.89090909,Rabi
11275,potato,180,60,90,4.88,2569.52,4.9,Rabi
80894,potato,180,60,90,4.94,199.2125,21.3,Rabi
15940,rice,80,40,40,5.66,510.05,33.37333333,Kharif
89839,wheat,60,30,30,6.6,113.7,30.26666667,Rabi
75544,potato,180,60,90,4.9,167.38,23.56,Rabi
79924,onion,120,60,65,6.08,15.34,27.276,Rabi
3624,ragi,50,40,20,5.42,770.44,28.68,Kharif
22127,cotton,120,40,20,5.32,1145.22,28.5,Kharif
12364,maize,80,40,20,5.68,790.98,30.61666667,Summer
67634,rice,80,40,40,5.56,1145.22,28.5,Kharif
36702,rice,80,40,40,5.48,1145.22,28.5,Kharif
16253,onion,120,60,65,5.98,884.5,27.65454545,Rabi
61712,rice,80,40,40,5.34,297.66,29.56666667,Kharif
37975,cotton,120,40,20,5.36,297.66,29.56666667,Kharif
16509,cotton,120,40,20,5.56,770.44,28.68,Kharif
79170,potato,180,60,90,4.9,87.2,23.106,Rabi
58258,rapeseed,50,40,20,5.12,240.1,10.38,Rabi
32417,horsegram,20,60,20,5.84,840.46,33.58333333,Kharif
1203,maize,80,40,20,5.64,840.46,33.58333333,Kharif
56695,wheat,60,30,30,6.5,127.68,20.8,Rabi
88161,onion,120,60,65,6.1,199.2125,21.3,Kharif
25023,wheat,60,30,30,6.12,241.78,1.18,Rabi
64155,moong,20,40,20,5.64,98.98,34.92333333,Summer
50407,moong,20,40,20,5.48,790.98,30.61666667,Kharif
15547,rice,80,40,40,5.64,411.52,34.73,Kharif
59098,moong,20,40,20,5.36,199.2125,21.3,Kharif
95682,sunflower,50,60,30,5.54,157.31,25.83333333,Whole Year
83971,sunflower,50,60,30,5.6,942.8,28.99454545,Whole Year
17566,horsegram,20,60,20,5.86,152.54,22.28,Rabi
4864,jowar,80,40,40,5.4,654.34,29.26666667,Rabi
19161,cotton,120,40,20,5.48,1151.02,28.03333333,Kharif
85935,maize,80,40,20,5.44,1712.66,11.2,Summer
19936,garlic,50,10,60,5.42,1089.6,20.70909091,Rabi
8564,maize,80,40,20,5.48,167.38,23.56,Summer
15891,onion,120,60,65,6.04,556.2,28.54545455,Kharif
77036,barley,70,40,45,5.36,75.32,22.676,Rabi
84963,barley,70,40,45,5.54,75.32,22.676,Rabi
89196,wheat,60,30,30,6.6,70.11,25.6,Rabi
954,maize,80,40,20,5.66,840.46,33.58333333,Summer
64962,wheat,60,30,30,6.12,15.34,27.276,Rabi
40781,rapeseed,50,40,20,4.82,127.68,20.8,Rabi
7494,wheat,60,30,30,6.8,73.47,23.562,Rabi
50164,horsegram,20,60,20,5.9,1151.02,28.03333333,Rabi
32589,rapeseed,50,40,20,5.02,87.2,23.106,Rabi
49425,maize,80,40,20,5.4,87.2,23.106,Summer
42258,rice,80,40,40,5.68,664.94,22.03333333,Kharif
20330,rice,80,40,40,5.5,199.2125,21.3,Kharif
65644,maize,80,40,20,5.38,199.2125,21.3,Kharif
46005,cotton,120,40,20,5.52,510.05,33.37333333,Kharif
94656,barley,70,40,45,5.44,41.3,21.704,Rabi
72329,rice,80,40,40,5.64,3.94,33.76333333,Kharif
56454,onion,120,60,65,5.9,2169.32,23.73636364,Rabi
1437,barley,70,40,45,5.54,41.3,21.704,Rabi
90095,moong,20,40,20,5.44,3.274569,29.0,Kharif
57538,soyabean,20,60,20,5.52,1151.02,28.03333333,Kharif
98965,rice,80,40,40,5.54,579.75,34.01,Kharif
87097,wheat,60,30,30,6.4,94.02,22.38,Rabi
12659,onion,120,60,65,6.08,421.14,28.50727273,Rabi
90635,rice,80,40,40,5.48,297.66,29.56666667,Kharif
39120,wheat,60,30,30,6.12,75.32,22.676,Rabi
44147,onion,120,60,65,5.88,1111.68,28.64818182,Rabi
20690,turmeric,25,60,100,5.08,2817.86,27.90909091,Kharif
13023,banana,100,75,50,6.46,1603.2375,22.89090909,Whole Year
80301,potato,180,60,90,4.88,664.94,22.03333333,Rabi
50506,cotton,120,40,20,5.34,331.88,35.34666667,Kharif
74046,coriander,10,20,20,6.5,1111.68,28.64818182,Rabi
37461,potato,180,60,90,4.86,556.2,28.54545455,Rabi
67109,rapeseed,50,40,20,5.16,70.11,25.6,Rabi
4380,maize,80,40,20,5.42,579.75,34.01,Kharif
97108,wheat,60,30,30,6.1,70.598,18.92,Rabi
15399,horsegram,20,60,20,6.14,167.38,23.56,Rabi
56836,maize,80,40,20,5.42,840.46,33.58333333,Summer
8386,moong,20,40,20,5.66,167.38,23.56,Kharif
75517,maize,80,40,20,5.48,1145.22,28.5,Kharif
23706,maize,80,40,20,5.64,579.75,34.01,Summer
29465,maize,80,40,20,5.34,510.05,33.37333333,Summer
16474,moong,20,40,20,5.36,98.94,25.574,Summer
6113,rapeseed,50,40,20,4.88,5.274,27.016,Rabi
19135,banana,100,75,50,6.66,1299.26,26.51818182,Whole Year
6976,rice,80,40,40,5.42,1246.715,22.6,Kharif
74019,onion,120,60,65,6.1,1111.68,28.64818182,Rabi
8817,barley,70,40,45,5.64,66.52,20.312,Rabi
83090,wheat,60,30,30,6.5,66.52,20.312,Rabi
59455,rice,80,40,40,5.58,1011.49,30.43,Kharif
55023,rapeseed,50,40,20,5.06,75.32,22.676,Rabi
60609,moong,20,40,20,5.42,113.7,30.26666667,Summer
65505,sunflower,50,60,30,5.4,199.2125,21.3,Whole Year
81908,soyabean,20,60,20,5.44,1011.49,30.43,Kharif
53689,jowar,80,40,40,5.36,510.05,33.37333333,Kharif
58361,maize,80,40,20,5.54,976.06,25.66666667,Kharif
96515,soyabean,20,60,20,5.54,1011.49,30.43,Kharif
74741,maize,80,40,20,5.48,70.11,25.6,Summer
50008,horsegram,20,60,20,5.86,1151.02,28.03333333,Rabi
97266,moong,20,40,20,5.32,113.7,30.26666667,Kharif
32410,wheat,60,30,30,6.3,87.2,23.106,Rabi
58834,horsegram,20,60,20,6.06,199.2125,21.3,Rabi
57409,rice,80,40,40,5.32,87.2,23.106,Kharif
58442,wheat,60,30,30,6.5,122.42,18.58,Rabi
79999,garlic,50,10,60,5.68,810.26,29.95636364,Rabi
70458,moong,20,40,20,5.54,182.5,29.2,Summer
88605,soyabean,20,60,20,5.54,1111.68,28.64818182,Kharif
79956,maize,80,40,20,5.38,790.98,30.61666667,Kharif
97759,rice,80,40,40,5.54,510.05,33.37333333,Kharif
4802,rice,80,40,40,5.34,152.54,22.28,Kharif
15236,potato,180,60,90,5.14,1426.3,26.73636364,Rabi
76507,cotton,120,40,20,5.48,884.5,27.65454545,Kharif
1041,jute,80,40,40,5.62,840.46,33.58333333,Kharif
7759,sunflower,50,60,30,5.38,70.11,25.6,Whole Year
10351,soyabean,20,60,20,5.6,579.75,34.01,Kharif
98922,rice,80,40,40,5.68,34.81,34.66666667,Kharif
21372,maize,80,40,20,5.66,70.11,25.6,Summer
19712,maize,80,40,20,5.52,331.88,35.34666667,Kharif
36816,garlic,50,10,60,5.56,1426.3,26.73636364,Rabi
43448,blackpepper,100,60,50,4.84,2817.86,27.90909091,Whole Year
10164,maize,80,40,20,5.5,579.75,34.01,Kharif
718,barley,70,40,45,5.5,87.2,23.106,Rabi
14365,moong,20,40,20,5.54,607.48,26.36666667,Summer
68314,rapeseed,50,40,20,4.94,19.38,22.766,Rabi
10598,maize,80,40,20,5.38,579.75,34.01,Kharif
37061,wheat,60,30,30,6.9,66.52,20.312,Rabi
39049,soyabean,20,60,20,5.58,579.75,34.01,Kharif
8355,rice,80,40,40,5.6,167.38,23.56,Kharif
35962,moong,20,40,20,5.64,607.48,26.36666667,Kharif
51611,blackpepper,100,60,50,4.88,2817.86,27.90909091,Whole Year
57664,barley,70,40,45,5.42,94.02,22.38,Rabi
24589,rapeseed,50,40,20,4.98,152.54,22.28,Rabi
92328,ragi,50,40,20,5.32,1110.78,25.66666667,Kharif
10118,barley,70,40,45,5.68,75.32,22.676,Rabi
6039,cotton,120,40,20,5.6,840.46,33.58333333,Kharif
31282,rice,80,40,40,5.48,1166.94,28.33333333,Kharif
75898,jowar,80,40,40,5.5,510.05,33.37333333,Rabi
79525,potato,180,60,90,4.84,840.46,33.58333333,Rabi
51008,cotton,120,40,20,5.5,1246.715,22.6,Kharif
69229,rice,80,40,40,5.62,579.75,34.01,Kharif
32960,coriander,10,20,20,6.42,1026.64,29.18636364,Rabi
57049,rice,80,40,40,5.52,840.46,33.58333333,Kharif
8790,maize,80,40,20,5.52,411.52,34.73,Summer
70245,potato,180,60,90,5.0,1110.78,25.66666667,Rabi
78708,wheat,60,30,30,7.0,127.68,20.8,Rabi
57036,horsegram,20,60,20,6.06,840.46,33.58333333,Rabi
92726,moong,20,40,20,5.46,1166.94,28.33333333,Kharif
13498,turmeric,25,60,100,4.98,2817.86,27.90909091,Kharif
97410,maize,80,40,20,5.44,167.38,23.56,Kharif
62822,potato,180,60,90,4.86,75.32,22.676,Rabi
33023,horsegram,20,60,20,5.84,94.02,22.38,Rabi
59672,potato,180,60,90,5.04,1111.68,28.64818182,Rabi
70178,onion,120,60,65,6.12,1411.78,19.94545455,Rabi
84966,rapeseed,50,40,20,5.18,75.32,22.676,Rabi
43550,ladyfinger,80,10,40,6.54,1111.68,28.64818182,Summer
64464,rice,80,40,40,5.42,840.46,33.58333333,Kharif
68066,wheat,60,30,30,7.0,66.52,20.312,Rabi
24563,moong,20,40,20,5.32,1166.94,28.33333333,Summer
44417,sweetpotato,90,20,120,4.94,1111.68,28.64818182,Kharif
19331,garlic,50,10,60,5.58,1299.26,26.51818182,Rabi
42072,moong,20,40,20,5.58,331.88,35.34666667,Summer
48395,sunflower,50,60,30,5.5,1110.78,25.66666667,Whole Year
37885,brinjal,80,15,40,6.62,884.5,27.65454545,Whole Year
16681,jowar,80,40,40,5.4,579.75,34.01,Kharif
69575,jowar,80,40,40,5.38,579.75,34.01,Kharif
61186,wheat,60,30,30,6.1,19.38,22.766,Rabi
59627,horsegram,20,60,20,6.0,73.47,23.562,Rabi
56448,moong,20,40,20,5.32,127.68,20.8,Kharif
22023,horsegram,20,60,20,5.98,1145.22,28.5,Rabi
96582,potato,180,60,90,4.98,1111.68,28.64818182,Rabi
22685,potato,180,60,90,4.86,556.2,28.54545455,Rabi
6484,horsegram,20,60,20,5.92,664.94,22.03333333,Kharif
67747,rice,80,40,40,5.46,167.38,23.56,Kharif
57916,potato,180,60,90,4.94,810.26,29.95636364,Rabi
26890,wheat,60,30,30,6.12,293.36,14.7,Rabi
49227,jute,80,40,40,5.48,1543.76,27.33333333,Kharif
35475,cauliflower,80,70,50,6.66,1111.68,28.64818182,Rabi
11436,rice,80,40,40,5.32,497.88,25.03333333,Kharif
78271,sweetpotato,90,20,120,4.82,1037.32,28.08181818,Kharif
70011,rice,80,40,40,5.38,34.81,34.66666667,Kharif
42190,jowar,80,40,40,5.6,331.88,35.34666667,Kharif
4679,moong,20,40,20,5.48,1166.94,28.33333333,Summer
37416,garlic,50,10,60,5.56,556.2,28.54545455,Rabi
10338,barley,70,40,45,5.52,75.32,22.676,Rabi
90346,garlic,50,10,60,5.58,556.2,28.54545455,Rabi
7192,jowar,80,40,40,5.46,199.2125,21.3,Kharif
52767,jute,80,40,40,5.44,423.745,22.07,Kharif
53530,maize,80,40,20,5.6,167.38,23.56,Summer
79485,jute,80,40,40,5.4,840.46,33.58333333,Kharif
24626,jute,80,40,40,5.52,1166.94,28.33333333,Kharif
5496,blackgram,40,60,20,4.86,840.46,33.58333333,Kharif
17076,potato,180,60,90,5.12,689.88,29.03727273,Rabi
17213,potato,180,60,90,4.86,689.88,29.03727273,Rabi
39480,rice,80,40,40,5.36,579.75,34.01,Kharif
90985,banana,100,75,50,6.68,884.5,27.65454545,Whole Year
85298,sunflower,50,60,30,5.68,1110.78,25.66666667,Whole Year
53512,rice,80,40,40,5.54,167.38,23.56,Kharif
51078,coriander,10,20,20,6.64,1603.2375,22.89090909,Rabi
36771,rapeseed,50,40,20,5.16,167.38,23.56,Rabi
34137,garlic,50,10,60,5.54,1603.2375,22.89090909,Rabi
17102,onion,120,60,65,5.86,689.88,29.03727273,Rabi
77297,jowar,80,40,40,5.46,579.75,34.01,Kharif
31271,jowar,80,40,40,5.68,1166.94,28.33333333,Rabi
12116,sweetpotato,90,20,120,4.88,1026.64,29.18636364,Rabi
67849,ragi,50,40,20,5.44,167.38,23.56,Kharif
48370,maize,80,40,20,5.34,1110.78,25.66666667,Summer
66599,garlic,50,10,60,5.48,1111.68,28.64818182,Rabi
79505,rapeseed,50,40,20,5.06,87.2,23.106,Rabi
64122,maize,80,40,20,5.6,840.46,33.58333333,Summer
94354,coriander,10,20,20,6.58,1299.26,26.51818182,Rabi
59436,horsegram,20,60,20,6.04,1011.49,30.43,Rabi
62510,banana,100,75,50,6.44,689.88,29.03727273,Whole Year
33478,moong,20,40,20,5.66,331.88,35.34666667,Kharif
36231,mango,20,20,30,4.92,1350.025,26.01818182,Summer
79941,maize,80,40,20,5.32,790.98,30.61666667,Kharif
98316,moong,20,40,20,5.4,770.44,28.68,Summer
75264,maize,80,40,20,5.66,113.7,30.26666667,Kharif
19764,maize,80,40,20,5.64,331.88,35.34666667,Kharif
89434,potato,180,60,90,5.14,1050.245,18.77818182,Rabi
14561,rice,80,40,40,5.42,37.09,27.96666667,Kharif
66546,rapeseed,50,40,20,5.04,73.47,23.562,Rabi
81450,sweetpotato,90,20,120,4.82,1111.68,28.64818182,Kharif
10241,sunflower,50,60,30,5.42,75.32,22.676,Whole Year
76792,rapeseed,50,40,20,4.92,75.32,22.676,Rabi
70541,sunflower,50,60,30,5.58,1166.94,28.33333333,Whole Year
40810,potato,180,60,90,5.0,2169.32,23.73636364,Rabi
93409,rice,80,40,40,5.56,127.68,20.8,Kharif
92381,barley,70,40,45,5.48,169.82,14.6,Rabi
81792,sweetpotato,90,20,120,5.16,1111.68,28.64818182,Rabi
89910,ragi,50,40,20,5.36,113.7,30.26666667,Kharif
23087,rice,80,40,40,5.52,297.66,29.56666667,Kharif
12395,jowar,80,40,40,5.46,790.98,30.61666667,Kharif
3496,moong,20,40,20,5.68,884.5,27.65454545,Kharif
84275,sweetpotato,90,20,120,4.82,579.75,34.01,Kharif
54307,ragi,50,40,20,5.36,297.66,29.56666667,Kharif
72419,jowar,80,40,40,5.42,331.88,35.34666667,Rabi
65664,maize,80,40,20,5.58,1246.715,22.6,Kharif
22383,rice,80,40,40,5.34,167.38,23.56,Kharif
56603,rice,80,40,40,5.6,497.88,25.03333333,Kharif
95432,soyabean,20,60,20,5.5,1246.715,22.6,Kharif
61163,sweetpotato,90,20,120,4.84,556.2,28.54545455,Kharif
95056,rapeseed,50,40,20,5.18,199.2125,21.3,Rabi
53275,rice,80,40,40,5.58,113.7,30.26666667,Kharif
14167,wheat,60,30,30,6.7,73.47,23.562,Rabi
45035,sweetpotato,90,20,120,4.86,1350.025,26.01818182,Rabi
35641,onion,120,60,65,6.06,1111.68,28.64818182,Kharif
94052,moong,20,40,20,5.4,98.98,34.92333333,Kharif
82101,jowar,80,40,40,5.4,607.48,26.36666667,Kharif
12635,rice,80,40,40,5.48,331.88,35.34666667,Kharif
75,rice,80,40,40,5.48,288.3,25.46,Kharif
12529,rice,80,40,40,5.52,331.88,35.34666667,Kharif
86260,rice,80,40,40,5.44,127.68,20.8,Kharif
96016,wheat,60,30,30,6.6,73.47,23.562,Rabi
7225,moong,20,40,20,5.44,1246.715,22.6,Summer
83458,potato,180,60,90,5.16,556.2,28.54545455,Rabi
30820,maize,80,40,20,5.44,75.32,22.676,Summer
10693,moong,20,40,20,5.58,34.81,34.66666667,Summer
94217,coriander,10,20,20,6.66,1299.26,26.51818182,Rabi
94831,wheat,60,30,30,6.12,240.1,10.38,Rabi
88946,moong,20,40,20,5.62,1011.49,30.43,Summer
84657,coriander,10,20,20,6.42,75.32,22.676,Rabi
7795,jowar,80,40,40,5.66,70.11,25.6,Rabi
70888,maize,80,40,20,5.48,1543.76,27.33333333,Summer
11478,rapeseed,50,40,20,5.16,127.68,20.8,Rabi
70703,maize,80,40,20,5.5,654.34,29.26666667,Summer
45157,turmeric,25,60,100,5.0,1050.245,18.77818182,Kharif
56223,jowar,80,40,40,5.46,654.34,29.26666667,Kharif
68132,jowar,80,40,40,5.38,510.05,33.37333333,Rabi
58100,rice,80,40,40,5.42,331.88,35.34666667,Kharif
2240,jowar,80,40,40,5.56,70.11,25.6,Rabi
61057,cotton,120,40,20,5.54,510.05,33.37333333,Kharif
48757,banana,100,75,50,6.62,1037.32,28.08181818,Whole Year
14791,maize,80,40,20,5.58,207.55,26.43333333,Kharif
79641,wheat,60,30,30,6.8,94.02,22.38,Rabi
11867,sunflower,50,60,30,5.34,840.46,33.58333333,Whole Year
81158,cotton,120,40,20,5.54,1603.2375,22.89090909,Kharif
95187,onion,120,60,65,5.86,1246.715,22.6,Kharif
72261,cotton,120,40,20,5.44,790.98,30.61666667,Kharif
11987,garlic,50,10,60,5.6,1026.64,29.18636364,Rabi
81039,rice,80,40,40,5.38,1246.715,22.6,Kharif
80442,rapeseed,50,40,20,5.02,293.36,14.7,Rabi
20174,maize,80,40,20,5.34,1246.715,22.6,Summer
63606,moong,20,40,20,5.32,127.68,20.8,Kharif
91519,maize,80,40,20,5.64,75.32,22.676,Summer
22256,sunflower,50,60,30,5.62,167.38,23.56,Whole Year
26259,sunflower,50,60,30,5.32,1151.02,28.03333333,Whole Year
32985,banana,100,75,50,6.46,1299.26,26.51818182,Whole Year
8553,jute,80,40,40,5.54,1145.22,28.5,Kharif
12796,maize,80,40,20,5.42,516.68,27.86666667,Kharif
41367,ragi,50,40,20,5.5,840.46,33.58333333,Kharif
70685,ragi,50,40,20,5.52,654.34,29.26666667,Kharif
8140,banana,100,75,50,6.48,40.023,23.14,Whole Year
29050,garlic,50,10,60,5.44,1426.3,26.73636364,Rabi
50104,wheat,60,30,30,6.3,94.02,22.38,Rabi
16072,banana,100,75,50,6.46,884.5,27.65454545,Whole Year
29807,rapeseed,50,40,20,4.9,140.52,12.5,Rabi
12950,banana,100,75,50,6.32,1603.2375,22.89090909,Whole Year
33735,turmeric,25,60,100,4.86,1098.26,15.5,Kharif
4977,rice,80,40,40,5.4,288.3,25.46,Kharif
12667,wheat,60,30,30,6.9,41.3,21.704,Rabi
30491,moong,20,40,20,5.68,579.75,34.01,Kharif
85385,barley,70,40,45,5.44,152.54,22.28,Rabi
69869,maize,80,40,20,5.32,579.75,34.01,Kharif
34355,wheat,60,30,30,6.11,199.2125,21.3,Rabi
90534,maize,80,40,20,5.48,1875.6,20.1,Kharif
1292,onion,120,60,65,6.08,810.26,29.95636364,Kharif
86493,jute,80,40,40,5.34,840.46,33.58333333,Kharif
71230,jute,80,40,40,5.34,840.46,33.58333333,Kharif
8891,rapeseed,50,40,20,4.94,19.38,22.766,Rabi
65238,horsegram,20,60,20,6.18,664.94,22.03333333,Kharif
60908,wheat,60,30,30,6.1,66.52,20.312,Rabi
9150,rapeseed,50,40,20,5.14,19.38,22.766,Rabi
21550,jowar,80,40,40,5.52,607.48,26.36666667,Kharif
52965,maize,80,40,20,5.44,207.55,26.43333333,Summer
82518,rice,80,40,40,5.52,207.55,26.43333333,Kharif
18466,rice,80,40,40,5.36,840.46,33.58333333,Kharif
67881,moong,20,40,20,5.4,113.7,30.26666667,Kharif
44393,coriander,10,20,20,6.66,1111.68,28.64818182,Rabi
40543,jute,80,40,40,5.36,1543.76,27.33333333,Kharif
66872,potato,180,60,90,4.98,1111.68,28.64818182,Rabi
80381,potato,180,60,90,4.86,240.1,10.38,Rabi
2824,cotton,120,40,20,5.6,535.78,27.22727273,Kharif
87690,rice,80,40,40,5.42,199.2125,21.3,Kharif
53150,maize,80,40,20,5.38,113.7,30.26666667,Kharif
54446,ragi,50,40,20,5.32,297.66,29.56666667,Kharif
89392,jowar,80,40,40,5.42,607.48,26.36666667,Kharif
88536,rapeseed,50,40,20,4.86,1111.68,28.64818182,Rabi
97328,horsegram,20,60,20,6.18,167.38,23.56,Kharif
18600,banana,100,75,50,6.32,1026.64,29.18636364,Whole Year
15274,rice,80,40,40,5.66,113.7,30.26666667,Kharif
86683,ragi,50,40,20,5.5,840.46,33.58333333,Kharif
5115,wheat,60,30,30,6.1,241.78,1.18,Rabi
82704,moong,20,40,20,5.66,167.38,23.56,Summer
64171,moong,20,40,20,5.54,840.46,33.58333333,Kharif
82772,rapeseed,50,40,20,5.0,167.38,23.56,Rabi
52914,soyabean,20,60,20,5.48,207.55,26.43333333,Kharif
46351,mango,20,20,30,4.9,884.5,27.65454545,Summer
72066,garlic,50,10,60,5.34,1299.26,26.51818182,Rabi
74558,sweetpotato,90,20,120,5.18,1111.68,28.64818182,Rabi
37054,barley,70,40,45,5.34,66.52,20.312,Rabi
99312,sweetpotato,90,20,120,5.08,579.75,34.01,Rabi
50841,potato,180,60,90,5.02,122.42,18.58,Rabi
76551,maize,80,40,20,5.54,98.94,25.574,Kharif
19284,turmeric,25,60,100,4.9,1299.26,26.51818182,Kharif
65410,rice,80,40,40,5.4,976.06,25.66666667,Kharif
18881,garlic,50,10,60,5.56,1026.64,29.18636364,Rabi
53808,sweetpotato,90,20,120,4.94,556.2,28.54545455,Kharif
40143,horsegram,20,60,20,6.0,654.34,29.26666667,Kharif
35574,garlic,50,10,60,5.46,1111.68,28.64818182,Rabi
55132,jowar,80,40,40,5.58,579.75,34.01,Kharif
76040,maize,80,40,20,5.38,510.05,33.37333333,Summer
57231,rice,80,40,40,5.5,87.2,23.106,Kharif
31241,jute,80,40,40,5.68,1166.94,28.33333333,Kharif
31462,mango,20,20,30,5.06,1037.32,28.08181818,Summer
62229,potato,180,60,90,5.1,75.32,22.676,Rabi
86816,maize,80,40,20,5.6,87.2,23.106,Summer
88601,potato,180,60,90,5.16,1111.68,28.64818182,Rabi
60003,soyabean,20,60,20,5.66,607.48,26.36666667,Kharif
49099,rice,80,40,40,5.56,497.88,25.03333333,Kharif
44960,papaya,50,50,50,6.04,1350.025,26.01818182,Whole Year
22361,garlic,50,10,60,5.52,1426.3,26.73636364,Rabi
49320,rice,80,40,40,5.64,1543.76,27.33333333,Kharif
96138,jowar,80,40,40,5.58,73.47,23.562,Rabi
55354,potato,180,60,90,4.98,75.32,22.676,Rabi
93388,potato,180,60,90,4.94,2169.32,23.73636364,Rabi
24015,rice,80,40,40,5.44,34.81,34.66666667,Kharif
66240,rice,80,40,40,5.66,490.74,27.6,Kharif
11429,rice,80,40,40,5.38,1543.76,27.33333333,Kharif
78598,maize,80,40,20,5.56,1543.76,27.33333333,Kharif
68709,banana,100,75,50,6.34,884.5,27.65454545,Whole Year
77115,sunflower,50,60,30,5.4,34.81,34.66666667,Whole Year
29170,sweetpotato,90,20,120,4.92,1426.3,26.73636364,Rabi
12064,ragi,50,40,20,5.62,840.46,33.58333333,Kharif
48608,wheat,60,30,30,6.7,152.54,22.28,Rabi
179,sunflower,50,60,30,5.68,1712.66,11.2,Whole Year
94559,cotton,120,40,20,5.36,790.98,30.61666667,Kharif
91758,sunflower,50,60,30,5.46,34.81,34.66666667,Whole Year
40915,wheat,60,30,30,6.12,87.2,23.106,Rabi
96372,onion,120,60,65,6.1,1111.68,28.64818182,Rabi
47461,onion,120,60,65,5.92,34.81,34.66666667,Rabi
45351,ragi,50,40,20,5.68,1145.22,28.5,Kharif
16156,ragi,50,40,20,5.38,297.66,29.56666667,Kharif
65338,rice,80,40,40,5.62,976.06,25.66666667,Kharif
78665,cotton,120,40,20,5.32,1543.76,27.33333333,Kharif
83299,cotton,120,40,20,5.58,510.05,33.37333333,Kharif
72712,maize,80,40,20,5.48,516.68,27.86666667,Kharif
84704,onion,120,60,65,5.9,75.32,22.676,Rabi
63901,moong,20,40,20,5.68,127.68,20.8,Kharif
37114,sweetpotato,90,20,120,5.06,556.2,28.54545455,Rabi
30843,moong,20,40,20,5.32,75.32,22.676,Summer
12913,ragi,50,40,20,5.5,1246.715,22.6,Kharif
79475,maize,80,40,20,5.58,98.98,34.92333333,Kharif
77827,maize,80,40,20,5.6,1110.78,25.66666667,Summer
58371,maize,80,40,20,5.62,976.06,25.66666667,Kharif
55266,sunflower,50,60,30,5.4,34.81,34.66666667,Whole Year
74336,soyabean,20,60,20,5.54,1011.49,30.43,Kharif
13676,soyabean,20,60,20,5.56,1011.49,30.43,Kharif
2295,cotton,120,40,20,5.4,714.68,26.45454545,Kharif
8898,moong,20,40,20,5.48,510.05,33.37333333,Kharif
29869,rice,80,40,40,5.52,297.66,29.56666667,Kharif
67175,jowar,80,40,40,5.58,607.48,26.36666667,Kharif
18365,rice,80,40,40,5.4,127.68,20.8,Kharif
72754,potato,180,60,90,4.88,516.68,27.86666667,Rabi
81587,garlic,50,10,60,5.58,1111.68,28.64818182,Rabi
70195,potato,180,60,90,4.88,1110.78,25.66666667,Rabi
93522,potato,180,60,90,5.18,2169.32,23.73636364,Rabi
15310,horsegram,20,60,20,5.94,167.38,23.56,Rabi
18369,rapeseed,50,40,20,5.14,127.68,20.8,Rabi
42570,horsegram,20,60,20,5.92,199.2125,21.3,Kharif
81475,potato,180,60,90,5.0,1111.68,28.64818182,Rabi
53979,jowar,80,40,40,5.44,510.05,33.37333333,Kharif
84830,wheat,60,30,30,6.7,75.32,22.676,Rabi
68036,wheat,60,30,30,6.9,66.52,20.312,Rabi
42266,maize,80,40,20,5.62,664.94,22.03333333,Summer
79619,maize,80,40,20,5.4,1151.02,28.03333333,Summer
80798,onion,120,60,65,5.9,1246.715,22.6,Kharif
25305,jute,80,40,40,5.42,1543.76,27.33333333,Kharif
74016,wheat,60,30,30,6.4,73.47,23.562,Rabi
68690,blackpepper,100,60,50,4.92,884.5,27.65454545,Whole Year
44671,wheat,60,30,30,6.9,70.11,25.6,Rabi
41118,rice,80,40,40,5.42,840.46,33.58333333,Kharif
44717,wheat,60,30,30,6.7,70.11,25.6,Rabi
87906,sunflower,50,60,30,5.34,157.31,25.83333333,Whole Year
93034,onion,120,60,65,5.98,288.3,25.46,Rabi
41491,rapeseed,50,40,20,4.98,87.2,23.106,Rabi
85145,rapeseed,50,40,20,5.18,75.32,22.676,Rabi
64596,horsegram,20,60,20,6.02,1151.02,28.03333333,Kharif
1385,rapeseed,50,40,20,5.12,15.34,27.276,Rabi
4164,sunflower,50,60,30,5.36,75.32,22.676,Whole Year
71761,jowar,80,40,40,5.48,840.46,33.58333333,Rabi
92153,potato,180,60,90,4.9,75.32,22.676,Rabi
38618,potato,180,60,90,4.96,1778.88,24.60909091,Rabi
73025,rapeseed,50,40,20,5.12,122.42,18.58,Rabi
21587,sunflower,50,60,30,5.56,37.09,27.96666667,Whole Year
38935,onion,120,60,65,5.92,75.32,22.676,Rabi
89757,ragi,50,40,20,5.68,1145.22,28.5,Kharif
43929,onion,120,60,65,6.04,1111.68,28.64818182,Kharif
8508,moong,20,40,20,5.46,113.7,30.26666667,Summer
6916,cotton,120,40,20,5.64,1246.715,22.6,Kharif
56802,rapeseed,50,40,20,4.86,127.68,20.8,Rabi
49419,horsegram,20,60,20,6.1,840.46,33.58333333,Kharif
43661,mango,20,20,30,4.9,1111.68,28.64818182,Summer
34468,grapes,20,125,200,4.04,1603.2375,22.89090909,Whole Year
21303,moong,20,40,20,5.46,607.48,26.36666667,Kharif
43103,onion,120,60,65,6.0,1603.2375,22.89090909,Kharif
11893,garlic,50,10,60,5.42,1026.64,29.18636364,Rabi
31098,potato,180,60,90,5.18,1110.78,25.66666667,Rabi
33774,rice,80,40,40,5.4,516.68,27.86666667,Kharif
22570,turmeric,25,60,100,4.94,556.2,28.54545455,Kharif
42272,rice,80,40,40,5.52,664.94,22.03333333,Kharif
4267,potato,180,60,90,4.88,689.88,29.03727273,Rabi
50843,wheat,60,30,30,6.8,122.42,18.58,Rabi
3351,moong,20,40,20,5.66,884.5,27.65454545,Summer
60075,soyabean,20,60,20,5.32,607.48,26.36666667,Kharif
38246,mango,20,20,30,4.84,884.5,27.65454545,Summer
25725,horsegram,20,60,20,6.08,840.46,33.58333333,Rabi
88695,rice,80,40,40,5.34,1111.68,28.64818182,Kharif
36177,sunflower,50,60,30,5.6,70.11,25.6,Whole Year
63716,maize,80,40,20,5.36,1543.76,27.33333333,Summer
40362,turmeric,25,60,100,5.08,2569.52,4.9,Kharif
14717,maize,80,40,20,5.56,423.745,22.07,Kharif
33950,maize,80,40,20,5.58,1246.715,22.6,Summer
95991,potato,180,60,90,4.9,1111.68,28.64818182,Rabi
84384,potato,180,60,90,5.0,75.32,22.676,Rabi
67248,ragi,50,40,20,5.54,607.48,26.36666667,Kharif
6619,sunflower,50,60,30,5.5,1246.715,22.6,Whole Year
45089,maize,80,40,20,5.58,423.745,22.07,Summer
49945,moong,20,40,20,5.54,840.46,33.58333333,Summer
92660,potato,180,60,90,5.06,152.54,22.28,Rabi
87873,sunflower,50,60,30,5.54,199.2125,21.3,Whole Year
49478,rice,80,40,40,5.68,98.98,34.92333333,Kharif
13267,ragi,50,40,20,5.56,199.2125,21.3,Kharif
31248,rice,80,40,40,5.68,182.5,29.2,Kharif
70044,garlic,50,10,60,5.62,75.32,22.676,Rabi
8141,potato,180,60,90,4.88,40.023,23.14,Rabi
96303,horsegram,20,60,20,6.16,1011.49,30.43,Kharif
84548,coriander,10,20,20,6.42,75.32,22.676,Rabi
79420,maize,80,40,20,5.64,87.2,23.106,Kharif
80862,soyabean,20,60,20,5.56,1246.715,22.6,Kharif
49965,moong,20,40,20,5.64,840.46,33.58333333,Summer
46302,onion,120,60,65,6.08,556.2,28.54545455,Rabi
6919,maize,80,40,20,5.34,1246.715,22.6,Kharif
16392,ragi,50,40,20,5.32,297.66,29.56666667,Kharif
38350,wheat,60,30,30,6.5,98.94,25.574,Rabi
20692,rice,80,40,40,5.48,1997.12,27.0,Kharif
55287,potato,180,60,90,4.88,75.32,22.676,Rabi
63947,jute,80,40,40,5.44,1543.76,27.33333333,Kharif
63880,rice,80,40,40,5.5,127.68,20.8,Kharif
52020,jowar,80,40,40,5.36,1011.49,30.43,Kharif
98903,maize,80,40,20,5.36,75.32,22.676,Summer
93312,wheat,60,30,30,6.7,127.68,20.8,Rabi
64279,maize,80,40,20,5.5,840.46,33.58333333,Summer
44792,banana,100,75,50,6.64,714.68,26.45454545,Whole Year
57973,cotton,120,40,20,5.48,790.98,30.61666667,Kharif
77178,rice,80,40,40,5.36,579.75,34.01,Kharif
78407,maize,80,40,20,5.66,654.34,29.26666667,Kharif
11078,horsegram,20,60,20,6.16,654.34,29.26666667,Rabi
22100,coriander,10,20,20,6.36,1426.3,26.73636364,Rabi
72449,jowar,80,40,40,5.36,331.88,35.34666667,Rabi
24764,turmeric,25,60,100,4.86,1037.32,28.08181818,Kharif
36140,moong,20,40,20,5.56,607.48,26.36666667,Kharif
24327,rapeseed,50,40,20,4.96,169.82,14.6,Rabi
85705,sweetpotato,90,20,120,4.92,1037.32,28.08181818,Kharif
50712,moong,20,40,20,5.46,516.68,27.86666667,Summer
65166,coriander,10,20,20,6.54,240.1,10.38,Rabi
67579,potato,180,60,90,4.88,207.55,26.43333333,Rabi
46161,moong,20,40,20,5.64,510.05,33.37333333,Kharif
8375,maize,80,40,20,5.6,1145.22,28.5,Summer
31597,tomato,100,40,90,6.1,1037.32,28.08181818,Whole Year
87900,sunflower,50,60,30,5.62,199.2125,21.3,Whole Year
57270,rice,80,40,40,5.66,840.46,33.58333333,Kharif
51418,jowar,80,40,40,5.56,157.31,25.83333333,Rabi
92880,banana,100,75,50,6.52,1037.32,28.08181818,Whole Year
67108,maize,80,40,20,5.52,70.11,25.6,Kharif
46279,barley,70,40,45,5.62,19.38,22.766,Rabi
39196,moong,20,40,20,5.66,579.75,34.01,Summer
41066,ragi,50,40,20,5.4,840.46,33.58333333,Kharif
61098,onion,120,60,65,5.92,556.2,28.54545455,Kharif
86303,wheat,60,30,30,6.8,127.68,20.8,Rabi
32542,maize,80,40,20,5.6,840.46,33.58333333,Kharif
3354,rice,80,40,40,5.4,884.5,27.65454545,Kharif
87036,jowar,80,40,40,5.44,1151.02,28.03333333,Kharif
55938,turmeric,25,60,100,4.92,1501.98,25.81818182,Kharif
79954,garlic,50,10,60,5.36,810.26,29.95636364,Rabi
33021,soyabean,20,60,20,5.48,1151.02,28.03333333,Kharif
21693,rapeseed,50,40,20,5.12,56.236,15.852,Rabi
57382,onion,120,60,65,5.96,1026.64,29.18636364,Rabi
10953,wheat,60,30,30,6.11,152.54,22.28,Rabi
62528,jowar,80,40,40,5.32,579.75,34.01,Rabi
39065,barley,70,40,45,5.5,75.32,22.676,Rabi
52868,rapeseed,50,40,20,4.92,85.24316,21.482,Rabi
99298,maize,80,40,20,5.58,579.75,34.01,Kharif
87081,ragi,50,40,20,5.52,1151.02,28.03333333,Kharif
93257,moong,20,40,20,5.54,127.68,20.8,Kharif
45686,sweetpotato,90,20,120,5.06,1426.3,26.73636364,Kharif
53332,sunflower,50,60,30,5.64,167.38,23.56,Whole Year
35437,garlic,50,10,60,5.34,1111.68,28.64818182,Rabi
37143,onion,120,60,65,6.12,556.2,28.54545455,Rabi
56904,moong,20,40,20,5.52,840.46,33.58333333,Summer
61500,onion,120,60,65,6.1,884.5,27.65454545,Kharif
44074,ladyfinger,80,10,40,6.34,1111.68,28.64818182,Kharif
94130,wheat,60,30,30,6.6,94.02,22.38,Rabi
8183,soyabean,20,60,20,5.5,423.745,22.07,Kharif
38443,cucumber,60,60,85,6.66,942.8,28.99454545,Kharif
51546,banana,100,75,50,6.38,2817.86,27.90909091,Whole Year
51231,horsegram,20,60,20,5.86,1246.715,22.6,Kharif
32990,potato,180,60,90,4.9,1299.26,26.51818182,Rabi
9140,sweetpotato,90,20,120,5.02,556.2,28.54545455,Kharif
92040,moong,20,40,20,5.52,34.81,34.66666667,Summer
13801,onion,120,60,65,6.1,1111.68,28.64818182,Kharif
46670,jackfruit,75,40,50,4.88,884.5,27.65454545,Whole Year
17594,jowar,80,40,40,5.4,1166.94,28.33333333,Kharif
14636,rice,80,40,40,5.34,702.459,27.23333333,Kharif
29891,moong,20,40,20,5.36,297.66,29.56666667,Kharif
35403,maize,80,40,20,5.36,1011.49,30.43,Summer
88937,potato,180,60,90,4.98,1111.68,28.64818182,Rabi
3556,sweetpotato,90,20,120,4.92,884.5,27.65454545,Kharif
22373,rapeseed,50,40,20,5.04,167.38,23.56,Rabi
5467,wheat,60,30,30,6.4,87.2,23.106,Rabi
17742,moong,20,40,20,5.6,654.34,29.26666667,Summer
34818,turmeric,25,60,100,5.16,2817.86,27.90909091,Kharif
38564,cucumber,60,60,85,6.5,942.8,28.99454545,Summer
54887,soyabean,20,60,20,5.32,579.75,34.01,Kharif
460,sweetpotato,90,20,120,4.84,2169.32,23.73636364,Kharif
67177,moong,20,40,20,5.54,607.48,26.36666667,Summer
35731,maize,80,40,20,5.68,1011.49,30.43,Summer
20138,coriander,10,20,20,6.46,1603.2375,22.89090909,Rabi
79827,potato,180,60,90,5.04,94.02,22.38,Rabi
11983,maize,80,40,20,5.58,98.98,34.92333333,Summer
56420,banana,100,75,50,6.48,2169.32,23.73636364,Whole Year
62350,barley,70,40,45,5.36,75.32,22.676,Rabi
76415,sunflower,50,60,30,5.6,884.5,27.65454545,Whole Year
70450,rice,80,40,40,5.5,1166.94,28.33333333,Kharif
94342,maize,80,40,20,5.32,1151.02,28.03333333,Summer
41710,onion,120,60,65,6.16,1299.26,26.51818182,Kharif
25867,jowar,80,40,40,5.4,840.46,33.58333333,Rabi
55454,rice,80,40,40,5.46,579.75,34.01,Kharif
27421,jowar,80,40,40,5.46,199.2125,21.3,Rabi
76447,potato,180,60,90,5.1,884.5,27.65454545,Rabi
28607,jowar,80,40,40,5.64,70.11,25.6,Kharif
53443,wheat,60,30,30,6.6,113.7,30.26666667,Rabi
38901,maize,80,40,20,5.36,579.75,34.01,Kharif
38988,rapeseed,50,40,20,5.14,75.32,22.676,Rabi
77631,moong,20,40,20,5.46,34.81,34.66666667,Kharif
38001,pumpkin,80,50,30,5.64,884.5,27.65454545,Summer
61738,jowar,80,40,40,5.44,297.66,29.56666667,Rabi
73216,maize,80,40,20,5.52,1246.715,22.6,Summer
60288,sweetpotato,90,20,120,4.98,1050.245,18.77818182,Kharif
25231,rice,80,40,40,5.34,497.88,25.03333333,Kharif
13575,blackpepper,100,60,50,5.02,2817.86,27.90909091,Whole Year
58319,maize,80,40,20,5.32,516.68,27.86666667,Summer
28238,potato,180,60,90,5.06,1111.68,28.64818182,Rabi
50051,sunflower,50,60,30,5.48,1151.02,28.03333333,Whole Year
55650,rice,80,40,40,5.34,1110.78,25.66666667,Kharif
70841,wheat,60,30,30,6.4,127.68,20.8,Rabi
8713,maize,80,40,20,5.52,113.7,30.26666667,Summer
14793,rice,80,40,40,5.32,207.55,26.43333333,Kharif
66605,maize,80,40,20,5.36,1011.49,30.43,Kharif
67795,ragi,50,40,20,5.4,167.38,23.56,Kharif
94545,cotton,120,40,20,5.38,790.98,30.61666667,Kharif
42233,rice,80,40,40,5.64,664.94,22.03333333,Kharif
26237,maize,80,40,20,5.58,1151.02,28.03333333,Summer
66903,garlic,50,10,60,5.36,1111.68,28.64818182,Rabi
71199,rapeseed,50,40,20,4.92,127.68,20.8,Rabi
91698,jowar,80,40,40,5.64,579.75,34.01,Kharif
29380,cotton,120,40,20,5.36,411.52,34.73,Kharif
22609,garlic,50,10,60,5.64,556.2,28.54545455,Rabi
45195,maize,80,40,20,5.46,235.4251,26.64666667,Kharif
18979,moong,20,40,20,5.66,87.2,23.106,Summer
96322,rice,80,40,40,5.52,1011.49,30.43,Kharif
63995,maize,80,40,20,5.56,1543.76,27.33333333,Summer
32663,wheat,60,30,30,6.12,87.2,23.106,Rabi
90645,onion,120,60,65,6.0,884.5,27.65454545,Kharif
79448,jute,80,40,40,5.4,840.46,33.58333333,Kharif
58563,sunflower,50,60,30,5.42,157.31,25.83333333,Whole Year
21941,wheat,60,30,30,6.11,167.38,23.56,Rabi
84893,rapeseed,50,40,20,5.1,75.32,22.676,Rabi
22809,sweetpotato,90,20,120,5.1,556.2,28.54545455,Kharif
14957,rapeseed,50,40,20,4.86,167.38,23.56,Rabi
53593,wheat,60,30,30,6.12,113.7,30.26666667,Rabi
89236,jowar,80,40,40,5.32,607.48,26.36666667,Kharif
15841,rice,80,40,40,5.66,510.05,33.37333333,Kharif
40366,maize,80,40,20,5.48,1712.66,11.2,Kharif
35009,rapeseed,50,40,20,5.08,73.47,23.562,Rabi
33964,rice,80,40,40,5.68,157.31,25.83333333,Kharif
86786,rice,80,40,40,5.38,98.98,34.92333333,Kharif
92391,potato,180,60,90,4.86,1110.78,25.66666667,Rabi
22959,horsegram,20,60,20,6.1,297.66,29.56666667,Rabi
5256,wheat,60,30,30,6.6,127.68,20.8,Rabi
11701,rapeseed,50,40,20,5.1,87.2,23.106,Rabi
28925,onion,120,60,65,5.88,1426.3,26.73636364,Kharif
83548,ragi,50,40,20,5.58,884.5,27.65454545,Kharif
3507,onion,120,60,65,6.0,297.66,29.56666667,Kharif
3855,jowar,80,40,40,5.56,579.75,34.01,Rabi
22532,moong,20,40,20,5.56,510.05,33.37333333,Kharif
17967,potato,180,60,90,5.18,1037.32,28.08181818,Rabi
60037,soyabean,20,60,20,5.66,607.48,26.36666667,Kharif
83884,maize,80,40,20,5.58,884.5,27.65454545,Kharif
43716,soyabean,20,60,20,5.42,1011.49,30.43,Kharif
926,rice,80,40,40,5.58,98.98,34.92333333,Kharif
72457,barley,70,40,45,5.38,41.3,21.704,Rabi
43139,ragi,50,40,20,5.44,1246.715,22.6,Kharif
13238,wheat,60,30,30,6.5,199.2125,21.3,Rabi
86018,banana,100,75,50,6.4,127.68,20.8,Whole Year
66438,soyabean,20,60,20,5.44,1011.49,30.43,Kharif
50888,maize,80,40,20,5.48,1246.715,22.6,Kharif
17707,rice,80,40,40,5.5,152.54,22.28,Kharif
28382,maize,80,40,20,5.66,70.11,25.6,Kharif
52862,rapeseed,50,40,20,4.82,235.4251,26.64666667,Rabi
32386,rice,80,40,40,5.42,87.2,23.106,Kharif
81314,rice,80,40,40,5.4,330.0,29.33333333,Kharif
69775,maize,80,40,20,5.6,75.32,22.676,Summer
49368,onion,120,60,65,5.84,1026.64,29.18636364,Kharif
50832,onion,120,60,65,5.96,122.42,18.58,Kharif
61937,jowar,80,40,40,5.6,770.44,28.68,Kharif
58540,maize,80,40,20,5.34,1246.715,22.6,Kharif
80838,moong,20,40,20,5.38,199.2125,21.3,Summer
98448,ragi,50,40,20,5.5,98.94,25.574,Kharif
66618,turmeric,25,60,100,4.84,1111.68,28.64818182,Kharif
22764,barley,70,40,45,5.44,19.38,22.766,Rabi
61316,maize,80,40,20,5.54,510.05,33.37333333,Summer
15477,rapeseed,50,40,20,4.88,10.265748,25.76,Rabi
18072,wheat,60,30,30,6.11,241.78,1.18,Rabi
7780,rice,80,40,40,5.56,607.48,26.36666667,Kharif
47073,rice,80,40,40,5.62,770.44,28.68,Kharif
57972,potato,180,60,90,4.86,810.26,29.95636364,Rabi
97877,wheat,60,30,30,6.9,19.38,22.766,Rabi
97568,rice,80,40,40,5.62,1145.22,28.5,Kharif
66336,garlic,50,10,60,5.58,1111.68,28.64818182,Rabi
27012,rice,80,40,40,5.42,157.31,25.83333333,Kharif
27267,ragi,50,40,20,5.38,157.31,25.83333333,Kharif
29413,cotton,120,40,20,5.52,510.05,33.37333333,Kharif
989,maize,80,40,20,5.32,87.2,23.106,Kharif
23505,wheat,60,30,30,6.1,145.76,21.66,Rabi
20020,onion,120,60,65,6.08,1603.2375,22.89090909,Kharif
23973,jowar,80,40,40,5.34,579.75,34.01,Kharif
1818,ragi,50,40,20,5.54,199.2125,21.3,Kharif
56370,wheat,60,30,30,7.0,241.78,1.18,Rabi
70943,rice,80,40,40,5.68,497.88,25.03333333,Kharif
92638,rice,80,40,40,5.68,152.54,22.28,Kharif
76711,potato,180,60,90,4.86,75.32,22.676,Rabi
67057,rice,80,40,40,5.44,607.48,26.36666667,Kharif
99049,barley,70,40,45,5.5,75.32,22.676,Rabi
7475,cotton,120,40,20,5.32,1011.49,30.43,Kharif
20051,moong,20,40,20,5.44,1246.715,22.6,Kharif
9141,turmeric,25,60,100,4.84,556.2,28.54545455,Kharif
65239,maize,80,40,20,5.44,664.94,22.03333333,Kharif
91984,rapeseed,50,40,20,4.86,75.32,22.676,Rabi
88070,rice,80,40,40,5.4,157.31,25.83333333,Kharif
37028,moong,20,40,20,5.46,411.52,34.73,Summer
30768,jowar,80,40,40,5.38,579.75,34.01,Rabi
3147,banana,100,75,50,6.42,884.5,27.65454545,Whole Year
64776,ragi,50,40,20,5.4,168.257,28.22333333,Kharif
78150,ragi,50,40,20,5.34,1166.94,28.33333333,Kharif
69638,maize,80,40,20,5.42,34.81,34.66666667,Kharif
15911,jowar,80,40,40,5.48,510.05,33.37333333,Rabi
58412,wheat,60,30,30,6.5,122.42,18.58,Rabi
98227,ragi,50,40,20,5.52,297.66,29.56666667,Kharif
3292,banana,100,75,50,6.36,297.66,29.56666667,Whole Year
80260,turmeric,25,60,100,5.18,421.14,28.50727273,Kharif
55933,wheat,60,30,30,6.4,152.54,22.28,Rabi
72129,banana,100,75,50,6.36,1299.26,26.51818182,Whole Year
12618,barley,70,40,45,5.34,41.3,21.704,Rabi
52505,wheat,60,30,30,6.5,70.11,25.6,Rabi
39795,rice,80,40,40,5.4,152.54,22.28,Kharif
33612,moong,20,40,20,5.38,331.88,35.34666667,Kharif
22124,turmeric,25,60,100,5.14,1426.3,26.73636364,Kharif
4411,wheat,60,30,30,6.4,75.32,22.676,Rabi
71285,maize,80,40,20,5.46,840.46,33.58333333,Kharif
55929,ragi,50,40,20,5.58,1166.94,28.33333333,Kharif
16068,ragi,50,40,20,5.38,297.66,29.56666667,Kharif
20214,moong,20,40,20,5.46,1246.715,22.6,Kharif
54528,rice,80,40,40,5.4,297.66,29.56666667,Kharif
66588,cotton,120,40,20,5.5,1011.49,30.43,Kharif
82471,cotton,120,40,20,5.52,235.4251,26.64666667,Kharif
1018,rice,80,40,40,5.58,87.2,23.106,Kharif
63950,moong,20,40,20,5.36,127.68,20.8,Kharif
35288,mango,20,20,30,4.92,1111.68,28.64818182,Summer
73241,coriander,10,20,20,6.46,1603.2375,22.89090909,Rabi
222,wheat,60,30,30,6.5,241.78,1.18,Rabi
81430,garlic,50,10,60,5.66,1111.68,28.64818182,Rabi
7029,maize,80,40,20,5.36,1246.715,22.6,Summer
71662,maize,80,40,20,5.48,98.98,34.92333333,Kharif
24244,maize,80,40,20,5.64,579.75,34.01,Kharif
56302,onion,120,60,65,6.1,288.3,25.46,Kharif
77696,ragi,50,40,20,5.46,1110.78,25.66666667,Kharif
73243,garlic,50,10,60,5.68,1603.2375,22.89090909,Rabi
6429,rice,80,40,40,5.56,331.88,35.34666667,Kharif
73272,potato,180,60,90,5.18,1246.715,22.6,Rabi
35181,brinjal,80,15,40,6.5,1111.68,28.64818182,Whole Year
35323,barley,70,40,45,5.64,73.47,23.562,Rabi
32488,ragi,50,40,20,5.38,840.46,33.58333333,Kharif
29618,jowar,80,40,40,5.56,510.05,33.37333333,Kharif
37231,potato,180,60,90,5.14,556.2,28.54545455,Rabi
58637,onion,120,60,65,6.12,157.31,25.83333333,Rabi
34868,bittergourd,60,10,20,6.42,2817.86,27.90909091,Kharif
55254,garlic,50,10,60,5.4,689.88,29.03727273,Rabi
56821,rapeseed,50,40,20,5.04,87.2,23.106,Rabi
67431,banana,100,75,50,6.68,423.745,22.07,Whole Year
97584,rice,80,40,40,5.58,162.72,29.4,Kharif
22473,rice,80,40,40,5.42,411.52,34.73,Kharif
89686,rice,80,40,40,5.48,167.38,23.56,Kharif
34266,sunflower,50,60,30,5.46,199.2125,21.3,Whole Year
42508,rice,80,40,40,5.5,1246.715,22.6,Kharif
48257,sunflower,50,60,30,5.32,579.75,34.01,Whole Year
13933,potato,180,60,90,5.12,1111.68,28.64818182,Rabi
39631,maize,80,40,20,5.66,1110.78,25.66666667,Summer
79230,rice,80,40,40,5.38,840.46,33.58333333,Kharif
4065,onion,120,60,65,5.94,579.75,34.01,Kharif
74082,soyabean,20,60,20,5.38,1011.49,30.43,Kharif
70554,jowar,80,40,40,5.48,1166.94,28.33333333,Kharif
29506,cotton,120,40,20,5.52,510.05,33.37333333,Kharif
16936,rapeseed,50,40,20,4.94,75.32,22.676,Rabi
13126,moong,20,40,20,5.5,1246.715,22.6,Summer
63329,moong,20,40,20,5.32,654.34,29.26666667,Summer
86022,rice,80,40,40,5.42,497.88,25.03333333,Kharif
18906,turmeric,25,60,100,5.16,1026.64,29.18636364,Kharif
44136,rice,80,40,40,5.66,1011.49,30.43,Kharif
58778,jowar,80,40,40,5.44,199.2125,21.3,Kharif
1235,potato,180,60,90,4.82,1026.64,29.18636364,Rabi
21894,rice,80,40,40,5.38,113.7,30.26666667,Kharif
29154,sweetpotato,90,20,120,5.16,1426.3,26.73636364,Kharif
73610,horsegram,20,60,20,5.98,199.2125,21.3,Kharif
93215,turmeric,25,60,100,5.12,2169.32,23.73636364,Kharif
39228,onion,120,60,65,5.82,34.81,34.66666667,Rabi
47745,onion,120,60,65,6.02,75.32,22.676,Rabi
88262,blackpepper,100,60,50,5.1,2817.86,27.90909091,Whole Year
2582,wheat,60,30,30,6.9,167.38,23.56,Rabi
12393,potato,180,60,90,5.08,810.26,29.95636364,Rabi
88193,turmeric,25,60,100,5.06,1603.2375,22.89090909,Kharif
601,maize,80,40,20,5.4,87.2,23.106,Summer
6762,turmeric,25,60,100,5.16,1603.2375,22.89090909,Kharif
4691,turmeric,25,60,100,5.0,1501.98,25.81818182,Kharif
86396,turmeric,25,60,100,4.86,2169.32,23.73636364,Kharif
67499,cardamom,75,75,150,4.86,207.55,26.43333333,Kharif
41540,rapeseed,50,40,20,4.82,94.02,22.38,Rabi
54701,coriander,10,20,20,6.32,942.8,28.99454545,Rabi
2231,jowar,80,40,40,5.4,70.11,25.6,Rabi
11200,rice,80,40,40,5.6,654.34,29.26666667,Kharif
7499,rapeseed,50,40,20,4.86,73.47,23.562,Rabi
35425,jowar,80,40,40,5.32,1011.49,30.43,Rabi
27404,wheat,60,30,30,7.0,199.2125,21.3,Rabi
91364,garlic,50,10,60,5.44,75.32,22.676,Rabi
74285,rapeseed,50,40,20,5.16,73.47,23.562,Rabi
19741,cotton,120,40,20,5.6,331.88,35.34666667,Kharif
40374,potato,180,60,90,4.98,2569.52,4.9,Rabi
46298,rapeseed,50,40,20,4.84,19.38,22.766,Rabi
76056,rice,80,40,40,5.46,510.05,33.37333333,Kharif
73336,sweetpotato,90,20,120,4.9,1603.2375,22.89090909,Kharif
4242,jowar,80,40,40,5.64,579.75,34.01,Kharif
74317,sunflower,50,60,30,5.6,1111.68,28.64818182,Whole Year
83333,rice,80,40,40,5.62,510.05,33.37333333,Kharif
62092,barley,70,40,45,5.34,75.32,22.676,Rabi
18858,maize,80,40,20,5.38,98.98,34.92333333,Kharif
96306,moong,20,40,20,5.6,1011.49,30.43,Summer
79835,turmeric,25,60,100,5.16,1299.26,26.51818182,Kharif
58702,onion,120,60,65,5.86,1246.715,22.6,Kharif
77146,rice,80,40,40,5.52,579.75,34.01,Kharif
71438,maize,80,40,20,5.56,87.2,23.106,Kharif
80343,rice,80,40,40,5.68,664.94,22.03333333,Kharif
20680,rice,80,40,40,5.34,1997.12,27.0,Kharif
18494,coriander,10,20,20,6.68,1026.64,29.18636364,Rabi
78810,wheat,60,30,30,6.8,127.68,20.8,Rabi
41790,jowar,80,40,40,5.6,1151.02,28.03333333,Rabi
45616,turmeric,25,60,100,5.1,1426.3,26.73636364,Kharif
73127,jowar,80,40,40,5.36,199.2125,21.3,Kharif
53429,moong,20,40,20,5.66,167.38,23.56,Summer
20940,jowar,80,40,40,5.4,73.47,23.562,Rabi
49715,moong,20,40,20,5.34,840.46,33.58333333,Summer
87067,moong,20,40,20,5.32,1151.02,28.03333333,Kharif
70790,wheat,60,30,30,6.6,127.68,20.8,Rabi
46168,garlic,50,10,60,5.58,556.2,28.54545455,Rabi
80831,rice,80,40,40,5.54,1246.715,22.6,Kharif
23654,moong,20,40,20,5.68,75.32,22.676,Summer
45043,brinjal,80,15,40,6.52,1350.025,26.01818182,Whole Year
28033,sweetpotato,90,20,120,4.94,1111.68,28.64818182,Rabi
19686,rice,80,40,40,5.36,331.88,35.34666667,Kharif
41734,moong,20,40,20,5.6,1151.02,28.03333333,Kharif
54549,banana,100,75,50,6.66,884.5,27.65454545,Whole Year
2515,jowar,80,40,40,5.44,207.55,26.43333333,Rabi
46693,jackfruit,75,40,50,5.1,884.5,27.65454545,Whole Year
9697,ragi,50,40,20,5.34,297.66,29.56666667,Kharif
86099,rice,80,40,40,5.6,127.68,20.8,Kharif
19037,ragi,50,40,20,5.54,840.46,33.58333333,Kharif
48305,barley,70,40,45,5.54,169.82,14.6,Rabi
70088,onion,120,60,65,6.18,34.81,34.66666667,Rabi
73518,maize,80,40,20,5.68,199.2125,21.3,Kharif
54623,onion,120,60,65,6.02,770.44,28.68,Rabi
64828,wheat,60,30,30,6.6,15.34,27.276,Rabi
52354,potato,180,60,90,5.02,1111.68,28.64818182,Rabi
47856,wheat,60,30,30,6.5,75.32,22.676,Rabi
39086,rice,80,40,40,5.66,579.75,34.01,Kharif
6288,moong,20,40,20,5.58,790.98,30.61666667,Kharif
75995,wheat,60,30,30,6.7,19.38,22.766,Rabi
90096,ragi,50,40,20,5.46,3.274569,29.0,Kharif
42200,potato,180,60,90,4.86,421.14,28.50727273,Rabi
78977,rice,80,40,40,5.68,127.68,20.8,Kharif
46259,jowar,80,40,40,5.46,510.05,33.37333333,Kharif
25827,rice,80,40,40,5.52,840.46,33.58333333,Kharif
5763,barley,70,40,45,5.36,87.2,23.106,Rabi
21361,wheat,60,30,30,6.8,70.11,25.6,Rabi
70706,rice,80,40,40,5.46,654.34,29.26666667,Kharif
36364,rapeseed,50,40,20,5.08,56.236,15.852,Rabi
13344,rice,80,40,40,5.66,157.31,25.83333333,Kharif
77021,barley,70,40,45,5.58,75.32,22.676,Rabi
21297,wheat,60,30,30,7.0,73.47,23.562,Rabi
82628,maize,80,40,20,5.42,113.7,30.26666667,Summer
85863,onion,120,60,65,5.96,654.34,29.26666667,Rabi
93162,turmeric,25,60,100,4.82,2169.32,23.73636364,Kharif
39548,garlic,50,10,60,5.4,1411.78,19.94545455,Rabi
14858,rice,80,40,40,5.6,113.7,30.26666667,Kharif
58800,onion,120,60,65,5.98,1246.715,22.6,Rabi
6359,barley,70,40,45,5.42,41.3,21.704,Rabi
85486,potato,180,60,90,5.06,1501.98,25.81818182,Rabi
31318,rice,80,40,40,5.6,182.5,29.2,Kharif
27300,turmeric,25,60,100,5.0,1603.2375,22.89090909,Kharif
50890,ragi,50,40,20,5.42,1246.715,22.6,Kharif
5645,barley,70,40,45,5.36,87.2,23.106,Rabi
97705,wheat,60,30,30,6.9,19.38,22.766,Rabi
71452,ragi,50,40,20,5.44,840.46,33.58333333,Kharif
38668,barley,70,40,45,5.68,75.32,22.676,Rabi
97412,potato,180,60,90,5.16,167.38,23.56,Rabi
55519,banana,100,75,50,6.6,689.88,29.03727273,Whole Year
54768,cotton,120,40,20,5.5,1220.22,27.26666667,Kharif
98369,coriander,10,20,20,6.6,942.8,28.99454545,Rabi
46535,cotton,120,40,20,5.42,297.66,29.56666667,Kharif
87087,sweetpotato,90,20,120,5.04,1299.26,26.51818182,Kharif
15694,maize,80,40,20,5.54,510.05,33.37333333,Kharif
43914,maize,80,40,20,5.34,1011.49,30.43,Summer
91802,moong,20,40,20,5.66,579.75,34.01,Kharif
87032,coriander,10,20,20,6.34,1299.26,26.51818182,Rabi
13158,wheat,60,30,30,6.11,199.2125,21.3,Rabi
56212,onion,120,60,65,6.1,288.3,25.46,Kharif
66631,banana,100,75,50,6.36,1111.68,28.64818182,Whole Year
32612,banana,100,75,50,6.32,1026.64,29.18636364,Whole Year
31646,ragi,50,40,20,5.68,288.3,25.46,Kharif
86931,horsegram,20,60,20,6.18,1151.02,28.03333333,Kharif
82306,rice,80,40,40,5.68,607.48,26.36666667,Kharif
8344,rice,80,40,40,5.58,1145.22,28.5,Kharif
55009,maize,80,40,20,5.5,579.75,34.01,Summer
39890,rice,80,40,40,5.64,182.5,29.2,Kharif
13938,ragi,50,40,20,5.44,1011.49,30.43,Kharif
90857,rice,80,40,40,5.44,297.66,29.56666667,Kharif
22017,potato,180,60,90,4.98,1426.3,26.73636364,Rabi
23503,maize,80,40,20,5.58,1220.22,27.26666667,Kharif
89548,maize,80,40,20,5.36,70.598,18.92,Kharif
8119,potato,180,60,90,5.14,40.023,23.14,Rabi
3211,cotton,120,40,20,5.52,884.5,27.65454545,Kharif
32248,onion,120,60,65,6.04,2169.32,23.73636364,Kharif
41293,moong,20,40,20,5.68,98.98,34.92333333,Kharif
75562,rice,80,40,40,5.68,167.38,23.56,Kharif
71710,rice,80,40,40,5.52,840.46,33.58333333,Kharif
55065,sweetpotato,90,20,120,4.84,689.88,29.03727273,Rabi
50461,rapeseed,50,40,20,4.98,15.34,27.276,Rabi
84828,potato,180,60,90,4.88,75.32,22.676,Rabi
93200,rice,80,40,40,5.42,1543.76,27.33333333,Kharif
80734,rapeseed,50,40,20,5.08,199.2125,21.3,Rabi
21362,rice,80,40,40,5.52,37.09,27.96666667,Kharif
57280,wheat,60,30,30,6.9,87.2,23.106,Rabi
86051,maize,80,40,20,5.4,1543.76,27.33333333,Kharif
17635,barley,70,40,45,5.46,152.54,22.28,Rabi
48168,sunflower,50,60,30,5.34,579.75,34.01,Whole Year
34717,mango,20,20,30,4.86,2817.86,27.90909091,Summer
70504,potato,180,60,90,5.18,1501.98,25.81818182,Rabi
13143,garlic,50,10,60,5.68,1603.2375,22.89090909,Rabi
60015,moong,20,40,20,5.68,607.48,26.36666667,Summer
84172,rice,80,40,40,5.38,579.75,34.01,Kharif
17099,rapeseed,50,40,20,4.98,75.32,22.676,Rabi
56612,rice,80,40,40,5.54,1543.76,27.33333333,Kharif
12320,rice,80,40,40,5.54,80.926,28.7,Kharif
31690,orange,20,10,10,4.02,1037.32,28.08181818,Whole Year
72040,jowar,80,40,40,5.62,1151.02,28.03333333,Kharif
54719,rice,80,40,40,5.58,98.94,25.574,Kharif
71704,garlic,50,10,60,5.58,1026.64,29.18636364,Rabi
10854,wheat,60,30,30,6.5,152.54,22.28,Rabi
29694,turmeric,25,60,100,4.92,556.2,28.54545455,Kharif
45432,ragi,50,40,20,5.54,1145.22,28.5,Kharif
63584,turmeric,25,60,100,4.88,2569.52,4.9,Kharif
21373,sunflower,50,60,30,5.38,70.11,25.6,Whole Year
19055,rice,80,40,40,5.32,840.46,33.58333333,Kharif
98884,moong,20,40,20,5.66,34.81,34.66666667,Kharif
95143,sunflower,50,60,30,5.4,1246.715,22.6,Whole Year
10307,rice,80,40,40,5.34,579.75,34.01,Kharif
43140,rice,80,40,40,5.58,1246.715,22.6,Kharif
56073,maize,80,40,20,5.48,288.3,25.46,Summer
74436,maize,80,40,20,5.66,1011.49,30.43,Kharif
66639,jowar,80,40,40,5.32,1011.49,30.43,Kharif
75586,sweetpotato,90,20,120,5.12,10.265748,25.76,Kharif
53587,jowar,80,40,40,5.58,1145.22,28.5,Kharif
25831,maize,80,40,20,5.54,87.2,23.106,Kharif
56685,sweetpotato,90,20,120,5.12,2169.32,23.73636364,Kharif
27858,cotton,120,40,20,5.42,1011.49,30.43,Kharif
91662,wheat,60,30,30,6.9,75.32,22.676,Rabi
96496,maize,80,40,20,5.46,1011.49,30.43,Summer
43036,sunflower,50,60,30,5.5,199.2125,21.3,Whole Year
55815,turmeric,25,60,100,5.0,1501.98,25.81818182,Kharif
91291,wheat,60,30,30,6.4,75.32,22.676,Rabi
99742,rapeseed,50,40,20,4.96,152.54,22.28,Rabi
1141,rice,80,40,40,5.36,98.98,34.92333333,Kharif
29875,rice,80,40,40,5.4,297.66,29.56666667,Kharif
89230,rice,80,40,40,5.36,607.48,26.36666667,Kharif
45142,jute,80,40,40,5.48,423.745,22.07,Kharif
10595,onion,120,60,65,5.96,689.88,29.03727273,Kharif
71238,wheat,60,30,30,6.3,87.2,23.106,Rabi
83350,coriander,10,20,20,6.36,556.2,28.54545455,Rabi
87741,jowar,80,40,40,5.54,199.2125,21.3,Rabi
39411,wheat,60,30,30,7.0,75.32,22.676,Rabi
20261,potato,180,60,90,5.02,1603.2375,22.89090909,Rabi
81328,rice,80,40,40,5.38,330.0,29.33333333,Kharif
80355,maize,80,40,20,5.32,664.94,22.03333333,Kharif
23213,jowar,80,40,40,5.34,297.66,29.56666667,Rabi
68736,rice,80,40,40,5.36,297.66,29.56666667,Kharif
94138,moong,20,40,20,5.62,1151.02,28.03333333,Kharif
4896,moong,20,40,20,5.42,288.3,25.46,Kharif
17853,coriander,10,20,20,6.36,1037.32,28.08181818,Rabi
81821,jowar,80,40,40,5.36,1011.49,30.43,Kharif
89035,moong,20,40,20,5.52,1011.49,30.43,Kharif
44468,cabbage,100,65,70,6.62,1111.68,28.64818182,Rabi
8082,banana,100,75,50,6.4,702.459,27.23333333,Whole Year
83229,wheat,60,30,30,6.5,19.38,22.766,Rabi
49267,wheat,60,30,30,6.8,127.68,20.8,Rabi
7955,jowar,80,40,40,5.6,607.48,26.36666667,Rabi
10570,onion,120,60,65,5.88,689.88,29.03727273,Rabi
76225,coriander,10,20,20,6.58,884.5,27.65454545,Rabi
56456,sweetpotato,90,20,120,4.9,2169.32,23.73636364,Rabi
64189,maize,80,40,20,5.44,98.98,34.92333333,Kharif
2232,maize,80,40,20,5.4,70.11,25.6,Summer
84782,potato,180,60,90,5.16,75.32,22.676,Rabi
15420,garlic,50,10,60,5.36,167.38,23.56,Rabi
16817,potato,180,60,90,4.82,689.88,29.03727273,Rabi
89773,rice,80,40,40,5.34,1145.22,28.5,Kharif
54904,potato,180,60,90,5.14,75.32,22.676,Rabi
84763,sweetpotato,90,20,120,5.06,579.75,34.01,Rabi
52301,rice,80,40,40,5.5,1011.49,30.43,Kharif
67769,potato,180,60,90,5.04,167.38,23.56,Rabi
2867,cotton,120,40,20,5.66,535.78,27.22727273,Kharif
26979,jowar,80,40,40,5.36,199.2125,21.3,Rabi
4168,jowar,80,40,40,5.4,579.75,34.01,Rabi
66206,rice,80,40,40,5.62,1997.12,27.0,Kharif
93457,turmeric,25,60,100,4.84,2169.32,23.73636364,Kharif
13945,coriander,10,20,20,6.52,1111.68,28.64818182,Rabi
76345,cotton,120,40,20,5.4,884.5,27.65454545,Kharif
20797,wheat,60,30,30,6.3,73.47,23.562,Rabi
22550,coriander,10,20,20,6.4,556.2,28.54545455,Rabi
27687,rice,80,40,40,5.36,1011.49,30.43,Kharif
67017,rapeseed,50,40,20,5.04,70.11,25.6,Rabi
74152,rice,80,40,40,5.6,1011.49,30.43,Kharif
22999,sunflower,50,60,30,5.46,297.66,29.56666667,Whole Year
42198,wheat,60,30,30,6.9,41.3,21.704,Rabi
80177,onion,120,60,65,5.98,421.14,28.50727273,Kharif
56694,rapeseed,50,40,20,5.04,127.68,20.8,Rabi
65182,onion,120,60,65,6.08,240.1,10.38,Kharif
22663,jowar,80,40,40,5.58,510.05,33.37333333,Kharif
20112,onion,120,60,65,6.14,1603.2375,22.89090909,Kharif
58937,banana,100,75,50,6.38,1603.2375,22.89090909,Whole Year
80893,onion,120,60,65,6.16,199.2125,21.3,Rabi
85986,banana,100,75,50,6.4,2169.32,23.73636364,Whole Year
50593,onion,120,60,65,6.18,421.14,28.50727273,Kharif
10881,maize,80,40,20,5.32,1166.94,28.33333333,Kharif
51881,rice,80,40,40,5.54,1011.49,30.43,Kharif
56935,potato,180,60,90,5.04,1026.64,29.18636364,Rabi
71544,onion,120,60,65,5.86,1026.64,29.18636364,Kharif
56667,banana,100,75,50,6.48,2169.32,23.73636364,Whole Year
50167,moong,20,40,20,5.68,1151.02,28.03333333,Summer
21962,garlic,50,10,60,5.46,1426.3,26.73636364,Rabi
19253,maize,80,40,20,5.68,1151.02,28.03333333,Kharif
80445,potato,180,60,90,4.98,293.36,14.7,Rabi
82392,banana,100,75,50,6.5,1050.245,18.77818182,Whole Year
10452,onion,120,60,65,6.0,689.88,29.03727273,Kharif
39680,rice,80,40,40,5.52,182.5,29.2,Kharif
39287,rapeseed,50,40,20,4.96,75.32,22.676,Rabi
63066,rapeseed,50,40,20,5.14,152.54,22.28,Rabi
23805,maize,80,40,20,5.32,579.75,34.01,Summer
8414,wheat,60,30,30,6.8,113.7,30.26666667,Rabi
23080,turmeric,25,60,100,5.14,884.5,27.65454545,Kharif
7616,wheat,60,30,30,6.12,73.47,23.562,Rabi
97188,moong,20,40,20,5.36,113.7,30.26666667,Summer
34259,sunflower,50,60,30,5.46,1246.715,22.6,Whole Year
38023,jackfruit,75,40,50,4.84,884.5,27.65454545,Whole Year
47794,potato,180,60,90,4.9,689.88,29.03727273,Rabi
44521,mango,20,20,30,5.14,714.68,26.45454545,Summer
12267,wheat,60,30,30,6.11,87.2,23.106,Rabi
37349,jowar,80,40,40,5.34,510.05,33.37333333,Kharif
66021,moong,20,40,20,5.64,1246.715,22.6,Summer
64030,rapeseed,50,40,20,5.04,87.2,23.106,Rabi
52306,wheat,60,30,30,6.5,73.47,23.562,Rabi
16286,moong,20,40,20,5.42,297.66,29.56666667,Kharif
92318,rice,80,40,40,5.44,1110.78,25.66666667,Kharif
72646,turmeric,25,60,100,5.16,664.94,22.03333333,Kharif
2121,soyabean,20,60,20,5.36,1011.49,30.43,Kharif
84621,rice,80,40,40,5.68,34.81,34.66666667,Kharif
40866,wheat,60,30,30,6.6,87.2,23.106,Rabi
12241,moong,20,40,20,5.6,840.46,33.58333333,Summer
31570,moong,20,40,20,5.62,654.34,29.26666667,Summer
94258,moong,20,40,20,5.44,94.02,22.38,Kharif
86774,rice,80,40,40,5.32,87.2,23.106,Kharif
58350,potato,180,60,90,4.96,122.42,18.58,Rabi
30187,rice,80,40,40,5.58,1220.22,27.26666667,Kharif
29760,sweetpotato,90,20,120,5.12,556.2,28.54545455,Rabi
62833,barley,70,40,45,5.56,169.82,14.6,Rabi
2615,ragi,50,40,20,5.32,113.7,30.26666667,Kharif
45882,sweetpotato,90,20,120,4.98,556.2,28.54545455,Rabi
16537,cotton,120,40,20,5.4,770.44,28.68,Kharif
24056,maize,80,40,20,5.42,75.32,22.676,Kharif
94153,sweetpotato,90,20,120,4.88,1299.26,26.51818182,Rabi
55359,onion,120,60,65,6.08,689.88,29.03727273,Rabi
33809,wheat,60,30,30,6.3,293.36,14.7,Rabi
26087,sunflower,50,60,30,5.52,1151.02,28.03333333,Whole Year
32638,sweetpotato,90,20,120,5.06,1026.64,29.18636364,Kharif
43785,onion,120,60,65,5.84,1111.68,28.64818182,Rabi
13090,cardamom,75,75,150,5.02,1603.2375,22.89090909,Kharif
98633,maize,80,40,20,5.62,34.81,34.66666667,Summer
69456,onion,120,60,65,5.94,34.81,34.66666667,Rabi
22094,moong,20,40,20,5.34,1145.22,28.5,Kharif
63840,wheat,60,30,30,6.5,127.68,20.8,Rabi
70430,rapeseed,50,40,20,5.06,152.54,22.28,Rabi
51558,blackpepper,100,60,50,4.82,2817.86,27.90909091,Whole Year
35718,ladyfinger,80,10,40,6.34,1111.68,28.64818182,Summer
73925,sweetpotato,90,20,120,5.1,1111.68,28.64818182,Kharif
4569,jowar,80,40,40,5.38,579.75,34.01,Rabi
47005,onion,120,60,65,6.0,884.5,27.65454545,Kharif
74463,horsegram,20,60,20,5.88,1011.49,30.43,Rabi
1090,banana,100,75,50,6.56,1026.64,29.18636364,Whole Year
36254,radish,25,100,50,5.92,1350.025,26.01818182,Kharif
12811,rice,80,40,40,5.48,516.68,27.86666667,Kharif
39526,horsegram,20,60,20,6.14,1110.78,25.66666667,Kharif
75458,ragi,50,40,20,5.58,167.38,23.56,Kharif
35266,potato,180,60,90,4.86,1111.68,28.64818182,Rabi
21898,potato,180,60,90,4.94,1426.3,26.73636364,Rabi
3269,jowar,80,40,40,5.32,884.5,27.65454545,Kharif
23175,onion,120,60,65,5.92,884.5,27.65454545,Rabi
94201,garlic,50,10,60,5.66,1299.26,26.51818182,Rabi
15838,jowar,80,40,40,5.42,510.05,33.37333333,Kharif
21165,cotton,120,40,20,5.48,1011.49,30.43,Kharif
65502,maize,80,40,20,5.5,199.2125,21.3,Kharif
41015,maize,80,40,20,5.32,840.46,33.58333333,Summer
11723,jowar,80,40,40,5.42,840.46,33.58333333,Kharif
97366,maize,80,40,20,5.62,1145.22,28.5,Kharif
44270,cabbage,100,65,70,6.32,1111.68,28.64818182,Rabi
9203,moong,20,40,20,5.4,510.05,33.37333333,Kharif
3942,barley,70,40,45,5.32,75.32,22.676,Rabi
78702,jute,80,40,40,5.38,1543.76,27.33333333,Kharif
10009,potato,180,60,90,5.02,689.88,29.03727273,Rabi
60720,maize,80,40,20,5.32,113.7,30.26666667,Summer
78045,rice,80,40,40,5.62,1166.94,28.33333333,Kharif
84660,potato,180,60,90,4.86,75.32,22.676,Rabi
2183,wheat,60,30,30,6.5,70.11,25.6,Rabi
52286,maize,80,40,20,5.56,1011.49,30.43,Summer
66270,coriander,10,20,20,6.32,1111.68,28.64818182,Rabi
65187,ragi,50,40,20,5.58,664.94,22.03333333,Kharif
51915,onion,120,60,65,5.9,1111.68,28.64818182,Rabi
93322,rice,80,40,40,5.66,1543.76,27.33333333,Kharif
38156,sunflower,50,60,30,5.46,297.66,29.56666667,Whole Year
97332,ragi,50,40,20,5.58,167.38,23.56,Kharif
31862,rice,80,40,40,5.32,1712.66,11.2,Kharif
20082,wheat,60,30,30,6.4,199.2125,21.3,Rabi
79906,cotton,120,40,20,5.66,790.98,30.61666667,Kharif
83208,maize,80,40,20,5.68,510.05,33.37333333,Summer
71930,banana,100,75,50,6.5,1299.26,26.51818182,Whole Year
86884,onion,120,60,65,5.96,35.214,22.70909091,Rabi
80368,rapeseed,50,40,20,5.14,240.1,10.38,Rabi
25863,turmeric,25,60,100,4.88,1026.64,29.18636364,Kharif
24021,rice,80,40,40,5.36,579.75,34.01,Kharif
52144,potato,180,60,90,4.92,1111.68,28.64818182,Rabi
38029,cotton,120,40,20,5.32,297.66,29.56666667,Kharif
45576,rice,80,40,40,5.52,1145.22,28.5,Kharif
82317,sunflower,50,60,30,5.34,607.48,26.36666667,Whole Year
79988,jowar,80,40,40,5.68,15.34,27.276,Kharif
50190,potato,180,60,90,5.16,1299.26,26.51818182,Rabi
5266,rice,80,40,40,5.5,1543.76,27.33333333,Kharif
54683,moong,20,40,20,5.58,770.44,28.68,Summer
45685,potato,180,60,90,5.02,1426.3,26.73636364,Rabi
30205,sunflower,50,60,30,5.5,579.75,34.01,Whole Year
96257,moong,20,40,20,5.54,1011.49,30.43,Summer
81990,rapeseed,50,40,20,5.02,73.47,23.562,Rabi
84780,coriander,10,20,20,6.46,75.32,22.676,Rabi
35491,ladyfinger,80,10,40,6.56,1111.68,28.64818182,Kharif
35973,rice,80,40,40,5.32,607.48,26.36666667,Kharif
51951,maize,80,40,20,5.62,1011.49,30.43,Kharif
65444,maize,80,40,20,5.36,976.06,25.66666667,Summer
72175,sweetpotato,90,20,120,4.9,1299.26,26.51818182,Kharif
73421,sweetpotato,90,20,120,4.9,1603.2375,22.89090909,Rabi
23890,potato,180,60,90,5.14,689.88,29.03727273,Rabi
128,ragi,50,40,20,5.58,288.3,25.46,Kharif
74962,rice,80,40,40,5.4,702.459,27.23333333,Kharif
42014,rice,80,40,40,5.5,3.94,33.76333333,Kharif
59497,barley,70,40,45,5.54,73.47,23.562,Rabi
80697,horsegram,20,60,20,5.82,1246.715,22.6,Kharif
9920,maize,80,40,20,5.56,579.75,34.01,Summer
90386,garlic,50,10,60,5.6,556.2,28.54545455,Rabi
56059,sunflower,50,60,30,5.38,1037.32,28.08181818,Whole Year
60629,maize,80,40,20,5.34,1145.22,28.5,Kharif
95137,moong,20,40,20,5.36,1246.715,22.6,Kharif
10903,potato,180,60,90,4.92,1501.98,25.81818182,Rabi
38317,ladyfinger,80,10,40,6.6,884.5,27.65454545,Summer
14649,maize,80,40,20,5.36,702.459,27.23333333,Kharif
57057,maize,80,40,20,5.6,87.2,23.106,Kharif
18662,ragi,50,40,20,5.62,840.46,33.58333333,Kharif
70578,rice,80,40,40,5.32,182.5,29.2,Kharif
38307,cotton,120,40,20,5.56,297.66,29.56666667,Kharif
96051,moong,20,40,20,5.5,1011.49,30.43,Summer
81880,barley,70,40,45,5.32,73.47,23.562,Rabi
5013,moong,20,40,20,5.58,288.3,25.46,Kharif
75191,moong,20,40,20,5.58,1145.22,28.5,Kharif
28286,sweetpotato,90,20,120,5.18,1111.68,28.64818182,Kharif
61983,cotton,120,40,20,5.56,1220.22,27.26666667,Kharif
19823,barley,70,40,45,5.5,240.1,10.38,Rabi
56923,moong,20,40,20,5.34,840.46,33.58333333,Summer
84116,onion,120,60,65,6.0,770.44,28.68,Kharif
37571,rice,80,40,40,5.48,297.66,29.56666667,Kharif
79013,maize,80,40,20,5.42,840.46,33.58333333,Summer
42820,rapeseed,50,40,20,5.0,199.2125,21.3,Rabi
1744,maize,80,40,20,5.58,1246.715,22.6,Kharif
76638,rice,80,40,40,5.36,1220.22,27.26666667,Kharif
9087,jowar,80,40,40,5.52,510.05,33.37333333,Kharif
93629,maize,80,40,20,5.5,98.98,34.92333333,Kharif
79499,rice,80,40,40,5.48,87.2,23.106,Kharif
31196,jowar,80,40,40,5.34,1166.94,28.33333333,Kharif
35077,papaya,50,50,50,5.92,1111.68,28.64818182,Whole Year
56617,rapeseed,50,40,20,5.16,127.68,20.8,Rabi
71686,potato,180,60,90,4.9,1026.64,29.18636364,Rabi
83735,sunflower,50,60,30,5.54,884.5,27.65454545,Whole Year
60189,rice,80,40,40,5.66,702.459,27.23333333,Kharif
40052,jowar,80,40,40,5.44,654.34,29.26666667,Rabi
73322,banana,100,75,50,6.34,1603.2375,22.89090909,Whole Year
36218,radish,25,100,50,5.84,1350.025,26.01818182,Rabi
17217,barley,70,40,45,5.52,75.32,22.676,Rabi
14112,maize,80,40,20,5.44,1011.49,30.43,Kharif
8923,onion,120,60,65,6.06,556.2,28.54545455,Rabi
78602,rapeseed,50,40,20,4.84,127.68,20.8,Rabi
30088,ragi,50,40,20,5.32,770.44,28.68,Kharif
18933,moong,20,40,20,5.44,840.46,33.58333333,Summer
46712,drumstick,40,20,10,6.62,884.5,27.65454545,Whole Year
72416,rapeseed,50,40,20,4.92,41.3,21.704,Rabi
19140,sweetpotato,90,20,120,5.16,1299.26,26.51818182,Kharif
96444,onion,120,60,65,6.16,1111.68,28.64818182,Rabi
21744,maize,80,40,20,5.58,85.24316,21.482,Kharif
18516,onion,120,60,65,5.94,1026.64,29.18636364,Rabi
77151,onion,120,60,65,6.12,75.32,22.676,Rabi
29892,ragi,50,40,20,5.68,297.66,29.56666667,Kharif
90694,maize,80,40,20,5.4,884.5,27.65454545,Summer
62010,barley,70,40,45,5.44,75.32,22.676,Rabi
50274,ragi,50,40,20,5.42,1151.02,28.03333333,Kharif
77791,rice,80,40,40,5.46,1110.78,25.66666667,Kharif
88073,blackpepper,100,60,50,4.96,1603.2375,22.89090909,Whole Year
42035,ragi,50,40,20,5.36,790.98,30.61666667,Kharif
66353,jowar,80,40,40,5.36,1011.49,30.43,Kharif
66279,rice,80,40,40,5.56,1011.49,30.43,Kharif
60837,moong,20,40,20,5.68,113.7,30.26666667,Kharif
73720,coriander,10,20,20,6.68,1603.2375,22.89090909,Rabi
88696,soyabean,20,60,20,5.68,1111.68,28.64818182,Kharif
25157,banana,100,75,50,6.46,2169.32,23.73636364,Whole Year
35492,brinjal,80,15,40,6.46,1111.68,28.64818182,Whole Year
30114,maize,80,40,20,5.66,98.94,25.574,Kharif
62588,onion,120,60,65,5.98,689.88,29.03727273,Rabi
57508,coriander,10,20,20,6.42,1299.26,26.51818182,Rabi
98102,wheat,60,30,30,6.5,140.52,12.5,Rabi
9682,rice,80,40,40,5.32,297.66,29.56666667,Kharif
79127,maize,80,40,20,5.32,87.2,23.106,Kharif
1696,ragi,50,40,20,5.54,157.31,25.83333333,Kharif
64283,barley,70,40,45,5.68,87.2,23.106,Rabi
53032,onion,120,60,65,6.1,1426.3,26.73636364,Rabi
94363,rice,80,40,40,5.56,168.257,28.22333333,Kharif
18416,banana,100,75,50,6.48,2169.32,23.73636364,Whole Year
94347,soyabean,20,60,20,5.38,1151.02,28.03333333,Kharif
33406,maize,80,40,20,5.38,790.98,30.61666667,Kharif
30965,turmeric,25,60,100,5.06,689.88,29.03727273,Kharif
14726,sweetpotato,90,20,120,4.92,1050.245,18.77818182,Kharif
83302,moong,20,40,20,5.42,510.05,33.37333333,Kharif
24387,horsegram,20,60,20,5.92,1110.78,25.66666667,Kharif
21022,maize,80,40,20,5.34,1011.49,30.43,Summer
49183,onion,120,60,65,6.12,2169.32,23.73636364,Kharif
72911,ragi,50,40,20,5.38,976.06,25.66666667,Kharif
72517,moong,20,40,20,5.64,331.88,35.34666667,Summer
73013,rice,80,40,40,5.62,122.42,18.58,Kharif
13289,maize,80,40,20,5.36,199.2125,21.3,Summer
61136,barley,70,40,45,5.52,19.38,22.766,Rabi
68761,ragi,50,40,20,5.66,884.5,27.65454545,Kharif
70694,maize,80,40,20,5.56,654.34,29.26666667,Kharif
7246,rice,80,40,40,5.34,330.0,29.33333333,Kharif
2406,turmeric,25,60,100,5.06,1050.245,18.77818182,Kharif
80498,wheat,60,30,30,6.4,199.2125,21.3,Rabi
96635,rapeseed,50,40,20,5.04,73.47,23.562,Rabi
51956,wheat,60,30,30,6.1,73.47,23.562,Rabi
51926,rapeseed,50,40,20,5.18,73.47,23.562,Rabi
32984,wheat,60,30,30,6.8,94.02,22.38,Rabi
24864,jowar,80,40,40,5.68,288.3,25.46,Rabi
88701,barley,70,40,45,5.58,1111.68,28.64818182,Rabi
96150,jowar,80,40,40,5.32,1011.49,30.43,Rabi
74833,jowar,80,40,40,5.36,607.48,26.36666667,Kharif
31865,rice,80,40,40,5.52,1712.66,11.2,Kharif
52498,rice,80,40,40,5.46,607.48,26.36666667,Kharif
35715,rapeseed,50,40,20,4.94,73.47,23.562,Rabi
15632,barley,70,40,45,5.68,19.38,22.766,Rabi
96307,rice,80,40,40,5.36,1011.49,30.43,Kharif
27455,jowar,80,40,40,5.68,157.31,25.83333333,Rabi
51092,sunflower,50,60,30,5.42,1246.715,22.6,Whole Year
86962,maize,80,40,20,5.32,1151.02,28.03333333,Summer
18233,rice,80,40,40,5.6,1543.76,27.33333333,Kharif
56729,potato,180,60,90,4.82,2169.32,23.73636364,Rabi
59298,banana,100,75,50,6.62,2817.86,27.90909091,Whole Year
8780,moong,20,40,20,5.44,411.52,34.73,Kharif
4026,jowar,80,40,40,5.54,579.75,34.01,Kharif
87783,banana,100,75,50,6.68,1603.2375,22.89090909,Whole Year
26661,potato,180,60,90,5.0,421.14,28.50727273,Rabi
95298,ragi,50,40,20,5.54,1246.715,22.6,Kharif
92763,moong,20,40,20,5.62,865.94,26.6,Kharif
39475,onion,120,60,65,6.04,34.81,34.66666667,Kharif
21006,coriander,10,20,20,6.64,1111.68,28.64818182,Rabi
95281,rice,80,40,40,5.4,157.31,25.83333333,Kharif
4417,maize,80,40,20,5.58,579.75,34.01,Summer
32468,banana,100,75,50,6.48,1026.64,29.18636364,Whole Year
59140,banana,100,75,50,6.62,1603.2375,22.89090909,Whole Year
44122,banana,100,75,50,6.54,1111.68,28.64818182,Whole Year
74809,moong,20,40,20,5.34,607.48,26.36666667,Kharif
95541,rapeseed,50,40,20,4.82,199.2125,21.3,Rabi
6312,jowar,80,40,40,5.64,331.88,35.34666667,Kharif
85255,maize,80,40,20,5.58,1110.78,25.66666667,Summer
5610,rice,80,40,40,5.6,87.2,23.106,Kharif
15720,onion,120,60,65,6.02,556.2,28.54545455,Rabi
99102,moong,20,40,20,5.46,579.75,34.01,Summer
57551,moong,20,40,20,5.64,1151.02,28.03333333,Kharif
85133,rapeseed,50,40,20,4.84,75.32,22.676,Rabi
48152,potato,180,60,90,4.82,689.88,29.03727273,Rabi
8864,rapeseed,50,40,20,5.18,19.38,22.766,Rabi
10028,ragi,50,40,20,5.46,579.75,34.01,Kharif
11209,onion,120,60,65,6.18,1037.32,28.08181818,Rabi
98509,maize,80,40,20,5.44,1220.22,27.26666667,Summer
53665,moong,20,40,20,5.52,411.52,34.73,Kharif
17385,wheat,60,30,30,7.0,75.32,22.676,Rabi
62558,turmeric,25,60,100,5.04,75.32,22.676,Kharif
71821,barley,70,40,45,5.6,87.2,23.106,Rabi
74144,garlic,50,10,60,5.42,1111.68,28.64818182,Rabi
6633,garlic,50,10,60,5.62,1603.2375,22.89090909,Rabi
97005,sweetpotato,90,20,120,5.02,423.745,22.07,Kharif
85478,sunflower,50,60,30,5.54,1166.94,28.33333333,Whole Year
82962,potato,180,60,90,4.94,167.38,23.56,Rabi
39677,rapeseed,50,40,20,5.0,152.54,22.28,Rabi
58966,sunflower,50,60,30,5.66,1246.715,22.6,Whole Year
27458,rice,80,40,40,5.32,157.31,25.83333333,Kharif
40451,jute,80,40,40,5.4,1543.76,27.33333333,Kharif
57709,rice,80,40,40,5.5,1151.02,28.03333333,Kharif
13811,wheat,60,30,30,7.0,73.47,23.562,Rabi
61310,coriander,10,20,20,6.44,556.2,28.54545455,Rabi
33723,horsegram,20,60,20,5.86,664.94,22.03333333,Kharif
73019,wheat,60,30,30,6.9,122.42,18.58,Rabi
39655,wheat,60,30,30,6.4,169.82,14.6,Rabi
98424,rapeseed,50,40,20,5.02,98.94,25.574,Rabi
6636,horsegram,20,60,20,5.92,1246.715,22.6,Rabi
95111,moong,20,40,20,5.68,1246.715,22.6,Kharif
29244,moong,20,40,20,5.64,1145.22,28.5,Kharif
2077,soyabean,20,60,20,5.54,1011.49,30.43,Kharif
35827,sweetpotato,90,20,120,4.9,1111.68,28.64818182,Kharif
53345,rapeseed,50,40,20,4.9,167.38,23.56,Rabi
48502,rice,80,40,40,5.58,152.54,22.28,Kharif
29065,coriander,10,20,20,6.46,1426.3,26.73636364,Rabi
46625,turmeric,25,60,100,5.12,884.5,27.65454545,Kharif
57507,banana,100,75,50,6.34,1299.26,26.51818182,Whole Year
6247,potato,180,60,90,4.86,810.26,29.95636364,Rabi
15578,barley,70,40,45,5.32,66.52,20.312,Rabi
92903,banana,100,75,50,6.58,1037.32,28.08181818,Whole Year
77488,rice,80,40,40,5.46,579.75,34.01,Kharif
86767,rice,80,40,40,5.6,840.46,33.58333333,Kharif
40190,onion,120,60,65,6.14,288.3,25.46,Rabi
5519,maize,80,40,20,5.46,98.98,34.92333333,Kharif
42651,jowar,80,40,40,5.44,1246.715,22.6,Kharif
5688,turmeric,25,60,100,5.04,1026.64,29.18636364,Kharif
96557,cotton,120,40,20,5.42,1011.49,30.43,Kharif
8365,rice,80,40,40,5.48,113.7,30.26666667,Kharif
70701,sunflower,50,60,30,5.58,288.3,25.46,Whole Year
48388,onion,120,60,65,5.82,1411.78,19.94545455,Kharif
66664,wheat,60,30,30,6.9,73.47,23.562,Rabi
10660,potato,180,60,90,4.84,689.88,29.03727273,Rabi
98256,rice,80,40,40,5.62,297.66,29.56666667,Kharif
71459,rice,80,40,40,5.48,87.2,23.106,Kharif
61185,rapeseed,50,40,20,5.06,19.38,22.766,Rabi
921,maize,80,40,20,5.62,87.2,23.106,Summer
35750,tomato,100,40,90,5.94,1111.68,28.64818182,Whole Year
63387,cotton,120,40,20,5.32,654.34,29.26666667,Kharif
93657,maize,80,40,20,5.66,840.46,33.58333333,Kharif
19071,potato,180,60,90,4.96,1026.64,29.18636364,Rabi
34102,rice,80,40,40,5.36,199.2125,21.3,Kharif
95789,turmeric,25,60,100,4.84,2817.86,27.90909091,Kharif
46878,onion,120,60,65,6.18,884.5,27.65454545,Kharif
85928,rice,80,40,40,5.36,1712.66,11.2,Kharif
57493,wheat,60,30,30,6.9,9.627044,16.82,Rabi
41085,barley,70,40,45,5.38,87.2,23.106,Rabi
89391,cotton,120,40,20,5.36,607.48,26.36666667,Kharif
48301,maize,80,40,20,5.4,1110.78,25.66666667,Summer
34145,cotton,120,40,20,5.6,1246.715,22.6,Kharif
10927,moong,20,40,20,5.48,152.54,22.28,Kharif
21758,maize,80,40,20,5.38,85.24316,21.482,Summer
78721,moong,20,40,20,5.6,127.68,20.8,Summer
20346,cotton,120,40,20,5.54,1246.715,22.6,Kharif
21986,horsegram,20,60,20,6.18,1145.22,28.5,Rabi
85941,rice,80,40,40,5.6,1712.66,11.2,Kharif
8748,moong,20,40,20,5.5,411.52,34.73,Summer
38831,moong,20,40,20,5.68,34.81,34.66666667,Summer
84256,moong,20,40,20,5.56,34.81,34.66666667,Summer
27401,jowar,80,40,40,5.58,199.2125,21.3,Rabi
88183,moong,20,40,20,5.38,199.2125,21.3,Summer
20899,jowar,80,40,40,5.66,1011.49,30.43,Kharif
47077,horsegram,20,60,20,6.08,98.94,25.574,Kharif
93018,potato,180,60,90,5.02,1037.32,28.08181818,Rabi
71717,coriander,10,20,20,6.46,1026.64,29.18636364,Rabi
57659,moong,20,40,20,5.4,1151.02,28.03333333,Summer
56906,sunflower,50,60,30,5.52,840.46,33.58333333,Whole Year
48321,onion,120,60,65,6.1,1411.78,19.94545455,Kharif
93450,rapeseed,50,40,20,5.0,127.68,20.8,Rabi
27449,moong,20,40,20,5.4,199.2125,21.3,Kharif
69570,rapeseed,50,40,20,5.06,75.32,22.676,Rabi
71824,sunflower,50,60,30,5.46,87.2,23.106,Whole Year
67332,maize,80,40,20,5.5,702.459,27.23333333,Summer
52944,rice,80,40,40,5.5,207.55,26.43333333,Kharif
41816,rice,80,40,40,5.42,1151.02,28.03333333,Kharif
47985,onion,120,60,65,5.92,34.81,34.66666667,Kharif
39274,onion,120,60,65,5.9,75.32,22.676,Rabi
13568,turmeric,25,60,100,4.94,2817.86,27.90909091,Kharif
92585,rice,80,40,40,5.42,1166.94,28.33333333,Kharif
82551,wheat,60,30,30,6.11,70.598,18.92,Rabi
91626,sunflower,50,60,30,5.58,34.81,34.66666667,Whole Year
3806,maize,80,40,20,5.32,579.75,34.01,Kharif
27724,potato,180,60,90,4.82,1111.68,28.64818182,Rabi
6006,maize,80,40,20,5.68,87.2,23.106,Kharif
49903,rapeseed,50,40,20,5.06,87.2,23.106,Rabi
44043,cotton,120,40,20,5.68,1011.49,30.43,Kharif
67668,moong,20,40,20,5.38,167.38,23.56,Summer
84154,rice,80,40,40,5.62,1220.22,27.26666667,Kharif
8138,soyabean,20,60,20,5.52,702.459,27.23333333,Kharif
96510,horsegram,20,60,20,5.9,1011.49,30.43,Rabi
87283,jowar,80,40,40,5.52,790.98,30.61666667,Kharif
76179,rapeseed,50,40,20,4.82,884.5,27.65454545,Rabi
88097,sunflower,50,60,30,5.56,157.31,25.83333333,Whole Year
30151,jowar,80,40,40,5.44,98.94,25.574,Kharif
12604,cotton,120,40,20,5.44,331.88,35.34666667,Kharif
99058,jowar,80,40,40,5.62,579.75,34.01,Rabi
86259,turmeric,25,60,100,5.0,2169.32,23.73636364,Kharif
91967,wheat,60,30,30,6.9,75.32,22.676,Rabi
24890,ragi,50,40,20,5.56,288.3,25.46,Kharif
44090,brinjal,80,15,40,6.44,1111.68,28.64818182,Whole Year
5612,jute,80,40,40,5.38,840.46,33.58333333,Kharif
80990,horsegram,20,60,20,6.04,1246.715,22.6,Kharif
36453,rapeseed,50,40,20,5.08,85.24316,21.482,Rabi
77018,rice,80,40,40,5.58,579.75,34.01,Kharif
7576,wheat,60,30,30,6.5,73.47,23.562,Rabi
50804,rapeseed,50,40,20,5.0,122.42,18.58,Rabi
60513,moong,20,40,20,5.46,113.7,30.26666667,Summer
66478,onion,120,60,65,5.84,1111.68,28.64818182,Kharif
46979,onion,120,60,65,5.88,884.5,27.65454545,Rabi
40923,sweetpotato,90,20,120,5.1,1026.64,29.18636364,Kharif
13175,sunflower,50,60,30,5.52,1246.715,22.6,Whole Year
5633,maize,80,40,20,5.34,87.2,23.106,Summer
99591,rapeseed,50,40,20,4.92,152.54,22.28,Rabi
15693,jowar,80,40,40,5.4,510.05,33.37333333,Kharif
89350,rice,80,40,40,5.62,607.48,26.36666667,Kharif
51916,potato,180,60,90,5.12,1111.68,28.64818182,Rabi
45948,barley,70,40,45,5.52,19.38,22.766,Rabi
82460,maize,80,40,20,5.62,235.4251,26.64666667,Kharif
42535,ragi,50,40,20,5.66,1246.715,22.6,Kharif
17203,jowar,80,40,40,5.56,579.75,34.01,Kharif
3594,maize,80,40,20,5.64,770.44,28.68,Kharif
37217,cotton,120,40,20,5.38,510.05,33.37333333,Kharif
70752,wheat,60,30,30,6.4,241.78,1.18,Rabi
11967,onion,120,60,65,6.1,1026.64,29.18636364,Kharif
58711,onion,120,60,65,6.0,199.2125,21.3,Kharif
19577,onion,120,60,65,6.12,810.26,29.95636364,Kharif
30756,potato,180,60,90,5.18,689.88,29.03727273,Rabi
45757,rice,80,40,40,5.64,162.72,29.4,Kharif
22933,rice,80,40,40,5.56,297.66,29.56666667,Kharif
4573,rice,80,40,40,5.6,579.75,34.01,Kharif
14369,soyabean,20,60,20,5.58,607.48,26.36666667,Kharif
1529,maize,80,40,20,5.68,516.68,27.86666667,Summer
67493,maize,80,40,20,5.44,235.4251,26.64666667,Kharif
48065,moong,20,40,20,5.34,579.75,34.01,Kharif
52743,blackpepper,100,60,50,4.88,1050.245,18.77818182,Whole Year
95568,onion,120,60,65,5.96,157.31,25.83333333,Kharif
49701,rapeseed,50,40,20,4.96,87.2,23.106,Rabi
25983,barley,70,40,45,5.34,87.2,23.106,Rabi
64938,wheat,60,30,30,6.9,15.34,27.276,Rabi
38651,barley,70,40,45,5.34,75.32,22.676,Rabi
53523,wheat,60,30,30,6.5,113.7,30.26666667,Rabi
34458,ragi,50,40,20,5.38,199.2125,21.3,Kharif
42698,turmeric,25,60,100,4.9,1603.2375,22.89090909,Kharif
35192,tomato,100,40,90,6.02,1111.68,28.64818182,Whole Year
80007,wheat,60,30,30,6.9,15.34,27.276,Rabi
46967,rice,80,40,40,5.68,297.66,29.56666667,Kharif
43321,cardamom,75,75,150,4.88,2817.86,27.90909091,Kharif
92383,rapeseed,50,40,20,4.84,169.82,14.6,Rabi
98918,rapeseed,50,40,20,5.04,75.32,22.676,Rabi
20284,onion,120,60,65,6.18,1603.2375,22.89090909,Kharif
80991,maize,80,40,20,5.5,1246.715,22.6,Kharif
39721,moong,20,40,20,5.38,1166.94,28.33333333,Summer
24880,moong,20,40,20,5.52,654.34,29.26666667,Summer
41263,sweetpotato,90,20,120,5.16,1026.64,29.18636364,Kharif
44351,barley,70,40,45,5.54,73.47,23.562,Rabi
8879,wheat,60,30,30,6.8,19.38,22.766,Rabi
44698,soyabean,20,60,20,5.52,607.48,26.36666667,Kharif
16841,moong,20,40,20,5.4,34.81,34.66666667,Summer
72122,soyabean,20,60,20,5.58,1151.02,28.03333333,Kharif
10113,potato,180,60,90,4.92,689.88,29.03727273,Rabi
71552,moong,20,40,20,5.52,840.46,33.58333333,Kharif
74198,barley,70,40,45,5.64,73.47,23.562,Rabi
77344,onion,120,60,65,6.04,75.32,22.676,Rabi
30220,maize,80,40,20,5.44,75.32,22.676,Summer
18502,moong,20,40,20,5.52,840.46,33.58333333,Kharif
96216,moong,20,40,20,5.56,73.47,23.562,Summer
43846,maize,80,40,20,5.58,1011.49,30.43,Kharif
38688,maize,80,40,20,5.62,579.75,34.01,Summer
20749,jowar,80,40,40,5.5,1011.49,30.43,Rabi
74803,wheat,60,30,30,6.8,70.11,25.6,Rabi
23843,rice,80,40,40,5.64,34.81,34.66666667,Kharif
87574,garlic,50,10,60,5.36,1603.2375,22.89090909,Rabi
67011,ragi,50,40,20,5.6,607.48,26.36666667,Kharif
87601,banana,100,75,50,6.56,1603.2375,22.89090909,Whole Year
11737,onion,120,60,65,5.82,1026.64,29.18636364,Kharif
46645,mango,20,20,30,5.16,884.5,27.65454545,Summer
3676,jowar,80,40,40,5.44,770.44,28.68,Kharif
44340,papaya,50,50,50,5.94,1111.68,28.64818182,Whole Year
29478,turmeric,25,60,100,5.06,556.2,28.54545455,Kharif
